╔══════════════════════════════════════════════════════╗
║  🚀 ИМПОРТ ТОВАРОВ ИЗ POIZON JSON                  ║
╚══════════════════════════════════════════════════════╝

💾 Лог сохраняется в: /Users/user/CascadeProjects/splitwise/runtime/logs/poizon-import-2025-11-09_22-38-00.log


╔══════════════════════════════════════════════════════╗
║  🚀 ИМПОРТ ТОВАРОВ ИЗ POIZON JSON                  ║
╚══════════════════════════════════════════════════════╝

📡 Загружаю JSON из: https://storage.yandexcloud.net/poizon-exports/site/d774c0c2-5bde-4f9c-9af1-4b4d0a341151/53c683be-b7bf-49c0-ad7d-c3716981b64c/export_10_11_2025__00_01_46.json
📡 Загружаю JSON из: https://storage.yandexcloud.net/poizon-exports/site/d774c0c2-5bde-4f9c-9af1-4b4d0a341151/53c683be-b7bf-49c0-ad7d-c3716981b64c/export_10_11_2025__00_01_46.json
   Проверяю доступность...
   Тип: URL
Проверка URL: https://storage.yandexcloud.net/poizon-exports/site/d774c0c2-5bde-4f9c-9af1-4b4d0a341151/53c683be-b7bf-49c0-ad7d-c3716981b64c/export_10_11_2025__00_01_46.json
   ✅ URL доступен
URL доступен: HTTP/1.1 200 OK
✅ JSON загружен (5.48 MB)
JSON загружен. Размер: 5741404 bytes
   Парсинг JSON...
✅ JSON успешно распарсен
JSON распарсен успешно
   Проверяю структуру JSON...
   📂 Категорий в JSON: 3
   🏷️  Брендов в JSON: 1
   📦 Товаров в JSON: 320
Структура JSON: categories=3, brands=1, products=320

📂 Импортирую категории...
Начинаю импорт категорий
✅ Категорий создано: 0

Категории импортированы: 0
🏷️  Импортирую бренды...
Начинаю импорт брендов
✅ Брендов создано: 1

Бренды импортированы: 1
📦 Импортирую товары... (всего: 320)
Начинаю импорт товаров. Всего: 320
⚡ Загружаю кэш брендов и категорий...
Кэш инициализирован: brands=9, categories=5
   ✅ Загружено брендов: 9, категорий: 5
   Режим: VERBOSE (детальный вывод)

  🔄 [1/320] Импортирую: Jordan Air Jordan 2011 AJ26 Year of the Rabbit (ID: 662782)...
[1/320] Импорт: Jordan Air Jordan 2011 AJ26 Year of the Rabbit (ID: 662782)
Батч-вставка размеров: 19 шт для product_id=360
Импортировано изображений вариантов: 95 для product_id=360
     ✅ Успешно (создано вариантов: 19)
     Успешно импортирован
  🔄 [2/320] Импортирую: Jordan Legacy 312 Low “Glacier Blue” (ID: 662786)...
[2/320] Импорт: Jordan Legacy 312 Low “Glacier Blue” (ID: 662786)
Батч-вставка размеров: 15 шт для product_id=361
Импортировано изображений вариантов: 75 для product_id=361
     ✅ Успешно (создано вариантов: 34)
     Успешно импортирован
  🔄 [3/320] Импортирую: Jordan Max Aura 2 (ID: 662787)...
[3/320] Импорт: Jordan Max Aura 2 (ID: 662787)
Батч-вставка размеров: 15 шт для product_id=362
Импортировано изображений вариантов: 90 для product_id=362
     ✅ Успешно (создано вариантов: 49)
     Успешно импортирован
  🔄 [4/320] Импортирую: Jordan Max Aura 2 (ID: 662788)...
[4/320] Импорт: Jordan Max Aura 2 (ID: 662788)
Батч-вставка размеров: 13 шт для product_id=363
Импортировано изображений вариантов: 78 для product_id=363
     ✅ Успешно (создано вариантов: 62)
     Успешно импортирован
  🔄 [5/320] Импортирую: Jordan Max Aura 1 (ID: 662796)...
[5/320] Импорт: Jordan Max Aura 1 (ID: 662796)
Батч-вставка размеров: 8 шт для product_id=364
Импортировано изображений вариантов: 32 для product_id=364
     ✅ Успешно (создано вариантов: 70)
     Успешно импортирован
  🔄 [6/320] Импортирую: Jordan Spizike 270 (ID: 662797)...
[6/320] Импорт: Jordan Spizike 270 (ID: 662797)
Батч-вставка размеров: 19 шт для product_id=365
Импортировано изображений вариантов: 114 для product_id=365
     ✅ Успешно (создано вариантов: 89)
     Успешно импортирован
  🔄 [7/320] Импортирую: Jordan Spizike Low (ID: 662798)...
[7/320] Импорт: Jordan Spizike Low (ID: 662798)
Батч-вставка размеров: 23 шт для product_id=366
Импортировано изображений вариантов: 115 для product_id=366
     ✅ Успешно (создано вариантов: 112)
     Успешно импортирован
  🔄 [8/320] Импортирую: Jordan Spizike Low "Lightning" (ID: 662800)...
[8/320] Импорт: Jordan Spizike Low "Lightning" (ID: 662800)
Батч-вставка размеров: 25 шт для product_id=367
Импортировано изображений вариантов: 125 для product_id=367
     ✅ Успешно (создано вариантов: 137)
     Успешно импортирован
  🔄 [9/320] Импортирую: Jordan Spizike (ID: 662801)...
[9/320] Импорт: Jordan Spizike (ID: 662801)
Батч-вставка размеров: 8 шт для product_id=368
Импортировано изображений вариантов: 40 для product_id=368
     ✅ Успешно (создано вариантов: 145)
     Успешно импортирован
  🔄 [10/320] Импортирую: Jordan Spizike Olive Canvas (ID: 662802)...
[10/320] Импорт: Jordan Spizike Olive Canvas (ID: 662802)
Батч-вставка размеров: 12 шт для product_id=369
Импортировано изображений вариантов: 60 для product_id=369
     ✅ Успешно (создано вариантов: 157)
     Успешно импортирован
  🔄 [11/320] Импортирую: Jordan Ultra Fly 2 (ID: 662825)...
[11/320] Импорт: Jordan Ultra Fly 2 (ID: 662825)
Батч-вставка размеров: 10 шт для product_id=370
Импортировано изображений вариантов: 50 для product_id=370
     ✅ Успешно (создано вариантов: 167)
     Успешно импортирован
  🔄 [12/320] Импортирую: Jordan 2 low (ID: 662827)...
[12/320] Импорт: Jordan 2 low (ID: 662827)
Батч-вставка размеров: 15 шт для product_id=371
Импортировано изображений вариантов: 60 для product_id=371
     ✅ Успешно (создано вариантов: 182)
     Успешно импортирован
  🔄 [13/320] Импортирую: Jordan Ultra Fly 3 PFX (ID: 662835)...
[13/320] Импорт: Jordan Ultra Fly 3 PFX (ID: 662835)
Батч-вставка размеров: 15 шт для product_id=372
Импортировано изображений вариантов: 60 для product_id=372
     ✅ Успешно (создано вариантов: 197)
     Успешно импортирован
  🔄 [14/320] Импортирую: Jordan Ultra Fly 2 (ID: 662836)...
[14/320] Импорт: Jordan Ultra Fly 2 (ID: 662836)
Батч-вставка размеров: 14 шт для product_id=373
Импортировано изображений вариантов: 70 для product_id=373
     ✅ Успешно (создано вариантов: 211)
     Успешно импортирован
  🔄 [15/320] Импортирую: Jordan Ultra Fly 2 X (ID: 662837)...
[15/320] Импорт: Jordan Ultra Fly 2 X (ID: 662837)
Батч-вставка размеров: 13 шт для product_id=374
Импортировано изображений вариантов: 78 для product_id=374
     ✅ Успешно (создано вариантов: 224)
     Успешно импортирован
  🔄 [16/320] Импортирую: Jordan Ultra Fly (ID: 662838)...
[16/320] Импорт: Jordan Ultra Fly (ID: 662838)
Батч-вставка размеров: 12 шт для product_id=375
Импортировано изображений вариантов: 48 для product_id=375
     ✅ Успешно (создано вариантов: 236)
     Успешно импортирован
  🔄 [17/320] Импортирую: Jordan Ultra Fly (ID: 662839)...
[17/320] Импорт: Jordan Ultra Fly (ID: 662839)
Батч-вставка размеров: 16 шт для product_id=376
Импортировано изображений вариантов: 80 для product_id=376
     ✅ Успешно (создано вариантов: 252)
     Успешно импортирован
  🔄 [18/320] Импортирую: Jordan Ultra Fly Green Abyss (ID: 662842)...
[18/320] Импорт: Jordan Ultra Fly Green Abyss (ID: 662842)
Батч-вставка размеров: 12 шт для product_id=377
Импортировано изображений вариантов: 60 для product_id=377
     ✅ Успешно (создано вариантов: 264)
     Успешно импортирован
  🔄 [19/320] Импортирую: Jordan Air Jordan 38 Low PF (ID: 662849)...
[19/320] Импорт: Jordan Air Jordan 38 Low PF (ID: 662849)
Батч-вставка размеров: 22 шт для product_id=378
Импортировано изображений вариантов: 110 для product_id=378
     ✅ Успешно (создано вариантов: 286)
     Успешно импортирован
  🔄 [20/320] Импортирую: Jordan MA2 "University Gold" (ID: 669538)...
[20/320] Импорт: Jordan MA2 "University Gold" (ID: 669538)
Батч-вставка размеров: 8 шт для product_id=379
Импортировано изображений вариантов: 48 для product_id=379
     ✅ Успешно (создано вариантов: 294)
     Успешно импортирован
  🔄 [21/320] Импортирую: Jordan One Take 2 pf 2 (ID: 700723)...
[21/320] Импорт: Jordan One Take 2 pf 2 (ID: 700723)
Батч-вставка размеров: 12 шт для product_id=380
Импортировано изображений вариантов: 72 для product_id=380
     ✅ Успешно (создано вариантов: 306)
     Успешно импортирован
  🔄 [22/320] Импортирую: Billie Eilish x Jordan Air Jordan 1 ko sp (ID: 700727)...
[22/320] Импорт: Billie Eilish x Jordan Air Jordan 1 ko sp (ID: 700727)
Батч-вставка размеров: 21 шт для product_id=381
Импортировано изображений вариантов: 126 для product_id=381
     ✅ Успешно (создано вариантов: 327)
     Успешно импортирован
  🔄 [23/320] Импортирую: Jordan Access PU (ID: 700731)...
[23/320] Импорт: Jordan Access PU (ID: 700731)
Батч-вставка размеров: 20 шт для product_id=382
Импортировано изображений вариантов: 120 для product_id=382
     ✅ Успешно (создано вариантов: 347)
     Успешно импортирован
  🔄 [24/320] Импортирую: Jordan Dub Zero (ID: 700732)...
[24/320] Импорт: Jordan Dub Zero (ID: 700732)
Батч-вставка размеров: 19 шт для product_id=383
Импортировано изображений вариантов: 95 для product_id=383
     ✅ Успешно (создано вариантов: 366)
     Успешно импортирован
  🔄 [25/320] Импортирую: Jordan Air Jordan Series (ID: 700733)...
[25/320] Импорт: Jordan Air Jordan Series (ID: 700733)
Батч-вставка размеров: 17 шт для product_id=384
Импортировано изображений вариантов: 102 для product_id=384
     ✅ Успешно (создано вариантов: 383)
     Успешно импортирован
  🔄 [26/320] Импортирую: Jordan Air Jordan 1 High React (ID: 700735)...
[26/320] Импорт: Jordan Air Jordan 1 High React (ID: 700735)
Батч-вставка размеров: 18 шт для product_id=385
Импортировано изображений вариантов: 90 для product_id=385
     ✅ Успешно (создано вариантов: 401)
     Успешно импортирован
  🔄 [27/320] Импортирую: Jordan One Take 1 pf (ID: 700741)...
[27/320] Импорт: Jordan One Take 1 pf (ID: 700741)
Батч-вставка размеров: 14 шт для product_id=386
Импортировано изображений вариантов: 84 для product_id=386
     ✅ Успешно (создано вариантов: 415)
     Успешно импортирован
  🔄 [28/320] Импортирую: Jordan Mars 270 Green Glow (ID: 700744)...
[28/320] Импорт: Jordan Mars 270 Green Glow (ID: 700744)
Батч-вставка размеров: 21 шт для product_id=387
Импортировано изображений вариантов: 105 для product_id=387
     ✅ Успешно (создано вариантов: 436)
     Успешно импортирован
  🔄 [29/320] Импортирую: Jordan MA2 "University Gold" University Gold (ID: 700752)...
[29/320] Импорт: Jordan MA2 "University Gold" University Gold (ID: 700752)
Батч-вставка размеров: 17 шт для product_id=388
Импортировано изображений вариантов: 102 для product_id=388
     ✅ Успешно (создано вариантов: 453)
     Успешно импортирован
  🔄 [30/320] Импортирую: Jordan Air Jordan 1 SE (ID: 700755)...
[30/320] Импорт: Jordan Air Jordan 1 SE (ID: 700755)
Батч-вставка размеров: 14 шт для product_id=389
Импортировано изображений вариантов: 84 для product_id=389
     ✅ Успешно (создано вариантов: 467)
     Успешно импортирован
  🔄 [31/320] Импортирую: Jordan Air Jordan Series ES (ID: 700765)...
[31/320] Импорт: Jordan Air Jordan Series ES (ID: 700765)
Батч-вставка размеров: 13 шт для product_id=390
Импортировано изображений вариантов: 65 для product_id=390
     ✅ Успешно (создано вариантов: 480)
     Успешно импортирован
  🔄 [32/320] Импортирую: Jordan Air Jordan 1 Retro High Blue Void (ID: 700766)...
[32/320] Импорт: Jordan Air Jordan 1 Retro High Blue Void (ID: 700766)
Батч-вставка размеров: 15 шт для product_id=391
Импортировано изображений вариантов: 60 для product_id=391
     ✅ Успешно (создано вариантов: 495)
     Успешно импортирован
  🔄 [33/320] Импортирую: Jordan Fadeaway (ID: 700769)...
[33/320] Импорт: Jordan Fadeaway (ID: 700769)
Батч-вставка размеров: 12 шт для product_id=392
Импортировано изображений вариантов: 72 для product_id=392
     ✅ Успешно (создано вариантов: 507)
     Успешно импортирован
  🔄 [34/320] Импортирую: Jordan Aerospace 720 (ID: 700773)...
[34/320] Импорт: Jordan Aerospace 720 (ID: 700773)
Батч-вставка размеров: 19 шт для product_id=393
Импортировано изображений вариантов: 76 для product_id=393
     ✅ Успешно (создано вариантов: 526)
     Успешно импортирован
  🔄 [35/320] Импортирую: Jordan Dub Zero (ID: 700774)...
[35/320] Импорт: Jordan Dub Zero (ID: 700774)
Батч-вставка размеров: 12 шт для product_id=394
Импортировано изображений вариантов: 72 для product_id=394
     ✅ Успешно (создано вариантов: 538)
     Успешно импортирован
  🔄 [36/320] Импортирую: Jordan AJNT 23 (ID: 700776)...
[36/320] Импорт: Jordan AJNT 23 (ID: 700776)
Батч-вставка размеров: 18 шт для product_id=395
Импортировано изображений вариантов: 108 для product_id=395
     ✅ Успешно (создано вариантов: 556)
     Успешно импортирован
  🔄 [37/320] Импортирую: Jordan Air Jordan 1 Rebel XX (ID: 700778)...
[37/320] Импорт: Jordan Air Jordan 1 Rebel XX (ID: 700778)
Батч-вставка размеров: 15 шт для product_id=396
Импортировано изображений вариантов: 90 для product_id=396
     ✅ Успешно (создано вариантов: 571)
     Успешно импортирован
  🔄 [38/320] Импортирую: Jordan Air Jordan 1 High FlyEase "Gym Red" (ID: 700780)...
[38/320] Импорт: Jordan Air Jordan 1 High FlyEase "Gym Red" (ID: 700780)
Батч-вставка размеров: 8 шт для product_id=397
Импортировано изображений вариантов: 40 для product_id=397
     ✅ Успешно (создано вариантов: 579)
     Успешно импортирован
  🔄 [39/320] Импортирую: Jordan Legacy 312 don c (ID: 700781)...
[39/320] Импорт: Jordan Legacy 312 don c (ID: 700781)
Батч-вставка размеров: 19 шт для product_id=398
Импортировано изображений вариантов: 95 для product_id=398
     ✅ Успешно (создано вариантов: 598)
     Успешно импортирован
  🔄 [40/320] Импортирую: Jordan Air Jordan OG (ID: 700783)...
[40/320] Импорт: Jordan Air Jordan OG (ID: 700783)
Батч-вставка размеров: 15 шт для product_id=399
Импортировано изображений вариантов: 90 для product_id=399
     ✅ Успешно (создано вариантов: 613)
     Успешно импортирован
  🔄 [41/320] Импортирую: Jordan Air Jordan 1 Retro High Think 16 (Pass The Torch) (ID: 700789)...
[41/320] Импорт: Jordan Air Jordan 1 Retro High Think 16 (Pass The Torch) (ID: 700789)
Батч-вставка размеров: 20 шт для product_id=400
Импортировано изображений вариантов: 100 для product_id=400
     ✅ Успешно (создано вариантов: 633)
     Успешно импортирован
  🔄 [42/320] Импортирую: Jordan Air Jordan 19 Retro Melo Flint (ID: 700790)...
[42/320] Импорт: Jordan Air Jordan 19 Retro Melo Flint (ID: 700790)
Батч-вставка размеров: 18 шт для product_id=401
Импортировано изображений вариантов: 108 для product_id=401
     ✅ Успешно (создано вариантов: 651)
     Успешно импортирован
  🔄 [43/320] Импортирую: Jordan Air Jordan 1 zoom air cmft "hare" (ID: 700791)...
[43/320] Импорт: Jordan Air Jordan 1 zoom air cmft "hare" (ID: 700791)
Батч-вставка размеров: 18 шт для product_id=402
Импортировано изображений вариантов: 108 для product_id=402
     ✅ Успешно (создано вариантов: 669)
     Успешно импортирован
  🔄 [44/320] Импортирую: Jordan Air Jordan 1 High React (ID: 700793)...
[44/320] Импорт: Jordan Air Jordan 1 High React (ID: 700793)
Батч-вставка размеров: 16 шт для product_id=403
Импортировано изображений вариантов: 96 для product_id=403
     ✅ Успешно (создано вариантов: 685)
     Успешно импортирован
  🔄 [45/320] Импортирую: Jordan Legacy 312 black suede (ID: 700796)...
[45/320] Импорт: Jordan Legacy 312 black suede (ID: 700796)
Батч-вставка размеров: 12 шт для product_id=404
Импортировано изображений вариантов: 60 для product_id=404
     ✅ Успешно (создано вариантов: 697)
     Успешно импортирован
  🔄 [46/320] Импортирую: Jordan Air Jordan 1 Retro Hi (BG) (ID: 700797)...
[46/320] Импорт: Jordan Air Jordan 1 Retro Hi (BG) (ID: 700797)
Батч-вставка размеров: 10 шт для product_id=405
Импортировано изображений вариантов: 50 для product_id=405
     ✅ Успешно (создано вариантов: 707)
     Успешно импортирован
  🔄 [47/320] Импортирую: Jordan Air Jordan 1 nova xx (ID: 700798)...
[47/320] Импорт: Jordan Air Jordan 1 nova xx (ID: 700798)
Батч-вставка размеров: 21 шт для product_id=406
Импортировано изображений вариантов: 126 для product_id=406
     ✅ Успешно (создано вариантов: 728)
     Успешно импортирован
  🔄 [48/320] Импортирую: Jordan One Take 1 Westbrook PF (ID: 700799)...
[48/320] Импорт: Jordan One Take 1 Westbrook PF (ID: 700799)
Батч-вставка размеров: 12 шт для product_id=407
Импортировано изображений вариантов: 72 для product_id=407
     ✅ Успешно (создано вариантов: 740)
     Успешно импортирован
  🔄 [49/320] Импортирую: Jordan MA2 Air Max (ID: 700800)...
[49/320] Импорт: Jordan MA2 Air Max (ID: 700800)
Батч-вставка размеров: 15 шт для product_id=408
Импортировано изображений вариантов: 90 для product_id=408
     ✅ Успешно (создано вариантов: 755)
     Успешно импортирован
  🔄 [50/320] Импортирую: Jordan Air Jordan 1 Retro High Zip White (ID: 700802)...
[50/320] Импорт: Jordan Air Jordan 1 Retro High Zip White (ID: 700802)
Батч-вставка размеров: 15 шт для product_id=409
Импортировано изображений вариантов: 90 для product_id=409
     ✅ Успешно (создано вариантов: 770)
     Успешно импортирован
  🔄 [51/320] Импортирую: Jordan Air Jordan 1 zoom air cmft "london" (ID: 700804)...
[51/320] Импорт: Jordan Air Jordan 1 zoom air cmft "london" (ID: 700804)
Батч-вставка размеров: 24 шт для product_id=410
Импортировано изображений вариантов: 144 для product_id=410
     ✅ Успешно (создано вариантов: 794)
     Успешно импортирован
  🔄 [52/320] Импортирую: Jordan Air Jordan Series ES (ID: 700807)...
[52/320] Импорт: Jordan Air Jordan Series ES (ID: 700807)
Батч-вставка размеров: 12 шт для product_id=411
Импортировано изображений вариантов: 72 для product_id=411
     ✅ Успешно (создано вариантов: 806)
     Успешно импортирован
  🔄 [53/320] Импортирую: Jordan One Take 1 westbrook (ID: 700808)...
[53/320] Импорт: Jordan One Take 1 westbrook (ID: 700808)
Батч-вставка размеров: 13 шт для product_id=412
Импортировано изображений вариантов: 78 для product_id=412
     ✅ Успешно (создано вариантов: 819)
     Успешно импортирован
  🔄 [54/320] Импортирую: Jordan Fly Unlimited PFX (ID: 700809)...
[54/320] Импорт: Jordan Fly Unlimited PFX (ID: 700809)
Батч-вставка размеров: 14 шт для product_id=413
Импортировано изображений вариантов: 56 для product_id=413
     ✅ Успешно (создано вариантов: 833)
     Успешно импортирован
  🔄 [55/320] Импортирую: Jordan Air Jordan OG (ID: 700810)...
[55/320] Импорт: Jordan Air Jordan OG (ID: 700810)
Батч-вставка размеров: 15 шт для product_id=414
Импортировано изображений вариантов: 90 для product_id=414
     ✅ Успешно (создано вариантов: 848)
     Успешно импортирован
  🔄 [56/320] Импортирую: Jordan Air Jordan Series ES (ID: 700812)...
[56/320] Импорт: Jordan Air Jordan Series ES (ID: 700812)
Батч-вставка размеров: 14 шт для product_id=415
Импортировано изображений вариантов: 84 для product_id=415
     ✅ Успешно (создано вариантов: 862)
     Успешно импортирован
  🔄 [57/320] Импортирую: Jordan Fadeaway wolf grey (ID: 700815)...
[57/320] Импорт: Jordan Fadeaway wolf grey (ID: 700815)
Батч-вставка размеров: 12 шт для product_id=416
Импортировано изображений вариантов: 72 для product_id=416
     ✅ Успешно (создано вариантов: 874)
     Успешно импортирован
  🔄 [58/320] Импортирую: Jordan True Flight (ID: 700818)...
[58/320] Импорт: Jordan True Flight (ID: 700818)
Батч-вставка размеров: 12 шт для product_id=417
Импортировано изображений вариантов: 60 для product_id=417
     ✅ Успешно (создано вариантов: 886)
     Успешно импортирован
  🔄 [59/320] Импортирую: Jordan Air Jordan Series 5 (ID: 700821)...
[59/320] Импорт: Jordan Air Jordan Series 5 (ID: 700821)
Батч-вставка размеров: 11 шт для product_id=418
Импортировано изображений вариантов: 66 для product_id=418
     ✅ Успешно (создано вариантов: 897)
     Успешно импортирован
  🔄 [60/320] Импортирую: Jordan MA2 (ID: 700823)...
[60/320] Импорт: Jordan MA2 (ID: 700823)
Батч-вставка размеров: 14 шт для product_id=419
Импортировано изображений вариантов: 84 для product_id=419
     ✅ Успешно (создано вариантов: 911)
     Успешно импортирован
  🔄 [61/320] Импортирую: Jordan Air Jordan 1 HIGH ZIP (ID: 700824)...
[61/320] Импорт: Jordan Air Jordan 1 HIGH ZIP (ID: 700824)
Батч-вставка размеров: 21 шт для product_id=420
Импортировано изображений вариантов: 126 для product_id=420
     ✅ Успешно (создано вариантов: 932)
     Успешно импортирован
  🔄 [62/320] Импортирую: Jordan Air Jordan 1 Retro High Zip Particle Beige (W) (ID: 700825)...
[62/320] Импорт: Jordan Air Jordan 1 Retro High Zip Particle Beige (W) (ID: 700825)
Батч-вставка размеров: 21 шт для product_id=421
Импортировано изображений вариантов: 126 для product_id=421
     ✅ Успешно (создано вариантов: 953)
     Успешно импортирован
  🔄 [63/320] Импортирую: COMME DES GARCONS SHIRT x Jordan Air Jordan 1 Homme Plus (ID: 700833)...
[63/320] Импорт: COMME DES GARCONS SHIRT x Jordan Air Jordan 1 Homme Plus (ID: 700833)
Батч-вставка размеров: 22 шт для product_id=422
Импортировано изображений вариантов: 88 для product_id=422
     ✅ Успешно (создано вариантов: 975)
     Успешно импортирован
  🔄 [64/320] Импортирую: Jordan Air Jordan 18 Retro Red Suede (ID: 700835)...
[64/320] Импорт: Jordan Air Jordan 18 Retro Red Suede (ID: 700835)
Батч-вставка размеров: 17 шт для product_id=423
Импортировано изображений вариантов: 85 для product_id=423
     ✅ Успешно (создано вариантов: 992)
     Успешно импортирован
  🔄 [65/320] Импортирую: Jordan Flight Origin 4 (ID: 700837)...
[65/320] Импорт: Jordan Flight Origin 4 (ID: 700837)
Батч-вставка размеров: 18 шт для product_id=424
Импортировано изображений вариантов: 108 для product_id=424
     ✅ Успешно (создано вариантов: 1010)
     Успешно импортирован
  🔄 [66/320] Импортирую: Jordan Air Jordan 1 Retro High Desert Sand (W) (ID: 700838)...
[66/320] Импорт: Jordan Air Jordan 1 Retro High Desert Sand (W) (ID: 700838)
Батч-вставка размеров: 14 шт для product_id=425
Импортировано изображений вариантов: 70 для product_id=425
     ✅ Успешно (создано вариантов: 1024)
     Успешно импортирован
  🔄 [67/320] Импортирую: Jordan Air Jordan 1 Nova XX White (ID: 700840)...
[67/320] Импорт: Jordan Air Jordan 1 Nova XX White (ID: 700840)
Батч-вставка размеров: 15 шт для product_id=426
Импортировано изображений вариантов: 75 для product_id=426
     ✅ Успешно (создано вариантов: 1039)
     Успешно импортирован
  🔄 [68/320] Импортирую: Jordan Air Jordan 1 RE HI Double STRP (ID: 700841)...
[68/320] Импорт: Jordan Air Jordan 1 RE HI Double STRP (ID: 700841)
Батч-вставка размеров: 17 шт для product_id=427
Импортировано изображений вариантов: 85 для product_id=427
     ✅ Успешно (создано вариантов: 1056)
     Успешно импортирован
  🔄 [69/320] Импортирую: Jordan Air Jordan 1 Retro HI Flyknit logo (ID: 700843)...
[69/320] Импорт: Jordan Air Jordan 1 Retro HI Flyknit logo (ID: 700843)
Батч-вставка размеров: 17 шт для product_id=428
Импортировано изображений вариантов: 102 для product_id=428
     ✅ Успешно (создано вариантов: 1073)
     Успешно импортирован
  🔄 [70/320] Импортирую: Jordan Air Jordan Series 0.05 (ID: 700845)...
[70/320] Импорт: Jordan Air Jordan Series 0.05 (ID: 700845)
Батч-вставка размеров: 12 шт для product_id=429
Импортировано изображений вариантов: 72 для product_id=429
     ✅ Успешно (создано вариантов: 1085)
     Успешно импортирован
  🔄 [71/320] Импортирую: Jordan MA2 (ID: 700852)...
[71/320] Импорт: Jordan MA2 (ID: 700852)
Батч-вставка размеров: 15 шт для product_id=430
Импортировано изображений вариантов: 90 для product_id=430
     ✅ Успешно (создано вариантов: 1100)
     Успешно импортирован
  🔄 [72/320] Импортирую: Jordan Air Jordan Series ES (ID: 700854)...
[72/320] Импорт: Jordan Air Jordan Series ES (ID: 700854)
Батч-вставка размеров: 12 шт для product_id=431
Импортировано изображений вариантов: 60 для product_id=431
     ✅ Успешно (создано вариантов: 1112)
     Успешно импортирован
  🔄 [73/320] Импортирую: Jordan Air Jordan 1 High React (ID: 700857)...
[73/320] Импорт: Jordan Air Jordan 1 High React (ID: 700857)
Батч-вставка размеров: 15 шт для product_id=432
Импортировано изображений вариантов: 75 для product_id=432
     ✅ Успешно (создано вариантов: 1127)
     Успешно импортирован
  🔄 [74/320] Импортирую: Jordan React Havoc PSG (ID: 700858)...
[74/320] Импорт: Jordan React Havoc PSG (ID: 700858)
Батч-вставка размеров: 14 шт для product_id=433
Импортировано изображений вариантов: 70 для product_id=433
     ✅ Успешно (создано вариантов: 1141)
     Успешно импортирован
  🔄 [75/320] Импортирую: Jordan Fadeaway White Concord (ID: 700861)...
[75/320] Импорт: Jordan Fadeaway White Concord (ID: 700861)
Батч-вставка размеров: 13 шт для product_id=434
Импортировано изображений вариантов: 65 для product_id=434
     ✅ Успешно (создано вариантов: 1154)
     Успешно импортирован
  🔄 [76/320] Импортирую: Jordan Air Jordan Series .03 (ID: 700862)...
[76/320] Импорт: Jordan Air Jordan Series .03 (ID: 700862)
Батч-вставка размеров: 13 шт для product_id=435
Импортировано изображений вариантов: 78 для product_id=435
     ✅ Успешно (создано вариантов: 1167)
     Успешно импортирован
  🔄 [77/320] Импортирую: Jordan Mars 270 (ID: 700864)...
[77/320] Импорт: Jordan Mars 270 (ID: 700864)
Батч-вставка размеров: 19 шт для product_id=436
Импортировано изображений вариантов: 95 для product_id=436
     ✅ Успешно (создано вариантов: 1186)
     Успешно импортирован
  🔄 [78/320] Импортирую: Jordan Air Jordan Series ES (ID: 700868)...
[78/320] Импорт: Jordan Air Jordan Series ES (ID: 700868)
Батч-вставка размеров: 12 шт для product_id=437
Импортировано изображений вариантов: 72 для product_id=437
     ✅ Успешно (создано вариантов: 1198)
     Успешно импортирован
  🔄 [79/320] Импортирую: Jordan Zoom 85 (ID: 700871)...
[79/320] Импорт: Jordan Zoom 85 (ID: 700871)
Батч-вставка размеров: 13 шт для product_id=438
Импортировано изображений вариантов: 78 для product_id=438
     ✅ Успешно (создано вариантов: 1211)
     Успешно импортирован
  🔄 [80/320] Импортирую: Jordan MA2 "Greatest Gift" (ID: 700872)...
[80/320] Импорт: Jordan MA2 "Greatest Gift" (ID: 700872)
Батч-вставка размеров: 15 шт для product_id=439
Импортировано изображений вариантов: 90 для product_id=439
     ✅ Успешно (создано вариантов: 1226)
     Успешно импортирован
  🔄 [81/320] Импортирую: Jordan Series .01 SE Velvet Midnight Navy (ID: 700873)...
[81/320] Импорт: Jordan Series .01 SE Velvet Midnight Navy (ID: 700873)
Батч-вставка размеров: 14 шт для product_id=440
Импортировано изображений вариантов: 84 для product_id=440
     ✅ Успешно (создано вариантов: 1240)
     Успешно импортирован
  🔄 [82/320] Импортирую: Jordan Lift off (ID: 700875)...
[82/320] Импорт: Jordan Lift off (ID: 700875)
Батч-вставка размеров: 12 шт для product_id=441
Импортировано изображений вариантов: 72 для product_id=441
     ✅ Успешно (создано вариантов: 1252)
     Успешно импортирован
  🔄 [83/320] Импортирую: Jordan True Flight (ID: 700877)...
[83/320] Импорт: Jordan True Flight (ID: 700877)
Батч-вставка размеров: 19 шт для product_id=442
Импортировано изображений вариантов: 95 для product_id=442
     ✅ Успешно (создано вариантов: 1271)
     Успешно импортирован
  🔄 [84/320] Импортирую: Jordan Air Jordan Series 05 Dear Future (ID: 700879)...
[84/320] Импорт: Jordan Air Jordan Series 05 Dear Future (ID: 700879)
Батч-вставка размеров: 11 шт для product_id=443
Импортировано изображений вариантов: 66 для product_id=443
     ✅ Успешно (создано вариантов: 1282)
     Успешно импортирован
  🔄 [85/320] Импортирую: Jordan Air Jordan MA2 (ID: 700884)...
[85/320] Импорт: Jordan Air Jordan MA2 (ID: 700884)
Батч-вставка размеров: 19 шт для product_id=444
Импортировано изображений вариантов: 114 для product_id=444
     ✅ Успешно (создано вариантов: 1301)
     Успешно импортирован
  🔄 [86/320] Импортирую: Jordan Zoom 92 (ID: 700886)...
[86/320] Импорт: Jordan Zoom 92 (ID: 700886)
Батч-вставка размеров: 15 шт для product_id=445
Импортировано изображений вариантов: 90 для product_id=445
     ✅ Успешно (создано вариантов: 1316)
     Успешно импортирован
  🔄 [87/320] Импортирую: Jordan MA2 TPU (ID: 700889)...
[87/320] Импорт: Jordan MA2 TPU (ID: 700889)
Батч-вставка размеров: 15 шт для product_id=446
Импортировано изображений вариантов: 90 для product_id=446
     ✅ Успешно (создано вариантов: 1331)
     Успешно импортирован
  🔄 [88/320] Импортирую: Jordan Air Jordan Series "Dear Unknown" (ID: 700892)...
[88/320] Импорт: Jordan Air Jordan Series "Dear Unknown" (ID: 700892)
Батч-вставка размеров: 13 шт для product_id=447
Импортировано изображений вариантов: 78 для product_id=447
     ✅ Успешно (создано вариантов: 1344)
     Успешно импортирован
  🔄 [89/320] Импортирую: Jordan Air Jordan Series ES (ID: 700895)...
[89/320] Импорт: Jordan Air Jordan Series ES (ID: 700895)
Батч-вставка размеров: 15 шт для product_id=448
Импортировано изображений вариантов: 90 для product_id=448
     ✅ Успешно (создано вариантов: 1359)
     Успешно импортирован
  🔄 [90/320] Импортирую: Jordan Maxin 200 (ID: 700900)...
[90/320] Импорт: Jordan Maxin 200 (ID: 700900)
Батч-вставка размеров: 19 шт для product_id=449
Импортировано изображений вариантов: 76 для product_id=449
     ✅ Успешно (создано вариантов: 1378)
     Успешно импортирован
  🔄 [91/320] Импортирую: Jordan Air Jordan 1 High Double Strap (ID: 700901)...
[91/320] Импорт: Jordan Air Jordan 1 High Double Strap (ID: 700901)
Батч-вставка размеров: 17 шт для product_id=450
Импортировано изображений вариантов: 102 для product_id=450
     ✅ Успешно (создано вариантов: 1395)
     Успешно импортирован
  🔄 [92/320] Импортирую: Jordan Trunner Ultimate Ultimate (ID: 700904)...
[92/320] Импорт: Jordan Trunner Ultimate Ultimate (ID: 700904)
Батч-вставка размеров: 11 шт для product_id=451
Импортировано изображений вариантов: 66 для product_id=451
     ✅ Успешно (создано вариантов: 1406)
     Успешно импортирован
  🔄 [93/320] Импортирую: Jordan Air Jordan 1 air cmft (ID: 700907)...
[93/320] Импорт: Jordan Air Jordan 1 air cmft (ID: 700907)
Батч-вставка размеров: 20 шт для product_id=452
Импортировано изображений вариантов: 120 для product_id=452
     ✅ Успешно (создано вариантов: 1426)
     Успешно импортирован
  🔄 [94/320] Импортирую: Jordan Air Jordan 1 Retro High Zip (ID: 700909)...
[94/320] Импорт: Jordan Air Jordan 1 Retro High Zip (ID: 700909)
Батч-вставка размеров: 15 шт для product_id=453
Импортировано изображений вариантов: 75 для product_id=453
     ✅ Успешно (создано вариантов: 1441)
     Успешно импортирован
  🔄 [95/320] Импортирую: PSG x Jordan MA2 TPU (ID: 700914)...
[95/320] Импорт: PSG x Jordan MA2 TPU (ID: 700914)
Батч-вставка размеров: 15 шт для product_id=454
Импортировано изображений вариантов: 90 для product_id=454
     ✅ Успешно (создано вариантов: 1456)
     Успешно импортирован
  🔄 [96/320] Импортирую: Jordan Future Low Red (ID: 700915)...
[96/320] Импорт: Jordan Future Low Red (ID: 700915)
Батч-вставка размеров: 14 шт для product_id=455
Импортировано изображений вариантов: 84 для product_id=455
     ✅ Успешно (создано вариантов: 1470)
     Успешно импортирован
  🔄 [97/320] Импортирую: Jordan MA2 (ID: 700916)...
[97/320] Импорт: Jordan MA2 (ID: 700916)
Батч-вставка размеров: 8 шт для product_id=456
Импортировано изображений вариантов: 48 для product_id=456
     ✅ Успешно (создано вариантов: 1478)
     Успешно импортирован
  🔄 [98/320] Импортирую: Jordan Mars 270 Low "Thunder" (ID: 700921)...
[98/320] Импорт: Jordan Mars 270 Low "Thunder" (ID: 700921)
Батч-вставка размеров: 15 шт для product_id=457
Импортировано изображений вариантов: 90 для product_id=457
     ✅ Успешно (создано вариантов: 1493)
     Успешно импортирован
  🔄 [99/320] Импортирую: Jordan Legacy 312 elephant print (ID: 700923)...
[99/320] Импорт: Jordan Legacy 312 elephant print (ID: 700923)
Батч-вставка размеров: 25 шт для product_id=458
Импортировано изображений вариантов: 150 для product_id=458
     ✅ Успешно (создано вариантов: 1518)
     Успешно импортирован
  🔄 [100/320] Импортирую: Jordan Air Jordan 1 RE HI Double STRP (ID: 700925)...
[100/320] Импорт: Jordan Air Jordan 1 RE HI Double STRP (ID: 700925)
Батч-вставка размеров: 13 шт для product_id=459
Импортировано изображений вариантов: 65 для product_id=459
     ✅ Успешно (создано вариантов: 1531)
     Успешно импортирован
  🔄 [101/320] Импортирую: Jordan Air Jordan 1 Noise Cancelling (ID: 700927)...
[101/320] Импорт: Jordan Air Jordan 1 Noise Cancelling (ID: 700927)
Батч-вставка размеров: 21 шт для product_id=460
Импортировано изображений вариантов: 105 для product_id=460
     ✅ Успешно (создано вариантов: 1552)
     Успешно импортирован
  🔄 [102/320] Импортирую: Jordan Air Jordan 1 Utility "Neutral Olive" (ID: 700929)...
[102/320] Импорт: Jordan Air Jordan 1 Utility "Neutral Olive" (ID: 700929)
Батч-вставка размеров: 21 шт для product_id=461
Импортировано изображений вариантов: 126 для product_id=461
     ✅ Успешно (создано вариантов: 1573)
     Успешно импортирован
  🔄 [103/320] Импортирую: Jordan Air Jordan 1 Nova XX PU (ID: 700935)...
[103/320] Импорт: Jordan Air Jordan 1 Nova XX PU (ID: 700935)
Батч-вставка размеров: 15 шт для product_id=462
Импортировано изображений вариантов: 90 для product_id=462
     ✅ Успешно (создано вариантов: 1588)
     Успешно импортирован
  🔄 [104/320] Импортирую: Don C x Jordan Legacy 312 (ID: 700937)...
[104/320] Импорт: Don C x Jordan Legacy 312 (ID: 700937)
Батч-вставка размеров: 22 шт для product_id=463
Импортировано изображений вариантов: 88 для product_id=463
     ✅ Успешно (создано вариантов: 1610)
     Успешно импортирован
  🔄 [105/320] Импортирую: Sneakersnstuff x Jordan Mars 270 (ID: 700940)...
[105/320] Импорт: Sneakersnstuff x Jordan Mars 270 (ID: 700940)
Батч-вставка размеров: 20 шт для product_id=464
Импортировано изображений вариантов: 80 для product_id=464
     ✅ Успешно (создано вариантов: 1630)
     Успешно импортирован
  🔄 [106/320] Импортирую: Jordan Aerospace 720 PSG (ID: 700944)...
[106/320] Импорт: Jordan Aerospace 720 PSG (ID: 700944)
Батч-вставка размеров: 19 шт для product_id=465
Импортировано изображений вариантов: 114 для product_id=465
     ✅ Успешно (создано вариантов: 1649)
     Успешно импортирован
  🔄 [107/320] Импортирую: Jordan Air Jordan 1 High Golf "Bordeaux" (ID: 700958)...
[107/320] Импорт: Jordan Air Jordan 1 High Golf "Bordeaux" (ID: 700958)
Батч-вставка размеров: 25 шт для product_id=466
Импортировано изображений вариантов: 150 для product_id=466
     ✅ Успешно (создано вариантов: 1674)
     Успешно импортирован
  🔄 [108/320] Импортирую: Jordan Air Jordan 1 high zoom air cmft "team red" (ID: 700959)...
[108/320] Импорт: Jordan Air Jordan 1 high zoom air cmft "team red" (ID: 700959)
Батч-вставка размеров: 19 шт для product_id=467
Импортировано изображений вариантов: 114 для product_id=467
     ✅ Успешно (создано вариантов: 1693)
     Успешно импортирован
  🔄 [109/320] Импортирую: Jordan Future Phantom White (ID: 700961)...
[109/320] Импорт: Jordan Future Phantom White (ID: 700961)
Батч-вставка размеров: 15 шт для product_id=468
Импортировано изображений вариантов: 75 для product_id=468
     ✅ Успешно (создано вариантов: 1708)
     Успешно импортирован
  🔄 [110/320] Импортирую: Jordan Air Jordan 1 Retro High Black Desert Sand (ID: 701020)...
[110/320] Импорт: Jordan Air Jordan 1 Retro High Black Desert Sand (ID: 701020)
Батч-вставка размеров: 13 шт для product_id=469
Импортировано изображений вариантов: 65 для product_id=469
     ✅ Успешно (создано вариантов: 1721)
     Успешно импортирован
  🔄 [111/320] Импортирую: Jordan Air Ship "Bike Air" (ID: 701025)...
[111/320] Импорт: Jordan Air Ship "Bike Air" (ID: 701025)
Батч-вставка размеров: 26 шт для product_id=470
Импортировано изображений вариантов: 156 для product_id=470
     ✅ Успешно (создано вариантов: 1747)
     Успешно импортирован
  🔄 [112/320] Импортирую: Jordan Air Jordan 1 Flyease (ID: 701028)...
[112/320] Импорт: Jordan Air Jordan 1 Flyease (ID: 701028)
Батч-вставка размеров: 19 шт для product_id=471
Импортировано изображений вариантов: 95 для product_id=471
     ✅ Успешно (создано вариантов: 1766)
     Успешно импортирован
  🔄 [113/320] Импортирую: Jordan Air Jordan 1 Unsupreme (ID: 701029)...
[113/320] Импорт: Jordan Air Jordan 1 Unsupreme (ID: 701029)
Батч-вставка размеров: 10 шт для product_id=472
Импортировано изображений вариантов: 50 для product_id=472
     ✅ Успешно (создано вариантов: 1776)
     Успешно импортирован
  🔄 [114/320] Импортирую: Jordan Westbrook 0.3 (ID: 701039)...
[114/320] Импорт: Jordan Westbrook 0.3 (ID: 701039)
Батч-вставка размеров: 13 шт для product_id=473
Импортировано изображений вариантов: 65 для product_id=473
     ✅ Успешно (создано вариантов: 1789)
     Успешно импортирован
  🔄 [115/320] Импортирую: Jordan Maxin 200 (ID: 701040)...
[115/320] Импорт: Jordan Maxin 200 (ID: 701040)
Батч-вставка размеров: 14 шт для product_id=474
Импортировано изображений вариантов: 70 для product_id=474
     ✅ Успешно (создано вариантов: 1803)
     Успешно импортирован
  🔄 [116/320] Импортирую: Jordan MA2 (ID: 701042)...
[116/320] Импорт: Jordan MA2 (ID: 701042)
Батч-вставка размеров: 8 шт для product_id=475
Импортировано изображений вариантов: 48 для product_id=475
     ✅ Успешно (создано вариантов: 1811)
     Успешно импортирован
  🔄 [117/320] Импортирую: Jordan Air Jordan 1 React Court Purple (ID: 701043)...
[117/320] Импорт: Jordan Air Jordan 1 React Court Purple (ID: 701043)
Батч-вставка размеров: 12 шт для product_id=476
Импортировано изображений вариантов: 60 для product_id=476
     ✅ Успешно (создано вариантов: 1823)
     Успешно импортирован
  🔄 [118/320] Импортирую: Lyrical Lemonade x Jordan Aerospace 720 (ID: 701048)...
[118/320] Импорт: Lyrical Lemonade x Jordan Aerospace 720 (ID: 701048)
Батч-вставка размеров: 13 шт для product_id=477
Импортировано изображений вариантов: 78 для product_id=477
     ✅ Успешно (создано вариантов: 1836)
     Успешно импортирован
  🔄 [119/320] Импортирую: Jordan React Havoc (ID: 701049)...
[119/320] Импорт: Jordan React Havoc (ID: 701049)
Батч-вставка размеров: 12 шт для product_id=478
Импортировано изображений вариантов: 60 для product_id=478
     ✅ Успешно (создано вариантов: 1848)
     Успешно импортирован
  🔄 [120/320] Импортирую: Jordan React Havoc (ID: 701053)...
[120/320] Импорт: Jordan React Havoc (ID: 701053)
Батч-вставка размеров: 15 шт для product_id=479
Импортировано изображений вариантов: 75 для product_id=479
     ✅ Успешно (создано вариантов: 1863)
     Успешно импортирован
  🔄 [121/320] Импортирую: Jordan Air Jordan 8 Retro OVO White Drake 2018 (ID: 701054)...
[121/320] Импорт: Jordan Air Jordan 8 Retro OVO White Drake 2018 (ID: 701054)
Батч-вставка размеров: 19 шт для product_id=480
Импортировано изображений вариантов: 95 для product_id=480
     ✅ Успешно (создано вариантов: 1882)
     Успешно импортирован
  🔄 [122/320] Импортирую: Jordan Future BG Black (ID: 701056)...
[122/320] Импорт: Jordan Future BG Black (ID: 701056)
Батч-вставка размеров: 8 шт для product_id=481
Импортировано изображений вариантов: 48 для product_id=481
     ✅ Успешно (создано вариантов: 1890)
     Успешно импортирован
  🔄 [123/320] Импортирую: Jordan Air Jordan 1 Explorer XX Luminous Green (ID: 701077)...
[123/320] Импорт: Jordan Air Jordan 1 Explorer XX Luminous Green (ID: 701077)
Батч-вставка размеров: 13 шт для product_id=482
Импортировано изображений вариантов: 65 для product_id=482
     ✅ Успешно (создано вариантов: 1903)
     Успешно импортирован
  🔄 [124/320] Импортирую: Jordan Zoom 85 (ID: 701078)...
[124/320] Импорт: Jordan Zoom 85 (ID: 701078)
Батч-вставка размеров: 11 шт для product_id=483
Импортировано изображений вариантов: 66 для product_id=483
     ✅ Успешно (создано вариантов: 1914)
     Успешно импортирован
  🔄 [125/320] Импортирую: Jordan MA2 (ID: 701081)...
[125/320] Импорт: Jordan MA2 (ID: 701081)
Батч-вставка размеров: 8 шт для product_id=484
Импортировано изображений вариантов: 48 для product_id=484
     ✅ Успешно (создано вариантов: 1922)
     Успешно импортирован
  🔄 [126/320] Импортирую: Jordan Future (ID: 701091)...
[126/320] Импорт: Jordan Future (ID: 701091)
Батч-вставка размеров: 15 шт для product_id=485
Импортировано изображений вариантов: 75 для product_id=485
     ✅ Успешно (создано вариантов: 1937)
     Успешно импортирован
  🔄 [127/320] Импортирую: Jordan Westbrook One Take (ID: 701092)...
[127/320] Импорт: Jordan Westbrook One Take (ID: 701092)
Батч-вставка размеров: 16 шт для product_id=486
Импортировано изображений вариантов: 96 для product_id=486
     ✅ Успешно (создано вариантов: 1953)
     Успешно импортирован
  🔄 [128/320] Импортирую: Jordan Air Jordan 1 Retro Ultra High Bred (ID: 701095)...
[128/320] Импорт: Jordan Air Jordan 1 Retro Ultra High Bred (ID: 701095)
Батч-вставка размеров: 15 шт для product_id=487
Импортировано изображений вариантов: 60 для product_id=487
     ✅ Успешно (создано вариантов: 1968)
     Успешно импортирован
  🔄 [129/320] Импортирую: Jordan Air Jordan 1 High Zoom Cmft 2 "Muslin" (ID: 701100)...
[129/320] Импорт: Jordan Air Jordan 1 High Zoom Cmft 2 "Muslin" (ID: 701100)
Батч-вставка размеров: 19 шт для product_id=488
Импортировано изображений вариантов: 114 для product_id=488
     ✅ Успешно (создано вариантов: 1987)
     Успешно импортирован
  🔄 [130/320] Импортирую: Jordan Air Jordan Series .02 "University Blue" (ID: 701106)...
[130/320] Импорт: Jordan Air Jordan Series .02 "University Blue" (ID: 701106)
Батч-вставка размеров: 13 шт для product_id=489
Импортировано изображений вариантов: 78 для product_id=489
     ✅ Успешно (создано вариантов: 2000)
     Успешно импортирован
  🔄 [131/320] Импортирую: Jordan Fly Unlimited (ID: 701107)...
[131/320] Импорт: Jordan Fly Unlimited (ID: 701107)
Батч-вставка размеров: 12 шт для product_id=490
Импортировано изображений вариантов: 72 для product_id=490
     ✅ Успешно (создано вариантов: 2012)
     Успешно импортирован
  🔄 [132/320] Импортирую: Jordan Legacy 312 Hyper Jade (ID: 701108)...
[132/320] Импорт: Jordan Legacy 312 Hyper Jade (ID: 701108)
Батч-вставка размеров: 8 шт для product_id=491
Импортировано изображений вариантов: 48 для product_id=491
     ✅ Успешно (создано вариантов: 2020)
     Успешно импортирован
  🔄 [133/320] Импортирую: Jordan Air Jordan 1 High Zip Premium (ID: 701109)...
[133/320] Импорт: Jordan Air Jordan 1 High Zip Premium (ID: 701109)
Батч-вставка размеров: 13 шт для product_id=492
Импортировано изображений вариантов: 65 для product_id=492
     ✅ Успешно (создано вариантов: 2033)
     Успешно импортирован
  🔄 [134/320] Импортирую: Jordan Air Jordan 1 Element "Black Olive" (ID: 701111)...
[134/320] Импорт: Jordan Air Jordan 1 Element "Black Olive" (ID: 701111)
Батч-вставка размеров: 21 шт для product_id=493
Импортировано изображений вариантов: 126 для product_id=493
     ✅ Успешно (создано вариантов: 2054)
     Успешно импортирован
  🔄 [135/320] Импортирую: Jordan Spizike (ID: 701112)...
[135/320] Импорт: Jordan Spizike (ID: 701112)
Батч-вставка размеров: 12 шт для product_id=494
Импортировано изображений вариантов: 60 для product_id=494
     ✅ Успешно (создано вариантов: 2066)
     Успешно импортирован
  🔄 [136/320] Импортирую: Jordan Air Jordan Series .03 "Dear '90s" (ID: 701116)...
[136/320] Импорт: Jordan Air Jordan Series .03 "Dear '90s" (ID: 701116)
Батч-вставка размеров: 20 шт для product_id=495
Импортировано изображений вариантов: 120 для product_id=495
     ✅ Успешно (создано вариантов: 2086)
     Успешно импортирован
  🔄 [137/320] Импортирую: Jordan Air Jordan 12 Retro Gym (ID: 706256)...
[137/320] Импорт: Jordan Air Jordan 12 Retro Gym (ID: 706256)
Батч-вставка размеров: 22 шт для product_id=496
Импортировано изображений вариантов: 132 для product_id=496
     ✅ Успешно (создано вариантов: 2108)
     Успешно импортирован
  🔄 [138/320] Импортирую: Jordan Air Jordan 4 Retro Thunder 2012 (ID: 706258)...
[138/320] Импорт: Jordan Air Jordan 4 Retro Thunder 2012 (ID: 706258)
Батч-вставка размеров: 16 шт для product_id=497
Импортировано изображений вариантов: 80 для product_id=497
     ✅ Успешно (создано вариантов: 2124)
     Успешно импортирован
  🔄 [139/320] Импортирую: Jordan Air Jordan 11 concord 2011 (ID: 706259)...
[139/320] Импорт: Jordan Air Jordan 11 concord 2011 (ID: 706259)
Батч-вставка размеров: 16 шт для product_id=498
Импортировано изображений вариантов: 80 для product_id=498
     ✅ Успешно (создано вариантов: 2140)
     Успешно импортирован
  🔄 [140/320] Импортирую: Jordan Air Jordan 11 Retro Low IE Obsidian (ID: 706260)...
[140/320] Импорт: Jordan Air Jordan 11 Retro Low IE Obsidian (ID: 706260)
Батч-вставка размеров: 23 шт для product_id=499
Импортировано изображений вариантов: 138 для product_id=499
     ✅ Успешно (создано вариантов: 2163)
     Успешно импортирован
  🔄 [141/320] Импортирую: Jordan Air Jordan 10 Retro Powder (ID: 706261)...
[141/320] Импорт: Jordan Air Jordan 10 Retro Powder (ID: 706261)
Батч-вставка размеров: 20 шт для product_id=500
Импортировано изображений вариантов: 100 для product_id=500
     ✅ Успешно (создано вариантов: 2183)
     Успешно импортирован
  🔄 [142/320] Импортирую: Jordan Air Jordan 2 Retro Wing It (ID: 706262)...
[142/320] Импорт: Jordan Air Jordan 2 Retro Wing It (ID: 706262)
Батч-вставка размеров: 21 шт для product_id=501
Импортировано изображений вариантов: 105 для product_id=501
     ✅ Успешно (создано вариантов: 2204)
     Успешно импортирован
  🔄 [143/320] Импортирую: Jordan Air Jordan 4 Retro "White Cement" 2012 (ID: 706263)...
[143/320] Импорт: Jordan Air Jordan 4 Retro "White Cement" 2012 (ID: 706263)
Батч-вставка размеров: 15 шт для product_id=502
Импортировано изображений вариантов: 90 для product_id=502
     ✅ Успешно (создано вариантов: 2219)
     Успешно импортирован
  🔄 [144/320] Импортирую: Jordan Air Jordan 5 Retro Low "CNY" (ID: 706267)...
[144/320] Импорт: Jordan Air Jordan 5 Retro Low "CNY" (ID: 706267)
Батч-вставка размеров: 19 шт для product_id=503
Импортировано изображений вариантов: 76 для product_id=503
     ✅ Успешно (создано вариантов: 2238)
     Успешно импортирован
  🔄 [145/320] Импортирую: Jordan Air Jordan 5 Retro Black Metallic (2016) (ID: 706268)...
[145/320] Импорт: Jordan Air Jordan 5 Retro Black Metallic (2016) (ID: 706268)
Батч-вставка размеров: 16 шт для product_id=504
Импортировано изображений вариантов: 64 для product_id=504
     ✅ Успешно (создано вариантов: 2254)
     Успешно импортирован
  🔄 [146/320] Импортирую: Jordan Air Jordan 5 Retro Poison Green (ID: 706269)...
[146/320] Импорт: Jordan Air Jordan 5 Retro Poison Green (ID: 706269)
Батч-вставка размеров: 15 шт для product_id=505
Импортировано изображений вариантов: 60 для product_id=505
     ✅ Успешно (создано вариантов: 2269)
     Успешно импортирован
  🔄 [147/320] Импортирую: Jordan Air Jordan 4 Retro Toro Bravo 2013 (ID: 706271)...
[147/320] Импорт: Jordan Air Jordan 4 Retro Toro Bravo 2013 (ID: 706271)
Батч-вставка размеров: 18 шт для product_id=506
Импортировано изображений вариантов: 90 для product_id=506
     ✅ Успешно (создано вариантов: 2287)
     Успешно импортирован
  🔄 [148/320] Импортирую: Jordan Air Jordan 6 Retro Carmine (2014) (ID: 706272)...
[148/320] Импорт: Jordan Air Jordan 6 Retro Carmine (2014) (ID: 706272)
Батч-вставка размеров: 18 шт для product_id=507
Импортировано изображений вариантов: 108 для product_id=507
     ✅ Успешно (создано вариантов: 2305)
     Успешно импортирован
  🔄 [149/320] Импортирую: Jordan Air Jordan 7 Retro Marvin The Martian (ID: 706273)...
[149/320] Импорт: Jordan Air Jordan 7 Retro Marvin The Martian (ID: 706273)
Батч-вставка размеров: 15 шт для product_id=508
Импортировано изображений вариантов: 75 для product_id=508
     ✅ Успешно (создано вариантов: 2320)
     Успешно импортирован
  🔄 [150/320] Импортирую: Jordan Air Jordan 7 Retro Pantone (ID: 706274)...
[150/320] Импорт: Jordan Air Jordan 7 Retro Pantone (ID: 706274)
Батч-вставка размеров: 15 шт для product_id=509
Импортировано изображений вариантов: 60 для product_id=509
     ✅ Успешно (создано вариантов: 2335)
     Успешно импортирован
  🔄 [151/320] Импортирую: Jordan Air Jordan 9 Retro Anthracite 2015 (ID: 706275)...
[151/320] Импорт: Jordan Air Jordan 9 Retro Anthracite 2015 (ID: 706275)
Батч-вставка размеров: 19 шт для product_id=510
Импортировано изображений вариантов: 95 для product_id=510
     ✅ Успешно (создано вариантов: 2354)
     Успешно импортирован
  🔄 [152/320] Импортирую: Jordan Air Jordan 7 Retro Pure Platinum (ID: 706276)...
[152/320] Импорт: Jordan Air Jordan 7 Retro Pure Platinum (ID: 706276)
Батч-вставка размеров: 15 шт для product_id=511
Импортировано изображений вариантов: 60 для product_id=511
     ✅ Успешно (создано вариантов: 2369)
     Успешно импортирован
  🔄 [153/320] Импортирую: Jordan Air Jordan 9 Retro Low Snakeskin (ID: 706277)...
[153/320] Импорт: Jordan Air Jordan 9 Retro Low Snakeskin (ID: 706277)
Батч-вставка размеров: 19 шт для product_id=512
Импортировано изображений вариантов: 114 для product_id=512
     ✅ Успешно (создано вариантов: 2388)
     Успешно импортирован
  🔄 [154/320] Импортирую: Jordan Air Jordan 9 Retro Statue (ID: 706278)...
[154/320] Импорт: Jordan Air Jordan 9 Retro Statue (ID: 706278)
Батч-вставка размеров: 19 шт для product_id=513
Импортировано изображений вариантов: 95 для product_id=513
     ✅ Успешно (создано вариантов: 2407)
     Успешно импортирован
  🔄 [155/320] Импортирую: Jordan Air Jordan 9 Retro Low Pantone (ID: 706279)...
[155/320] Импорт: Jordan Air Jordan 9 Retro Low Pantone (ID: 706279)
Батч-вставка размеров: 19 шт для product_id=514
Импортировано изображений вариантов: 114 для product_id=514
     ✅ Успешно (создано вариантов: 2426)
     Успешно импортирован
  🔄 [156/320] Импортирую: Jordan Air Jordan 9 Retro Barons (ID: 706280)...
[156/320] Импорт: Jordan Air Jordan 9 Retro Barons (ID: 706280)
Батч-вставка размеров: 19 шт для product_id=515
Импортировано изображений вариантов: 114 для product_id=515
     ✅ Успешно (создано вариантов: 2445)
     Успешно импортирован
  🔄 [157/320] Импортирую: Jordan Air Jordan 12 Wings (ID: 706281)...
[157/320] Импорт: Jordan Air Jordan 12 Wings (ID: 706281)
Батч-вставка размеров: 18 шт для product_id=516
Импортировано изображений вариантов: 90 для product_id=516
     ✅ Успешно (создано вариантов: 2463)
     Успешно импортирован
  🔄 [158/320] Импортирую: Jordan Air Jordan 10 Retro Drake OVO (ID: 706283)...
[158/320] Импорт: Jordan Air Jordan 10 Retro Drake OVO (ID: 706283)
Батч-вставка размеров: 14 шт для product_id=517
Импортировано изображений вариантов: 70 для product_id=517
     ✅ Успешно (создано вариантов: 2477)
     Успешно импортирован
  🔄 [159/320] Импортирую: Jordan Air Jordan 3 retro sport blue 2014 (ID: 706284)...
[159/320] Импорт: Jordan Air Jordan 3 retro sport blue 2014 (ID: 706284)
Батч-вставка размеров: 17 шт для product_id=518
Импортировано изображений вариантов: 68 для product_id=518
     ✅ Успешно (создано вариантов: 2494)
     Успешно импортирован
  🔄 [160/320] Импортирую: Jordan Air Jordan 12 Retro Low Playoffs (ID: 706285)...
[160/320] Импорт: Jordan Air Jordan 12 Retro Low Playoffs (ID: 706285)
Батч-вставка размеров: 19 шт для product_id=519
Импортировано изображений вариантов: 95 для product_id=519
     ✅ Успешно (создано вариантов: 2513)
     Успешно импортирован
  🔄 [161/320] Импортирую: Jordan Air Jordan 11 Concord (ID: 706289)...
[161/320] Импорт: Jordan Air Jordan 11 Concord (ID: 706289)
Батч-вставка размеров: 10 шт для product_id=520
Импортировано изображений вариантов: 50 для product_id=520
     ✅ Успешно (создано вариантов: 2523)
     Успешно импортирован
  🔄 [162/320] Импортирую: Jordan Air Jordan 1 Retro LA (ID: 706367)...
[162/320] Импорт: Jordan Air Jordan 1 Retro LA (ID: 706367)
Батч-вставка размеров: 12 шт для product_id=521
Импортировано изображений вариантов: 72 для product_id=521
     ✅ Успешно (создано вариантов: 2535)
     Успешно импортирован
  🔄 [163/320] Импортирую: Jordan Air Jordan 1 Retro BHM 2017 (ID: 706369)...
[163/320] Импорт: Jordan Air Jordan 1 Retro BHM 2017 (ID: 706369)
Батч-вставка размеров: 17 шт для product_id=522
Импортировано изображений вариантов: 85 для product_id=522
     ✅ Успешно (создано вариантов: 2552)
     Успешно импортирован
  🔄 [164/320] Импортирую: Jordan Air Jordan 1 RE (ID: 706470)...
[164/320] Импорт: Jordan Air Jordan 1 RE (ID: 706470)
Батч-вставка размеров: 15 шт для product_id=523
Импортировано изображений вариантов: 75 для product_id=523
     ✅ Успешно (создано вариантов: 2567)
     Успешно импортирован
  🔄 [165/320] Импортирую: Jordan Air Jordan 6 Rings (ID: 706528)...
[165/320] Импорт: Jordan Air Jordan 6 Rings (ID: 706528)
Батч-вставка размеров: 15 шт для product_id=524
Импортировано изображений вариантов: 75 для product_id=524
     ✅ Успешно (создано вариантов: 2582)
     Успешно импортирован
  🔄 [166/320] Импортирую: Jordan Air Jordan 1 Mid Black (ID: 706674)...
[166/320] Импорт: Jordan Air Jordan 1 Mid Black (ID: 706674)
Батч-вставка размеров: 19 шт для product_id=525
Импортировано изображений вариантов: 95 для product_id=525
     ✅ Успешно (создано вариантов: 2601)
     Успешно импортирован
  🔄 [167/320] Импортирую: Jordan Air Jordan 2 Retro Melo (ID: 706698)...
[167/320] Импорт: Jordan Air Jordan 2 Retro Melo (ID: 706698)
Батч-вставка размеров: 11 шт для product_id=526
Импортировано изображений вариантов: 44 для product_id=526
     ✅ Успешно (создано вариантов: 2612)
     Успешно импортирован
  🔄 [168/320] Импортирую: Jordan Air Jordan 2 Retro Silver Anniversary (ID: 706699)...
[168/320] Импорт: Jordan Air Jordan 2 Retro Silver Anniversary (ID: 706699)
Батч-вставка размеров: 11 шт для product_id=527
Импортировано изображений вариантов: 44 для product_id=527
     ✅ Успешно (создано вариантов: 2623)
     Успешно импортирован
  🔄 [169/320] Импортирую: Jordan Air Jordan 2 Retro Premio Bin 23 (ID: 706700)...
[169/320] Импорт: Jordan Air Jordan 2 Retro Premio Bin 23 (ID: 706700)
Батч-вставка размеров: 11 шт для product_id=528
Импортировано изображений вариантов: 55 для product_id=528
     ✅ Успешно (создано вариантов: 2634)
     Успешно импортирован
  🔄 [170/320] Импортирую: Jordan Air Jordan 3 Retro Silver Anniversary (ID: 706701)...
[170/320] Импорт: Jordan Air Jordan 3 Retro Silver Anniversary (ID: 706701)
Батч-вставка размеров: 12 шт для product_id=529
Импортировано изображений вариантов: 60 для product_id=529
     ✅ Успешно (создано вариантов: 2646)
     Успешно импортирован
  🔄 [171/320] Импортирую: Jordan Air Jordan 3 Retro Fear Pack (ID: 706702)...
[171/320] Импорт: Jordan Air Jordan 3 Retro Fear Pack (ID: 706702)
Батч-вставка размеров: 12 шт для product_id=530
Импортировано изображений вариантов: 60 для product_id=530
     ✅ Успешно (создано вариантов: 2658)
     Успешно импортирован
  🔄 [172/320] Импортирую: Jordan Air Jordan 7 Retro Citrus (ID: 706707)...
[172/320] Импорт: Jordan Air Jordan 7 Retro Citrus (ID: 706707)
Батч-вставка размеров: 20 шт для product_id=531
Импортировано изображений вариантов: 80 для product_id=531
     ✅ Успешно (создано вариантов: 2678)
     Успешно импортирован
  🔄 [173/320] Импортирую: Jordan Air Jordan 10 Retro Linen (ID: 706718)...
[173/320] Импорт: Jordan Air Jordan 10 Retro Linen (ID: 706718)
Батч-вставка размеров: 14 шт для product_id=532
Импортировано изображений вариантов: 70 для product_id=532
     ✅ Успешно (создано вариантов: 2692)
     Успешно импортирован
  🔄 [174/320] Импортирую: Jordan Air Jordan 7 Retro Olympic 2012 (ID: 706721)...
[174/320] Импорт: Jordan Air Jordan 7 Retro Olympic 2012 (ID: 706721)
Батч-вставка размеров: 14 шт для product_id=533
Импортировано изображений вариантов: 56 для product_id=533
     ✅ Успешно (создано вариантов: 2706)
     Успешно импортирован
  🔄 [175/320] Импортирую: Jordan Air Jordan 1 Retro Lola Bunny (ID: 706752)...
[175/320] Импорт: Jordan Air Jordan 1 Retro Lola Bunny (ID: 706752)
Батч-вставка размеров: 15 шт для product_id=534
Импортировано изображений вариантов: 75 для product_id=534
     ✅ Успешно (создано вариантов: 2721)
     Успешно импортирован
  🔄 [176/320] Импортирую: Jordan Air Jordan 3 Retro Doernbecher 2010 (ID: 706755)...
[176/320] Импорт: Jordan Air Jordan 3 Retro Doernbecher 2010 (ID: 706755)
Батч-вставка размеров: 11 шт для product_id=535
Импортировано изображений вариантов: 55 для product_id=535
     ✅ Успешно (создано вариантов: 2732)
     Успешно импортирован
  🔄 [177/320] Импортирую: Jordan Air Jordan 4 (ID: 706756)...
[177/320] Импорт: Jordan Air Jordan 4 (ID: 706756)
Батч-вставка размеров: 19 шт для product_id=536
Импортировано изображений вариантов: 95 для product_id=536
     ✅ Успешно (создано вариантов: 2751)
     Успешно импортирован
  🔄 [178/320] Импортирую: Jordan Air Jordan 4 retro doernbecher (ID: 706758)...
[178/320] Импорт: Jordan Air Jordan 4 retro doernbecher (ID: 706758)
Батч-вставка размеров: 13 шт для product_id=537
Импортировано изображений вариантов: 65 для product_id=537
     ✅ Успешно (создано вариантов: 2764)
     Успешно импортирован
  🔄 [179/320] Импортирую: Jordan Air Jordan 3 Retro Do The Right Thing (ID: 706763)...
[179/320] Импорт: Jordan Air Jordan 3 Retro Do The Right Thing (ID: 706763)
Батч-вставка размеров: 11 шт для product_id=538
Импортировано изображений вариантов: 55 для product_id=538
     ✅ Успешно (создано вариантов: 2775)
     Успешно импортирован
  🔄 [180/320] Импортирую: Jordan Air Jordan 5 Retro Laser (ID: 706764)...
[180/320] Импорт: Jordan Air Jordan 5 Retro Laser (ID: 706764)
Батч-вставка размеров: 11 шт для product_id=539
Импортировано изображений вариантов: 55 для product_id=539
     ✅ Успешно (создано вариантов: 2786)
     Успешно импортирован
  🔄 [181/320] Импортирую: Jordan Air Jordan 3 Retro White Flip (ID: 706765)...
[181/320] Импорт: Jordan Air Jordan 3 Retro White Flip (ID: 706765)
Батч-вставка размеров: 16 шт для product_id=540
Импортировано изображений вариантов: 80 для product_id=540
     ✅ Успешно (создано вариантов: 2802)
     Успешно импортирован
  🔄 [182/320] Импортирую: Jordan Air Jordan 5 retro michigan pe (ID: 706766)...
[182/320] Импорт: Jordan Air Jordan 5 retro michigan pe (ID: 706766)
Батч-вставка размеров: 11 шт для product_id=541
Импортировано изображений вариантов: 55 для product_id=541
     ✅ Успешно (создано вариантов: 2813)
     Успешно импортирован
  🔄 [183/320] Импортирую: Jordan Air Jordan 6 Retro Purple Dynasty (ID: 706767)...
[183/320] Импорт: Jordan Air Jordan 6 Retro Purple Dynasty (ID: 706767)
Батч-вставка размеров: 9 шт для product_id=542
Импортировано изображений вариантов: 45 для product_id=542
     ✅ Успешно (создано вариантов: 2822)
     Успешно импортирован
  🔄 [184/320] Импортирую: Jordan Air Jordan 5 Retro Black Grape 2013 (ID: 706768)...
[184/320] Импорт: Jordan Air Jordan 5 Retro Black Grape 2013 (ID: 706768)
Батч-вставка размеров: 15 шт для product_id=543
Импортировано изображений вариантов: 60 для product_id=543
     ✅ Успешно (создано вариантов: 2837)
     Успешно импортирован
  🔄 [185/320] Импортирую: Jordan Air Jordan 4 Retro Voltage Cherry (ID: 706769)...
[185/320] Импорт: Jordan Air Jordan 4 Retro Voltage Cherry (ID: 706769)
Батч-вставка размеров: 8 шт для product_id=544
Импортировано изображений вариантов: 40 для product_id=544
     ✅ Успешно (создано вариантов: 2845)
     Успешно импортирован
  🔄 [186/320] Импортирую: Jordan Air Jordan 7 Retro Bordeaux (2011) (ID: 706770)...
[186/320] Импорт: Jordan Air Jordan 7 Retro Bordeaux (2011) (ID: 706770)
Батч-вставка размеров: 17 шт для product_id=545
Импортировано изображений вариантов: 85 для product_id=545
     ✅ Успешно (создано вариантов: 2862)
     Успешно импортирован
  🔄 [187/320] Импортирую: Jordan Air Jordan 7 Retro Nothing But Net (ID: 706771)...
[187/320] Импорт: Jordan Air Jordan 7 Retro Nothing But Net (ID: 706771)
Батч-вставка размеров: 16 шт для product_id=546
Импортировано изображений вариантов: 80 для product_id=546
     ✅ Успешно (создано вариантов: 2878)
     Успешно импортирован
  🔄 [188/320] Импортирую: Jordan Air Jordan 7 Retro Chambray (ID: 706777)...
[188/320] Импорт: Jordan Air Jordan 7 Retro Chambray (ID: 706777)
Батч-вставка размеров: 19 шт для product_id=547
Импортировано изображений вариантов: 95 для product_id=547
     ✅ Успешно (создано вариантов: 2897)
     Успешно импортирован
  🔄 [189/320] Импортирую: Jordan Air Jordan 7 Retro Golden Moments Pack (ID: 706778)...
[189/320] Импорт: Jordan Air Jordan 7 Retro Golden Moments Pack (ID: 706778)
Батч-вставка размеров: 19 шт для product_id=548
Импортировано изображений вариантов: 95 для product_id=548
     ✅ Успешно (создано вариантов: 2916)
     Успешно импортирован
  🔄 [190/320] Импортирую: Jordan Air Jordan 9 Retro White Black Red (ID: 706779)...
[190/320] Импорт: Jordan Air Jordan 9 Retro White Black Red (ID: 706779)
Батч-вставка размеров: 14 шт для product_id=549
Импортировано изображений вариантов: 56 для product_id=549
     ✅ Успешно (создано вариантов: 2930)
     Успешно импортирован
  🔄 [191/320] Импортирую: Jordan Air Jordan 8 Retro Aqua OG 2015 (ID: 706780)...
[191/320] Импорт: Jordan Air Jordan 8 Retro Aqua OG 2015 (ID: 706780)
Батч-вставка размеров: 19 шт для product_id=550
Импортировано изображений вариантов: 95 для product_id=550
     ✅ Успешно (создано вариантов: 2949)
     Успешно импортирован
  🔄 [192/320] Импортирую: Jordan Air Jordan 10 Retro Charlotte 2016 (ID: 706781)...
[192/320] Импорт: Jordan Air Jordan 10 Retro Charlotte 2016 (ID: 706781)
Батч-вставка размеров: 14 шт для product_id=551
Импортировано изображений вариантов: 70 для product_id=551
     ✅ Успешно (создано вариантов: 2963)
     Успешно импортирован
  🔄 [193/320] Импортирую: Jordan Air Jordan 10 Retro Shanghai (ID: 706782)...
[193/320] Импорт: Jordan Air Jordan 10 Retro Shanghai (ID: 706782)
Батч-вставка размеров: 15 шт для product_id=552
Импортировано изображений вариантов: 75 для product_id=552
     ✅ Успешно (создано вариантов: 2978)
     Успешно импортирован
  🔄 [194/320] Импортирую: Jordan Air Jordan 10 Retro Ice Blue (ID: 706783)...
[194/320] Импорт: Jordan Air Jordan 10 Retro Ice Blue (ID: 706783)
Батч-вставка размеров: 13 шт для product_id=553
Импортировано изображений вариантов: 65 для product_id=553
     ✅ Успешно (создано вариантов: 2991)
     Успешно импортирован
  🔄 [195/320] Импортирую: Jordan Air Jordan 7 Retro French Blue (2002) (ID: 706785)...
[195/320] Импорт: Jordan Air Jordan 7 Retro French Blue (2002) (ID: 706785)
Батч-вставка размеров: 19 шт для product_id=554
Импортировано изображений вариантов: 95 для product_id=554
     ✅ Успешно (создано вариантов: 3010)
     Успешно импортирован
  🔄 [196/320] Импортирую: Jordan Air Jordan 5 Retro White Cement (ID: 706795)...
[196/320] Импорт: Jordan Air Jordan 5 Retro White Cement (ID: 706795)
Батч-вставка размеров: 16 шт для product_id=555
Импортировано изображений вариантов: 80 для product_id=555
     ✅ Успешно (создано вариантов: 3026)
     Успешно импортирован
  🔄 [197/320] Импортирую: Jordan Air Jordan 4 (ID: 706796)...
[197/320] Импорт: Jordan Air Jordan 4 (ID: 706796)
Батч-вставка размеров: 11 шт для product_id=556
Импортировано изображений вариантов: 55 для product_id=556
     ✅ Успешно (создано вариантов: 3037)
     Успешно импортирован
  🔄 [198/320] Импортирую: Jordan Future Concord (ID: 706813)...
[198/320] Импорт: Jordan Future Concord (ID: 706813)
Батч-вставка размеров: 15 шт для product_id=557
Импортировано изображений вариантов: 75 для product_id=557
     ✅ Успешно (создано вариантов: 3052)
     Успешно импортирован
  🔄 [199/320] Импортирую: Jordan FLTCLB '91 (ID: 706823)...
[199/320] Импорт: Jordan FLTCLB '91 (ID: 706823)
Батч-вставка размеров: 15 шт для product_id=558
Импортировано изображений вариантов: 75 для product_id=558
     ✅ Успешно (создано вариантов: 3067)
     Успешно импортирован
  🔄 [200/320] Импортирую: Jordan Air Jordan 1 Retro High (ID: 706837)...
[200/320] Импорт: Jordan Air Jordan 1 Retro High (ID: 706837)
Батч-вставка размеров: 11 шт для product_id=559
Импортировано изображений вариантов: 55 для product_id=559
     ✅ Успешно (создано вариантов: 3078)
     Успешно импортирован
  🔄 [201/320] Импортирую: Jordan Air Jordan 1 HIGH BG (ID: 706842)...
[201/320] Импорт: Jordan Air Jordan 1 HIGH BG (ID: 706842)
Батч-вставка размеров: 8 шт для product_id=560
Импортировано изображений вариантов: 40 для product_id=560
     ✅ Успешно (создано вариантов: 3086)
     Успешно импортирован
  🔄 [202/320] Импортирую: Jordan Air Jordan 1 Retro High (ID: 706861)...
[202/320] Импорт: Jordan Air Jordan 1 Retro High (ID: 706861)
Батч-вставка размеров: 9 шт для product_id=561
Импортировано изображений вариантов: 45 для product_id=561
     ✅ Успешно (создано вариантов: 3095)
     Успешно импортирован
  🔄 [203/320] Импортирую: Jordan Air Jordan 4 Retro Motorsports Alternate (ID: 706872)...
[203/320] Импорт: Jordan Air Jordan 4 Retro Motorsports Alternate (ID: 706872)
Батч-вставка размеров: 10 шт для product_id=562
Импортировано изображений вариантов: 50 для product_id=562
     ✅ Успешно (создано вариантов: 3105)
     Успешно импортирован
  🔄 [204/320] Импортирую: Jordan Air Jordan 6 Retro Olympic Flag Beijing (ID: 706873)...
[204/320] Импорт: Jordan Air Jordan 6 Retro Olympic Flag Beijing (ID: 706873)
Батч-вставка размеров: 19 шт для product_id=563
Импортировано изображений вариантов: 76 для product_id=563
     ✅ Успешно (создано вариантов: 3124)
     Успешно импортирован
  🔄 [205/320] Импортирую: Jordan Air Jordan 6 Retro Infrared White 2010 (ID: 706874)...
[205/320] Импорт: Jordan Air Jordan 6 Retro Infrared White 2010 (ID: 706874)
Батч-вставка размеров: 19 шт для product_id=564
Импортировано изображений вариантов: 76 для product_id=564
     ✅ Успешно (создано вариантов: 3143)
     Успешно импортирован
  🔄 [206/320] Импортирую: Jordan Air Jordan 6 Retro Midnight Navy (ID: 706987)...
[206/320] Импорт: Jordan Air Jordan 6 Retro Midnight Navy (ID: 706987)
Батч-вставка размеров: 19 шт для product_id=565
Импортировано изображений вариантов: 95 для product_id=565
     ✅ Успешно (создано вариантов: 3162)
     Успешно импортирован
  🔄 [207/320] Импортирую: Jordan Air Jordan 4 Retro Cal / Marquette PE (ID: 706994)...
[207/320] Импорт: Jordan Air Jordan 4 Retro Cal / Marquette PE (ID: 706994)
Батч-вставка размеров: 11 шт для product_id=566
Импортировано изображений вариантов: 55 для product_id=566
     ✅ Успешно (создано вариантов: 3173)
     Успешно импортирован
  🔄 [208/320] Импортирую: Jordan Air Jordan 4 Retro 30th Anniversary Pearl (ID: 706995)...
[208/320] Импорт: Jordan Air Jordan 4 Retro 30th Anniversary Pearl (ID: 706995)
Батч-вставка размеров: 13 шт для product_id=567
Импортировано изображений вариантов: 52 для product_id=567
     ✅ Успешно (создано вариантов: 3186)
     Успешно импортирован
  🔄 [209/320] Импортирую: Jordan Air Jordan 4 Retro Pure Money 2017 (ID: 706996)...
[209/320] Импорт: Jordan Air Jordan 4 Retro Pure Money 2017 (ID: 706996)
Батч-вставка размеров: 9 шт для product_id=568
Импортировано изображений вариантов: 45 для product_id=568
     ✅ Успешно (создано вариантов: 3195)
     Успешно импортирован
  🔄 [210/320] Импортирую: Jordan Air Jordan 4 Retro Black Cats 2006 (ID: 706997)...
[210/320] Импорт: Jordan Air Jordan 4 Retro Black Cats 2006 (ID: 706997)
Батч-вставка размеров: 11 шт для product_id=569
Импортировано изображений вариантов: 66 для product_id=569
     ✅ Успешно (создано вариантов: 3206)
     Успешно импортирован
  🔄 [211/320] Импортирую: Jordan Air Jordan 5 Retro Black Pink (ID: 706998)...
[211/320] Импорт: Jordan Air Jordan 5 Retro Black Pink (ID: 706998)
Батч-вставка размеров: 8 шт для product_id=570
Импортировано изображений вариантов: 40 для product_id=570
     ✅ Успешно (создано вариантов: 3214)
     Успешно импортирован
  🔄 [212/320] Импортирую: Jordan Air Jordan 6 Retro Black Varsity Red 2010 (ID: 706999)...
[212/320] Импорт: Jordan Air Jordan 6 Retro Black Varsity Red 2010 (ID: 706999)
Батч-вставка размеров: 16 шт для product_id=571
Импортировано изображений вариантов: 80 для product_id=571
     ✅ Успешно (создано вариантов: 3230)
     Успешно импортирован
  🔄 [213/320] Импортирую: Jordan Air Jordan 5 Retro Independence Day OG (ID: 707001)...
[213/320] Импорт: Jordan Air Jordan 5 Retro Independence Day OG (ID: 707001)
Батч-вставка размеров: 19 шт для product_id=572
Импортировано изображений вариантов: 95 для product_id=572
     ✅ Успешно (создано вариантов: 3249)
     Успешно импортирован
  🔄 [214/320] Импортирую: Jordan Max Aura 1 (ID: 707124)...
[214/320] Импорт: Jordan Max Aura 1 (ID: 707124)
Батч-вставка размеров: 14 шт для product_id=573
Импортировано изображений вариантов: 70 для product_id=573
     ✅ Успешно (создано вариантов: 3263)
     Успешно импортирован
  🔄 [215/320] Импортирую: Sneaker Politics x Jordan Air Jordan 1 Low Block Party (ID: 707233)...
[215/320] Импорт: Sneaker Politics x Jordan Air Jordan 1 Low Block Party (ID: 707233)
Батч-вставка размеров: 13 шт для product_id=574
Импортировано изображений вариантов: 65 для product_id=574
     ✅ Успешно (создано вариантов: 3276)
     Успешно импортирован
  🔄 [216/320] Импортирую: Jordan Air Jordan 4 retro ginger wheat (ID: 707288)...
[216/320] Импорт: Jordan Air Jordan 4 retro ginger wheat (ID: 707288)
Батч-вставка размеров: 19 шт для product_id=575
Импортировано изображений вариантов: 114 для product_id=575
     ✅ Успешно (создано вариантов: 3295)
     Успешно импортирован
  🔄 [217/320] Импортирую: Jordan Air Jordan 6 Retro Doernbecher (ID: 707289)...
[217/320] Импорт: Jordan Air Jordan 6 Retro Doernbecher (ID: 707289)
Батч-вставка размеров: 11 шт для product_id=576
Импортировано изображений вариантов: 55 для product_id=576
     ✅ Успешно (создано вариантов: 3306)
     Успешно импортирован
  🔄 [218/320] Импортирую: Jordan Air Jordan 22 OG Melo PE (ID: 708078)...
[218/320] Импорт: Jordan Air Jordan 22 OG Melo PE (ID: 708078)
Батч-вставка размеров: 14 шт для product_id=577
Импортировано изображений вариантов: 70 для product_id=577
     ✅ Успешно (создано вариантов: 3320)
     Успешно импортирован
  🔄 [219/320] Импортирую: Jordan Nu Retro 1 Low "Chicago" (ID: 708595)...
[219/320] Импорт: Jordan Nu Retro 1 Low "Chicago" (ID: 708595)
Батч-вставка размеров: 19 шт для product_id=578
Импортировано изображений вариантов: 114 для product_id=578
     ✅ Успешно (создано вариантов: 3339)
     Успешно импортирован
  🔄 [220/320] Импортирую: Jordan Air Jordan 1 Retro High Season Of Her Sun Blush (ID: 708643)...
[220/320] Импорт: Jordan Air Jordan 1 Retro High Season Of Her Sun Blush (ID: 708643)
Батч-вставка размеров: 15 шт для product_id=579
Импортировано изображений вариантов: 90 для product_id=579
     ✅ Успешно (создано вариантов: 3354)
     Успешно импортирован
  🔄 [221/320] Импортирую: Jordan Air Jordan 1 FlyEase "Cool Grey" (ID: 708897)...
[221/320] Импорт: Jordan Air Jordan 1 FlyEase "Cool Grey" (ID: 708897)
Батч-вставка размеров: 21 шт для product_id=580
Импортировано изображений вариантов: 126 для product_id=580
     ✅ Успешно (создано вариантов: 3375)
     Успешно импортирован
  🔄 [222/320] Импортирую: Jordan Son of Mars Fire Red (ID: 708928)...
[222/320] Импорт: Jordan Son of Mars Fire Red (ID: 708928)
Батч-вставка размеров: 15 шт для product_id=581
Импортировано изображений вариантов: 75 для product_id=581
     ✅ Успешно (создано вариантов: 3390)
     Успешно импортирован
  🔄 [223/320] Импортирую: Jordan Air Jordan 1 Low SE“Polaroid” (ID: 708968)...
[223/320] Импорт: Jordan Air Jordan 1 Low SE“Polaroid” (ID: 708968)
Батч-вставка размеров: 15 шт для product_id=582
Импортировано изображений вариантов: 90 для product_id=582
     ✅ Успешно (создано вариантов: 3405)
     Успешно импортирован
  🔄 [224/320] Импортирую: Jordan Air Jordan 1 MID (ID: 708969)...
[224/320] Импорт: Jordan Air Jordan 1 MID (ID: 708969)
Батч-вставка размеров: 26 шт для product_id=583
Импортировано изображений вариантов: 104 для product_id=583
     ✅ Успешно (создано вариантов: 3431)
     Успешно импортирован
  🔄 [225/320] Импортирую: Jordan Spizike LOW “Neutral Olive” (ID: 708976)...
[225/320] Импорт: Jordan Spizike LOW “Neutral Olive” (ID: 708976)
Батч-вставка размеров: 19 шт для product_id=584
Импортировано изображений вариантов: 114 для product_id=584
     ✅ Успешно (создано вариантов: 3450)
     Успешно импортирован
  🔄 [226/320] Импортирую: Jordan Spizike Black Varsity Red 2017 (ID: 708998)...
[226/320] Импорт: Jordan Spizike Black Varsity Red 2017 (ID: 708998)
Батч-вставка размеров: 19 шт для product_id=585
Импортировано изображений вариантов: 95 для product_id=585
     ✅ Успешно (создано вариантов: 3469)
     Успешно импортирован
  🔄 [227/320] Импортирую: Jordan Max Aura 5 (ID: 709042)...
[227/320] Импорт: Jordan Max Aura 5 (ID: 709042)
Батч-вставка размеров: 16 шт для product_id=586
Импортировано изображений вариантов: 80 для product_id=586
     ✅ Успешно (создано вариантов: 3485)
     Успешно импортирован
  🔄 [228/320] Импортирую: Jordan Air Jordan 6 Low "PSG" (ID: 709052)...
[228/320] Импорт: Jordan Air Jordan 6 Low "PSG" (ID: 709052)
Батч-вставка размеров: 18 шт для product_id=587
Импортировано изображений вариантов: 108 для product_id=587
     ✅ Успешно (создано вариантов: 3503)
     Успешно импортирован
  🔄 [229/320] Импортирую: Jordan Air Jordan 1 (ID: 709068)...
[229/320] Импорт: Jordan Air Jordan 1 (ID: 709068)
Батч-вставка размеров: 15 шт для product_id=588
Импортировано изображений вариантов: 75 для product_id=588
     ✅ Успешно (создано вариантов: 3518)
     Успешно импортирован
  🔄 [230/320] Импортирую: Jordan Air Jordan 1 Retro HOF (ID: 710040)...
[230/320] Импорт: Jordan Air Jordan 1 Retro HOF (ID: 710040)
Батч-вставка размеров: 20 шт для product_id=589
Импортировано изображений вариантов: 100 для product_id=589
     ✅ Успешно (создано вариантов: 3538)
     Успешно импортирован
  🔄 [231/320] Импортирую: Jordan Air Jordan 1.5 Retro Chicago 2015 (ID: 710044)...
[231/320] Импорт: Jordan Air Jordan 1.5 Retro Chicago 2015 (ID: 710044)
Батч-вставка размеров: 8 шт для product_id=590
Импортировано изображений вариантов: 40 для product_id=590
     ✅ Успешно (создано вариантов: 3546)
     Успешно импортирован
  🔄 [232/320] Импортирую: Jordan Air Jordan 1 Retro KO Georgetown (ID: 710045)...
[232/320] Импорт: Jordan Air Jordan 1 Retro KO Georgetown (ID: 710045)
Батч-вставка размеров: 21 шт для product_id=591
Импортировано изображений вариантов: 105 для product_id=591
     ✅ Успешно (создано вариантов: 3567)
     Успешно импортирован
  🔄 [233/320] Импортирую: Jordan Air Jordan 1 Retro Low Hare Jordan 2015 (ID: 710046)...
[233/320] Импорт: Jordan Air Jordan 1 Retro Low Hare Jordan 2015 (ID: 710046)
Батч-вставка размеров: 11 шт для product_id=592
Импортировано изображений вариантов: 66 для product_id=592
     ✅ Успешно (создано вариантов: 3578)
     Успешно импортирован
  🔄 [234/320] Импортирую: Jordan Air Jordan 2 Retro Decon Sail (ID: 710082)...
[234/320] Импорт: Jordan Air Jordan 2 Retro Decon Sail (ID: 710082)
Батч-вставка размеров: 19 шт для product_id=593
Импортировано изображений вариантов: 95 для product_id=593
     ✅ Успешно (создано вариантов: 3597)
     Успешно импортирован
  🔄 [235/320] Импортирую: Jordan Air Jordan 13 OG Playoffs 1997 (ID: 710083)...
[235/320] Импорт: Jordan Air Jordan 13 OG Playoffs 1997 (ID: 710083)
Батч-вставка размеров: 11 шт для product_id=594
Импортировано изображений вариантов: 55 для product_id=594
     ✅ Успешно (создано вариантов: 3608)
     Успешно импортирован
  🔄 [236/320] Импортирую: Jordan Dub Zero White Black Varsity Red (ID: 710098)...
[236/320] Импорт: Jordan Dub Zero White Black Varsity Red (ID: 710098)
Батч-вставка размеров: 11 шт для product_id=595
Импортировано изображений вариантов: 44 для product_id=595
     ✅ Успешно (создано вариантов: 3619)
     Успешно импортирован
  🔄 [237/320] Импортирую: Jordan Air Jordan 18 OG Black Sport Royal (ID: 710100)...
[237/320] Импорт: Jordan Air Jordan 18 OG Black Sport Royal (ID: 710100)
Батч-вставка размеров: 12 шт для product_id=596
Импортировано изображений вариантов: 60 для product_id=596
     ✅ Успешно (создано вариантов: 3631)
     Успешно импортирован
  🔄 [238/320] Импортирую: Jordan Air Jordan 1 (ID: 711911)...
[238/320] Импорт: Jordan Air Jordan 1 (ID: 711911)
Батч-вставка размеров: 26 шт для product_id=597
Импортировано изображений вариантов: 130 для product_id=597
     ✅ Успешно (создано вариантов: 3657)
     Успешно импортирован
  🔄 [239/320] Импортирую: Jordan Air Jordan 1 Low (ID: 711916)...
[239/320] Импорт: Jordan Air Jordan 1 Low (ID: 711916)
Батч-вставка размеров: 22 шт для product_id=598
Импортировано изображений вариантов: 132 для product_id=598
     ✅ Успешно (создано вариантов: 3679)
     Успешно импортирован
  🔄 [240/320] Импортирую: Trophy Room x Jordan Air Jordan 1 High Retro OG Freeze Out (ID: 711924)...
[240/320] Импорт: Trophy Room x Jordan Air Jordan 1 High Retro OG Freeze Out (ID: 711924)
Батч-вставка размеров: 18 шт для product_id=599
Импортировано изображений вариантов: 108 для product_id=599
     ✅ Успешно (создано вариантов: 3697)
     Успешно импортирован
  🔄 [241/320] Импортирую: Jordan Air Jordan 11 CMFT LOW (ID: 712579)...
[241/320] Импорт: Jordan Air Jordan 11 CMFT LOW (ID: 712579)
Батч-вставка размеров: 25 шт для product_id=600
Импортировано изображений вариантов: 100 для product_id=600
     ✅ Успешно (создано вариантов: 3722)
     Успешно импортирован
  🔄 [242/320] Импортирую: Jordan Legacy 312 low (ID: 714633)...
[242/320] Импорт: Jordan Legacy 312 low (ID: 714633)
Батч-вставка размеров: 21 шт для product_id=601
Импортировано изображений вариантов: 126 для product_id=601
     ✅ Успешно (создано вариантов: 3743)
     Успешно импортирован
  🔄 [243/320] Импортирую: Jordan Air Jordan 1 Retro High Black Snake (ID: 714634)...
[243/320] Импорт: Jordan Air Jordan 1 Retro High Black Snake (ID: 714634)
Батч-вставка размеров: 21 шт для product_id=602
Импортировано изображений вариантов: 105 для product_id=602
     ✅ Успешно (создано вариантов: 3764)
     Успешно импортирован
  🔄 [244/320] Импортирую: Jordan Air Jordan 1 high '85 "varsity red" (ID: 714636)...
[244/320] Импорт: Jordan Air Jordan 1 high '85 "varsity red" (ID: 714636)
Батч-вставка размеров: 24 шт для product_id=603
Импортировано изображений вариантов: 144 для product_id=603
     ✅ Успешно (создано вариантов: 3788)
     Успешно импортирован
  🔄 [245/320] Импортирую: Jordan Air Jordan 1 flyease "turf orange" (ID: 714670)...
[245/320] Импорт: Jordan Air Jordan 1 flyease "turf orange" (ID: 714670)
Батч-вставка размеров: 20 шт для product_id=604
Импортировано изображений вариантов: 120 для product_id=604
     ✅ Успешно (создано вариантов: 3808)
     Успешно импортирован
  🔄 [246/320] Импортирую: Jordan FLTCLB '91 (ID: 749797)...
[246/320] Импорт: Jordan FLTCLB '91 (ID: 749797)
Батч-вставка размеров: 8 шт для product_id=605
Импортировано изображений вариантов: 40 для product_id=605
     ✅ Успешно (создано вариантов: 3816)
     Успешно импортирован
  🔄 [247/320] Импортирую: Jordan Air Cadence (ID: 750747)...
[247/320] Импорт: Jordan Air Cadence (ID: 750747)
Батч-вставка размеров: 14 шт для product_id=606
Импортировано изображений вариантов: 70 для product_id=606
     ✅ Успешно (создано вариантов: 3830)
     Успешно импортирован
  🔄 [248/320] Импортирую: Jordan Air Jordan 1 Mid "Denim" (ID: 750776)...
[248/320] Импорт: Jordan Air Jordan 1 Mid "Denim" (ID: 750776)
Батч-вставка размеров: 19 шт для product_id=607
Импортировано изображений вариантов: 114 для product_id=607
     ✅ Успешно (создано вариантов: 3849)
     Успешно импортирован
  🔄 [249/320] Импортирую: Jordan Air Jordan 1 (ID: 750783)...
[249/320] Импорт: Jordan Air Jordan 1 (ID: 750783)
Батч-вставка размеров: 19 шт для product_id=608
Импортировано изображений вариантов: 114 для product_id=608
     ✅ Успешно (создано вариантов: 3868)
     Успешно импортирован
  🔄 [250/320] Импортирую: Jordan Future Air Low (ID: 750877)...
[250/320] Импорт: Jordan Future Air Low (ID: 750877)
Батч-вставка размеров: 8 шт для product_id=609
Импортировано изображений вариантов: 40 для product_id=609
     ✅ Успешно (создано вариантов: 3876)
     Успешно импортирован
  🔄 [251/320] Импортирую: Jordan Max Aura 5 (ID: 750983)...
[251/320] Импорт: Jordan Max Aura 5 (ID: 750983)
Батч-вставка размеров: 20 шт для product_id=610
Импортировано изображений вариантов: 120 для product_id=610
     ✅ Успешно (создано вариантов: 3896)
     Успешно импортирован
  🔄 [252/320] Импортирую: Jordan Pro Strong (ID: 751452)...
[252/320] Импорт: Jordan Pro Strong (ID: 751452)
Батч-вставка размеров: 15 шт для product_id=611
Импортировано изображений вариантов: 75 для product_id=611
     ✅ Успешно (создано вариантов: 3911)
     Успешно импортирован
  🔄 [253/320] Импортирую: Jordan Future Quai54 (ID: 751941)...
[253/320] Импорт: Jordan Future Quai54 (ID: 751941)
Батч-вставка размеров: 19 шт для product_id=612
Импортировано изображений вариантов: 114 для product_id=612
     ✅ Успешно (создано вариантов: 3930)
     Успешно импортирован
  🔄 [254/320] Импортирую: Jordan Future (ID: 751944)...
[254/320] Импорт: Jordan Future (ID: 751944)
Батч-вставка размеров: 9 шт для product_id=613
Импортировано изображений вариантов: 36 для product_id=613
     ✅ Успешно (создано вариантов: 3939)
     Успешно импортирован
  🔄 [255/320] Импортирую: Jordan Air Jordan 1 Rebel XX (ID: 751973)...
[255/320] Импорт: Jordan Air Jordan 1 Rebel XX (ID: 751973)
Батч-вставка размеров: 13 шт для product_id=614
Импортировано изображений вариантов: 65 для product_id=614
     ✅ Успешно (создано вариантов: 3952)
     Успешно импортирован
  🔄 [256/320] Импортирую: Jordan Fly (ID: 752006)...
[256/320] Импорт: Jordan Fly (ID: 752006)
Батч-вставка размеров: 12 шт для product_id=615
Импортировано изображений вариантов: 48 для product_id=615
     ✅ Успешно (создано вариантов: 3964)
     Успешно импортирован
  🔄 [257/320] Импортирую: Jordan Flight SC-3 (ID: 752604)...
[257/320] Импорт: Jordan Flight SC-3 (ID: 752604)
Батч-вставка размеров: 15 шт для product_id=616
Импортировано изображений вариантов: 75 для product_id=616
     ✅ Успешно (создано вариантов: 3979)
     Успешно импортирован
  🔄 [258/320] Импортирую: Jordan Series ES (ID: 752625)...
[258/320] Импорт: Jordan Series ES (ID: 752625)
Батч-вставка размеров: 18 шт для product_id=617
Импортировано изображений вариантов: 90 для product_id=617
     ✅ Успешно (создано вариантов: 3997)
     Успешно импортирован
  🔄 [259/320] Импортирую: Jordan Air Jordan 11 SE (ID: 752967)...
[259/320] Импорт: Jordan Air Jordan 11 SE (ID: 752967)
Батч-вставка размеров: 15 шт для product_id=618
Импортировано изображений вариантов: 15 для product_id=618
     ✅ Успешно (создано вариантов: 4012)
     Успешно импортирован
  🔄 [260/320] Импортирую: Jordan B'Loyal (ID: 753093)...
[260/320] Импорт: Jordan B'Loyal (ID: 753093)
Батч-вставка размеров: 13 шт для product_id=619
Импортировано изображений вариантов: 65 для product_id=619
     ✅ Успешно (создано вариантов: 4025)
     Успешно импортирован
  🔄 [261/320] Импортирую: Jordan 2x3 (ID: 753203)...
[261/320] Импорт: Jordan 2x3 (ID: 753203)
Батч-вставка размеров: 14 шт для product_id=620
Импортировано изображений вариантов: 70 для product_id=620
     ✅ Успешно (создано вариантов: 4039)
     Успешно импортирован
  🔄 [262/320] Импортирую: Travis Scott x Jordan Air Jordan 6 (ID: 753206)...
[262/320] Импорт: Travis Scott x Jordan Air Jordan 6 (ID: 753206)
Батч-вставка размеров: 17 шт для product_id=621
Импортировано изображений вариантов: 85 для product_id=621
     ✅ Успешно (создано вариантов: 4056)
     Успешно импортирован
  🔄 [263/320] Импортирую: Jordan Dub Zero Legend Blue (ID: 753244)...
[263/320] Импорт: Jordan Dub Zero Legend Blue (ID: 753244)
Батч-вставка размеров: 13 шт для product_id=622
Импортировано изображений вариантов: 78 для product_id=622
     ✅ Успешно (создано вариантов: 4069)
     Успешно импортирован
  🔄 [264/320] Импортирую: Jordan Alpha 360 TR Alpha 360 TR "UNC" TPU (ID: 753687)...
[264/320] Импорт: Jordan Alpha 360 TR Alpha 360 TR "UNC" TPU (ID: 753687)
Батч-вставка размеров: 12 шт для product_id=623
Импортировано изображений вариантов: 72 для product_id=623
     ✅ Успешно (создано вариантов: 4081)
     Успешно импортирован
  🔄 [265/320] Импортирую: Jordan One Take 2 pf 2 (ID: 753721)...
[265/320] Импорт: Jordan One Take 2 pf 2 (ID: 753721)
Батч-вставка размеров: 12 шт для product_id=624
Импортировано изображений вариантов: 72 для product_id=624
     ✅ Успешно (создано вариантов: 4093)
     Успешно импортирован
  🔄 [266/320] Импортирую: Jordan Air Jordan 21 OG (ID: 753883)...
[266/320] Импорт: Jordan Air Jordan 21 OG (ID: 753883)
Батч-вставка размеров: 12 шт для product_id=625
Импортировано изображений вариантов: 60 для product_id=625
     ✅ Успешно (создано вариантов: 4105)
     Успешно импортирован
  🔄 [267/320] Импортирую: Jordan Stay Loyal 2 (ID: 753925)...
[267/320] Импорт: Jordan Stay Loyal 2 (ID: 753925)
Батч-вставка размеров: 15 шт для product_id=626
Импортировано изображений вариантов: 90 для product_id=626
     ✅ Успешно (создано вариантов: 4120)
     Успешно импортирован
  🔄 [268/320] Импортирую: Jordan Air Jordan 1 Low (ID: 754018)...
[268/320] Импорт: Jordan Air Jordan 1 Low (ID: 754018)
Батч-вставка размеров: 19 шт для product_id=627
Импортировано изображений вариантов: 95 для product_id=627
     ✅ Успешно (создано вариантов: 4139)
     Успешно импортирован
  🔄 [269/320] Импортирую: Jordan Max Aura 1 Rivals (ID: 754143)...
[269/320] Импорт: Jordan Max Aura 1 Rivals (ID: 754143)
Батч-вставка размеров: 13 шт для product_id=628
Импортировано изображений вариантов: 78 для product_id=628
     ✅ Успешно (создано вариантов: 4152)
     Успешно импортирован
  🔄 [270/320] Импортирую: Jordan Air Jordan 17 Low (ID: 754658)...
[270/320] Импорт: Jordan Air Jordan 17 Low (ID: 754658)
Батч-вставка размеров: 22 шт для product_id=629
Импортировано изображений вариантов: 110 для product_id=629
     ✅ Успешно (создано вариантов: 4174)
     Успешно импортирован
  🔄 [271/320] Импортирую: Jordan Air Jordan 1 Zoom CMFT 2 (ID: 754693)...
[271/320] Импорт: Jordan Air Jordan 1 Zoom CMFT 2 (ID: 754693)
Батч-вставка размеров: 20 шт для product_id=630
Импортировано изображений вариантов: 120 для product_id=630
     ✅ Успешно (создано вариантов: 4194)
     Успешно импортирован
  🔄 [272/320] Импортирую: Jordan Air Jordan 1 Mid (ID: 754910)...
[272/320] Импорт: Jordan Air Jordan 1 Mid (ID: 754910)
Батч-вставка размеров: 13 шт для product_id=631
Импортировано изображений вариантов: 78 для product_id=631
     ✅ Успешно (создано вариантов: 4207)
     Успешно импортирован
  🔄 [273/320] Импортирую: Jordan Air Jordan 1 retro low ns "bordeaux" PU (ID: 754950)...
[273/320] Импорт: Jordan Air Jordan 1 retro low ns "bordeaux" PU (ID: 754950)
Батч-вставка размеров: 15 шт для product_id=632
Импортировано изображений вариантов: 90 для product_id=632
     ✅ Успешно (создано вариантов: 4222)
     Успешно импортирован
  🔄 [274/320] Импортирую: Jordan Spizike Black University Gold (ID: 754996)...
[274/320] Импорт: Jordan Spizike Black University Gold (ID: 754996)
Батч-вставка размеров: 12 шт для product_id=633
Импортировано изображений вариантов: 72 для product_id=633
     ✅ Успешно (создано вариантов: 4234)
     Успешно импортирован
  🔄 [275/320] Импортирую: Jordan Flight Club 91 Lakers (ID: 755020)...
[275/320] Импорт: Jordan Flight Club 91 Lakers (ID: 755020)
Батч-вставка размеров: 13 шт для product_id=634
Импортировано изображений вариантов: 78 для product_id=634
     ✅ Успешно (создано вариантов: 4247)
     Успешно импортирован
  🔄 [276/320] Импортирую: Jordan Delta 2 SE (ID: 755178)...
[276/320] Импорт: Jordan Delta 2 SE (ID: 755178)
Батч-вставка размеров: 16 шт для product_id=635
Импортировано изображений вариантов: 80 для product_id=635
     ✅ Успешно (создано вариантов: 4263)
     Успешно импортирован
  🔄 [277/320] Импортирую: Jordan Air Jordan 1 Retro High Premium (ID: 755187)...
[277/320] Импорт: Jordan Air Jordan 1 Retro High Premium (ID: 755187)
Батч-вставка размеров: 15 шт для product_id=636
Импортировано изображений вариантов: 75 для product_id=636
     ✅ Успешно (создано вариантов: 4278)
     Успешно импортирован
  🔄 [278/320] Импортирую: Jordan MA2 (ID: 755225)...
[278/320] Импорт: Jordan MA2 (ID: 755225)
Батч-вставка размеров: 15 шт для product_id=637
Импортировано изображений вариантов: 90 для product_id=637
     ✅ Успешно (создано вариантов: 4293)
     Успешно импортирован
  🔄 [279/320] Импортирую: Jordan Air Jordan 1 2015 (ID: 755396)...
[279/320] Импорт: Jordan Air Jordan 1 2015 (ID: 755396)
Батч-вставка размеров: 19 шт для product_id=638
Импортировано изображений вариантов: 95 для product_id=638
     ✅ Успешно (создано вариантов: 4312)
     Успешно импортирован
  🔄 [280/320] Импортирую: Jayson Tatum x Jordan Nu Retro 1 Low "U City" (ID: 755682)...
[280/320] Импорт: Jayson Tatum x Jordan Nu Retro 1 Low "U City" (ID: 755682)
Батч-вставка размеров: 19 шт для product_id=639
Импортировано изображений вариантов: 114 для product_id=639
     ✅ Успешно (создано вариантов: 4331)
     Успешно импортирован
  🔄 [281/320] Импортирую: Jordan Air Jordan 1 High (ID: 755932)...
[281/320] Импорт: Jordan Air Jordan 1 High (ID: 755932)
Батч-вставка размеров: 8 шт для product_id=640
Импортировано изображений вариантов: 32 для product_id=640
     ✅ Успешно (создано вариантов: 4339)
     Успешно импортирован
  🔄 [282/320] Импортирую: Jordan Air Jordan 7 Retro Raptors PU 2002 (ID: 756110)...
[282/320] Импорт: Jordan Air Jordan 7 Retro Raptors PU 2002 (ID: 756110)
Батч-вставка размеров: 18 шт для product_id=641
Импортировано изображений вариантов: 90 для product_id=641
     ✅ Успешно (создано вариантов: 4357)
     Успешно импортирован
  🔄 [283/320] Импортирую: Jordan Max Aura 3 (ID: 756638)...
[283/320] Импорт: Jordan Max Aura 3 (ID: 756638)
Батч-вставка размеров: 13 шт для product_id=642
Импортировано изображений вариантов: 78 для product_id=642
     ✅ Успешно (создано вариантов: 4370)
     Успешно импортирован
  🔄 [284/320] Импортирую: Jordan VIII X (ID: 756999)...
[284/320] Импорт: Jordan VIII X (ID: 756999)
Батч-вставка размеров: 12 шт для product_id=643
Импортировано изображений вариантов: 72 для product_id=643
     ✅ Успешно (создано вариантов: 4382)
     Успешно импортирован
  🔄 [285/320] Импортирую: Jordan Air Jordan 1 Mid "Bel Air" (ID: 757937)...
[285/320] Импорт: Jordan Air Jordan 1 Mid "Bel Air" (ID: 757937)
Батч-вставка размеров: 13 шт для product_id=644
Импортировано изображений вариантов: 65 для product_id=644
     ✅ Успешно (создано вариантов: 4395)
     Успешно импортирован
  🔄 [286/320] Импортирую: Jordan Air Jordan 1 Mid (ID: 758706)...
[286/320] Импорт: Jordan Air Jordan 1 Mid (ID: 758706)
Батч-вставка размеров: 17 шт для product_id=645
Импортировано изображений вариантов: 85 для product_id=645
     ✅ Успешно (создано вариантов: 4412)
     Успешно импортирован
  🔄 [287/320] Импортирую: Jordan Air Jordan 1 Retro Mid 'Dark Powder Blue' (ID: 758707)...
[287/320] Импорт: Jordan Air Jordan 1 Retro Mid 'Dark Powder Blue' (ID: 758707)
Батч-вставка размеров: 2 шт для product_id=646
Импортировано изображений вариантов: 4 для product_id=646
     ✅ Успешно (создано вариантов: 4414)
     Успешно импортирован
  🔄 [288/320] Импортирую: Jordan Air Jordan 1 Mid (ID: 758708)...
[288/320] Импорт: Jordan Air Jordan 1 Mid (ID: 758708)
Батч-вставка размеров: 19 шт для product_id=647
Импортировано изображений вариантов: 57 для product_id=647
     ✅ Успешно (создано вариантов: 4433)
     Успешно импортирован
  🔄 [289/320] Импортирую: Jordan Air Jordan 1 Low (ID: 758737)...
[289/320] Импорт: Jordan Air Jordan 1 Low (ID: 758737)
Батч-вставка размеров: 15 шт для product_id=648
Импортировано изображений вариантов: 90 для product_id=648
     ✅ Успешно (создано вариантов: 4448)
     Успешно импортирован
  🔄 [290/320] Импортирую: Jordan Air Jordan 1 (ID: 758738)...
[290/320] Импорт: Jordan Air Jordan 1 (ID: 758738)
Батч-вставка размеров: 11 шт для product_id=649
Импортировано изображений вариантов: 44 для product_id=649
     ✅ Успешно (создано вариантов: 4459)
     Успешно импортирован
  🔄 [291/320] Импортирую: Jordan Air Jordan 1 "Black White Wolf Grey Infrared 23" (ID: 758739)...
[291/320] Импорт: Jordan Air Jordan 1 "Black White Wolf Grey Infrared 23" (ID: 758739)
Батч-вставка размеров: 13 шт для product_id=650
Импортировано изображений вариантов: 65 для product_id=650
     ✅ Успешно (создано вариантов: 4472)
     Успешно импортирован
  🔄 [292/320] Импортирую: Jordan Air Jordan 1 Low (ID: 758740)...
[292/320] Импорт: Jordan Air Jordan 1 Low (ID: 758740)
Батч-вставка размеров: 22 шт для product_id=651
Импортировано изображений вариантов: 110 для product_id=651
     ✅ Успешно (создано вариантов: 4494)
     Успешно импортирован
  🔄 [293/320] Импортирую: Jordan Air Jordan 1 Retro Low Black Gym (ID: 758742)...
[293/320] Импорт: Jordan Air Jordan 1 Retro Low Black Gym (ID: 758742)
Батч-вставка размеров: 12 шт для product_id=652
Импортировано изображений вариантов: 72 для product_id=652
     ✅ Успешно (создано вариантов: 4506)
     Успешно импортирован
  🔄 [294/320] Импортирую: Jordan Air Jordan 1 (ID: 758743)...
[294/320] Импорт: Jordan Air Jordan 1 (ID: 758743)
Батч-вставка размеров: 7 шт для product_id=653
Импортировано изображений вариантов: 28 для product_id=653
     ✅ Успешно (создано вариантов: 4513)
     Успешно импортирован
  🔄 [295/320] Импортирую: Jordan Air Jordan 1 low "hyper turquoise" (ID: 758744)...
[295/320] Импорт: Jordan Air Jordan 1 low "hyper turquoise" (ID: 758744)
Батч-вставка размеров: 12 шт для product_id=654
Импортировано изображений вариантов: 60 для product_id=654
     ✅ Успешно (создано вариантов: 4525)
     Успешно импортирован
  🔄 [296/320] Импортирую: Jordan Air Jordan 1 Low (ID: 758745)...
[296/320] Импорт: Jordan Air Jordan 1 Low (ID: 758745)
Батч-вставка размеров: 12 шт для product_id=655
Импортировано изображений вариантов: 60 для product_id=655
     ✅ Успешно (создано вариантов: 4537)
     Успешно импортирован
  🔄 [297/320] Импортирую: Jordan Air Jordan 1 Low (ID: 758746)...
[297/320] Импорт: Jordan Air Jordan 1 Low (ID: 758746)
Батч-вставка размеров: 13 шт для product_id=656
Импортировано изображений вариантов: 78 для product_id=656
     ✅ Успешно (создано вариантов: 4550)
     Успешно импортирован
  🔄 [298/320] Импортирую: Jordan Air Jordan 1 (ID: 758747)...
[298/320] Импорт: Jordan Air Jordan 1 (ID: 758747)
Батч-вставка размеров: 28 шт для product_id=657
Импортировано изображений вариантов: 140 для product_id=657
     ✅ Успешно (создано вариантов: 4578)
     Успешно импортирован
  🔄 [299/320] Импортирую: Jordan Air Jordan 1 (ID: 758749)...
[299/320] Импорт: Jordan Air Jordan 1 (ID: 758749)
Батч-вставка размеров: 23 шт для product_id=658
Импортировано изображений вариантов: 115 для product_id=658
     ✅ Успешно (создано вариантов: 4601)
     Успешно импортирован
  🔄 [300/320] Импортирую: Jordan Air Jordan 1 Barons (ID: 758750)...
[300/320] Импорт: Jordan Air Jordan 1 Barons (ID: 758750)
Батч-вставка размеров: 24 шт для product_id=659
Импортировано изображений вариантов: 120 для product_id=659
     ✅ Успешно (создано вариантов: 4625)
     Успешно импортирован
  🔄 [301/320] Импортирую: Jordan Air Jordan 1 (ID: 758751)...
[301/320] Импорт: Jordan Air Jordan 1 (ID: 758751)
Батч-вставка размеров: 28 шт для product_id=660
Импортировано изображений вариантов: 168 для product_id=660
     ✅ Успешно (создано вариантов: 4653)
     Успешно импортирован
  🔄 [302/320] Импортирую: Jordan Air Jordan 1 (ID: 758752)...
[302/320] Импорт: Jordan Air Jordan 1 (ID: 758752)
Батч-вставка размеров: 18 шт для product_id=661
Импортировано изображений вариантов: 90 для product_id=661
     ✅ Успешно (создано вариантов: 4671)
     Успешно импортирован
  🔄 [303/320] Импортирую: Travis Scott x Jordan Air Jordan 1 (ID: 758775)...
[303/320] Импорт: Travis Scott x Jordan Air Jordan 1 (ID: 758775)
Батч-вставка размеров: 19 шт для product_id=662
Импортировано изображений вариантов: 57 для product_id=662
     ✅ Успешно (создано вариантов: 4690)
     Успешно импортирован
  🔄 [304/320] Импортирую: Jordan MVP "UNC" (ID: 758802)...
[304/320] Импорт: Jordan MVP "UNC" (ID: 758802)
Батч-вставка размеров: 14 шт для product_id=663
Импортировано изображений вариантов: 84 для product_id=663
     ✅ Успешно (создано вариантов: 4704)
     Успешно импортирован
  🔄 [305/320] Импортирую: Jordan Air Jordan 1 low (ID: 758804)...
[305/320] Импорт: Jordan Air Jordan 1 low (ID: 758804)
Батч-вставка размеров: 17 шт для product_id=664
Импортировано изображений вариантов: 102 для product_id=664
     ✅ Успешно (создано вариантов: 4721)
     Успешно импортирован
  🔄 [306/320] Импортирую: Jordan Air Jordan 1 Low “Ghost” (ID: 758805)...
[306/320] Импорт: Jordan Air Jordan 1 Low “Ghost” (ID: 758805)
Батч-вставка размеров: 28 шт для product_id=665
Импортировано изображений вариантов: 168 для product_id=665
     ✅ Успешно (создано вариантов: 4749)
     Успешно импортирован
  🔄 [307/320] Импортирую: Jordan Air Jordan 1 low (ID: 758806)...
[307/320] Импорт: Jordan Air Jordan 1 low (ID: 758806)
Батч-вставка размеров: 18 шт для product_id=666
Импортировано изображений вариантов: 108 для product_id=666
     ✅ Успешно (создано вариантов: 4767)
     Успешно импортирован
  🔄 [308/320] Импортирую: Jordan Air Jordan 1 low "psychic purple" (ID: 758807)...
[308/320] Импорт: Jordan Air Jordan 1 low "psychic purple" (ID: 758807)
Батч-вставка размеров: 15 шт для product_id=667
Импортировано изображений вариантов: 90 для product_id=667
     ✅ Успешно (создано вариантов: 4782)
     Успешно импортирован
  🔄 [309/320] Импортирую: Jordan Flight 9.5 (ID: 758813)...
[309/320] Импорт: Jordan Flight 9.5 (ID: 758813)
Батч-вставка размеров: 22 шт для product_id=668
Импортировано изображений вариантов: 132 для product_id=668
     ✅ Успешно (создано вариантов: 4804)
     Успешно импортирован
  🔄 [310/320] Импортирую: Jordan Air Jordan 1 low flyease "bio hack" (ID: 758817)...
[310/320] Импорт: Jordan Air Jordan 1 low flyease "bio hack" (ID: 758817)
Батч-вставка размеров: 13 шт для product_id=669
Импортировано изображений вариантов: 78 для product_id=669
     ✅ Успешно (создано вариантов: 4817)
     Успешно импортирован
  🔄 [311/320] Импортирую: Jordan Air Jordan 1 Retro 94 (ID: 758827)...
[311/320] Импорт: Jordan Air Jordan 1 Retro 94 (ID: 758827)
Батч-вставка размеров: 14 шт для product_id=670
Импортировано изображений вариантов: 70 для product_id=670
     ✅ Успешно (создано вариантов: 4831)
     Успешно импортирован
  🔄 [312/320] Импортирую: Jordan Air Jordan 1 Mid "Black Snakeskin" (ID: 758828)...
[312/320] Импорт: Jordan Air Jordan 1 Mid "Black Snakeskin" (ID: 758828)
Батч-вставка размеров: 15 шт для product_id=671
Импортировано изображений вариантов: 60 для product_id=671
     ✅ Успешно (создано вариантов: 4846)
     Успешно импортирован
  🔄 [313/320] Импортирую: Jordan Air Jordan 1 (ID: 758831)...
[313/320] Импорт: Jordan Air Jordan 1 (ID: 758831)
Батч-вставка размеров: 28 шт для product_id=672
Импортировано изображений вариантов: 140 для product_id=672
     ✅ Успешно (создано вариантов: 4874)
     Успешно импортирован
  🔄 [314/320] Импортирую: Jordan Air Jordan 1 Mid WMNS Football (ID: 758836)...
[314/320] Импорт: Jordan Air Jordan 1 Mid WMNS Football (ID: 758836)
Батч-вставка размеров: 18 шт для product_id=673
Импортировано изображений вариантов: 108 для product_id=673
     ✅ Успешно (создано вариантов: 4892)
     Успешно импортирован
  🔄 [315/320] Импортирую: Quai54 x Jordan FLIGHT COURT (ID: 758870)...
[315/320] Импорт: Quai54 x Jordan FLIGHT COURT (ID: 758870)
Батч-вставка размеров: 30 шт для product_id=674
Импортировано изображений вариантов: 150 для product_id=674
     ✅ Успешно (создано вариантов: 4922)
     Успешно импортирован
  🔄 [316/320] Импортирую: Jordan Son of Mars Mars Low (ID: 759075)...
[316/320] Импорт: Jordan Son of Mars Mars Low (ID: 759075)
Батч-вставка размеров: 15 шт для product_id=675
Импортировано изображений вариантов: 75 для product_id=675
     ✅ Успешно (создано вариантов: 4937)
     Успешно импортирован
  🔄 [317/320] Импортирую: HTM x Jordan Trunner NXT React NXT React (ID: 759445)...
[317/320] Импорт: HTM x Jordan Trunner NXT React NXT React (ID: 759445)
Батч-вставка размеров: 14 шт для product_id=676
Импортировано изображений вариантов: 84 для product_id=676
     ✅ Успешно (создано вариантов: 4951)
     Успешно импортирован
  🔄 [318/320] Импортирую: Jordan Rising High (ID: 759665)...
[318/320] Импорт: Jordan Rising High (ID: 759665)
Батч-вставка размеров: 12 шт для product_id=677
Импортировано изображений вариантов: 60 для product_id=677
     ✅ Успешно (создано вариантов: 4963)
     Успешно импортирован
  🔄 [319/320] Импортирую: Jordan Air Jordan 4 NET “Rattan” (ID: 759742)...
[319/320] Импорт: Jordan Air Jordan 4 NET “Rattan” (ID: 759742)
Батч-вставка размеров: 15 шт для product_id=678
Импортировано изображений вариантов: 45 для product_id=678
     ✅ Успешно (создано вариантов: 4978)
     Успешно импортирован
  🔄 [320/320] Импортирую: HTM x Jordan Trunner NXT React NXT React (ID: 759942)...
[320/320] Импорт: HTM x Jordan Trunner NXT React NXT React (ID: 759942)
Батч-вставка размеров: 14 шт для product_id=679
Импортировано изображений вариантов: 84 для product_id=679
     ✅ Успешно (создано вариантов: 4992)
     Успешно импортирован

╔══════════════════════════════════════════════════════╗
║  📊 СТАТИСТИКА ИМПОРТА                              ║
╚══════════════════════════════════════════════════════╝

✅ Категорий создано:        0
✅ Брендов создано:          1
✅ Товаров создано:          320
✅ Товаров обновлено:        0
✅ Вариантов создано:        4992
✅ Изображений создано:      1681

🎉 Импорт завершен!
Лог сохранен: /Users/user/CascadeProjects/splitwise/runtime/logs/poizon-import-2025-11-09_22-38-00.log

🎉 Импорт завершен!
📊 Дашборд: /admin/poizon-import
🔍 Просмотр батча: /admin/poizon-view?id=12

