[2025-11-08 18:42:14] ╔══════════════════════════════════════════════════════╗
[2025-11-08 18:42:14] ║  🚀 ИМПОРТ ТОВАРОВ ИЗ POIZON JSON                  ║
[2025-11-08 18:42:14] ╚══════════════════════════════════════════════════════╝
[2025-11-08 18:42:14] 
[2025-11-08 18:42:14] 📡 Загружаю JSON из: https://storage.yandexcloud.net/poizon-exports/site/ff614c7e-25d9-4990-b3ce-5c309c04f859/3f85114c-627a-4f0b-b4c7-a01e3f4b7b75/Export.json
[2025-11-08 18:42:14] Проверка URL: https://storage.yandexcloud.net/poizon-exports/site/ff614c7e-25d9-4990-b3ce-5c309c04f859/3f85114c-627a-4f0b-b4c7-a01e3f4b7b75/Export.json
[2025-11-08 18:42:15] URL доступен: HTTP/1.1 200 OK
[2025-11-08 18:43:01] JSON загружен. Размер: 5582569 bytes
[2025-11-08 18:43:01] JSON распарсен успешно
[2025-11-08 18:43:01] Структура JSON: categories=3, brands=1, products=316
[2025-11-08 18:43:01] Начинаю импорт категорий
[2025-11-08 18:43:01] Категории импортированы: 0
[2025-11-08 18:43:01] Начинаю импорт брендов
[2025-11-08 18:43:01] Бренды импортированы: 0
[2025-11-08 18:43:01] Начинаю импорт товаров. Всего: 316
[2025-11-08 18:43:01] Кэш инициализирован: brands=8, categories=5
[2025-11-08 18:43:01] [1/316] Импорт: New Balance XC-72 (ID: 701351)
[2025-11-08 18:43:01] Батч-вставка размеров: 15 шт для product_id=51
[2025-11-08 18:43:01] Импортировано изображений вариантов: 75 для product_id=51
[2025-11-08 18:43:01]      Успешно импортирован
[2025-11-08 18:43:01] [2/316] Импорт: New Balance NB 480 (ID: 701352)
[2025-11-08 18:43:01] Батч-вставка размеров: 34 шт для product_id=52
[2025-11-08 18:43:01] Импортировано изображений вариантов: 408 для product_id=52
[2025-11-08 18:43:01]      Успешно импортирован
[2025-11-08 18:43:01] [3/316] Импорт: New Balance NB FCFL (ID: 701355)
[2025-11-08 18:43:01] Батч-вставка размеров: 14 шт для product_id=53
[2025-11-08 18:43:01] Импортировано изображений вариантов: 70 для product_id=53
[2025-11-08 18:43:01]      Успешно импортирован
[2025-11-08 18:43:01] [4/316] Импорт: New Balance XC-72 (ID: 701358)
[2025-11-08 18:43:01] Батч-вставка размеров: 17 шт для product_id=54
[2025-11-08 18:43:01] Импортировано изображений вариантов: 170 для product_id=54
[2025-11-08 18:43:01]      Успешно импортирован
[2025-11-08 18:43:01] [5/316] Импорт: New Balance NB 5740 (ID: 701359)
[2025-11-08 18:43:01] Батч-вставка размеров: 15 шт для product_id=55
[2025-11-08 18:43:01] Импортировано изображений вариантов: 90 для product_id=55
[2025-11-08 18:43:01]      Успешно импортирован
[2025-11-08 18:43:01] [6/316] Импорт: New Balance NB 574 (ID: 701360)
[2025-11-08 18:43:01] Батч-вставка размеров: 9 шт для product_id=56
[2025-11-08 18:43:01] Импортировано изображений вариантов: 36 для product_id=56
[2025-11-08 18:43:01]      Успешно импортирован
[2025-11-08 18:43:01] [7/316] Импорт: New Balance NB 580 (ID: 701361)
[2025-11-08 18:43:01] Батч-вставка размеров: 17 шт для product_id=57
[2025-11-08 18:43:01] Импортировано изображений вариантов: 170 для product_id=57
[2025-11-08 18:43:01]      Успешно импортирован
[2025-11-08 18:43:01] [8/316] Импорт: New Balance DynaSoft Nitrel V5 (ID: 701362)
[2025-11-08 18:43:01] Батч-вставка размеров: 30 шт для product_id=58
[2025-11-08 18:43:01] Импортировано изображений вариантов: 150 для product_id=58
[2025-11-08 18:43:01]      Успешно импортирован
[2025-11-08 18:43:01] [9/316] Импорт: New Balance Rebel V3 (ID: 701363)
[2025-11-08 18:43:01] Батч-вставка размеров: 26 шт для product_id=59
[2025-11-08 18:43:01] Импортировано изображений вариантов: 156 для product_id=59
[2025-11-08 18:43:01]      Успешно импортирован
[2025-11-08 18:43:01] [10/316] Импорт: New Balance NB 580 (ID: 701364)
[2025-11-08 18:43:01] Батч-вставка размеров: 14 шт для product_id=60
[2025-11-08 18:43:01] Импортировано изображений вариантов: 84 для product_id=60
[2025-11-08 18:43:01]      Успешно импортирован
[2025-11-08 18:43:01] [11/316] Импорт: New Balance NB OMN1S (ID: 701365)
[2025-11-08 18:43:01] Батч-вставка размеров: 9 шт для product_id=61
[2025-11-08 18:43:01] Импортировано изображений вариантов: 45 для product_id=61
[2025-11-08 18:43:01]      Успешно импортирован
[2025-11-08 18:43:01] [12/316] Импорт: New Balance Kawhi 1 1 (ID: 701382)
[2025-11-08 18:43:01] Батч-вставка размеров: 11 шт для product_id=62
[2025-11-08 18:43:01] Импортировано изображений вариантов: 44 для product_id=62
[2025-11-08 18:43:01]      Успешно импортирован
[2025-11-08 18:43:01] [13/316] Импорт: Thisisneverthat x New Balance NB 827 (ID: 701385)
[2025-11-08 18:43:01] Батч-вставка размеров: 17 шт для product_id=63
[2025-11-08 18:43:01] Импортировано изображений вариантов: 102 для product_id=63
[2025-11-08 18:43:01]      Успешно импортирован
[2025-11-08 18:43:01] [14/316] Импорт: New Balance NB 828 (ID: 701389)
[2025-11-08 18:43:01] Батч-вставка размеров: 16 шт для product_id=64
[2025-11-08 18:43:01] Импортировано изображений вариантов: 96 для product_id=64
[2025-11-08 18:43:01]      Успешно импортирован
[2025-11-08 18:43:01] [15/316] Импорт: AIME LEON DORE x New Balance NB 650 (ID: 701390)
[2025-11-08 18:43:01] Батч-вставка размеров: 18 шт для product_id=65
[2025-11-08 18:43:01] Импортировано изображений вариантов: 126 для product_id=65
[2025-11-08 18:43:01]      Успешно импортирован
[2025-11-08 18:43:01] [16/316] Импорт: New Balance NB 320 (ID: 701391)
[2025-11-08 18:43:01] Батч-вставка размеров: 19 шт для product_id=66
[2025-11-08 18:43:01] Импортировано изображений вариантов: 95 для product_id=66
[2025-11-08 18:43:01]      Успешно импортирован
[2025-11-08 18:43:01] [17/316] Импорт: New Balance Rebel V3 (ID: 701392)
[2025-11-08 18:43:01] Батч-вставка размеров: 17 шт для product_id=67
[2025-11-08 18:43:01] Импортировано изображений вариантов: 170 для product_id=67
[2025-11-08 18:43:01]      Успешно импортирован
[2025-11-08 18:43:01] [18/316] Импорт: New Balance NB 5740 (ID: 701393)
[2025-11-08 18:43:01] Батч-вставка размеров: 17 шт для product_id=68
[2025-11-08 18:43:02] Импортировано изображений вариантов: 119 для product_id=68
[2025-11-08 18:43:02]      Успешно импортирован
[2025-11-08 18:43:02] [19/316] Импорт: New Balance NB 300 v3 (ID: 701394)
[2025-11-08 18:43:02] Батч-вставка размеров: 18 шт для product_id=69
[2025-11-08 18:43:02] Импортировано изображений вариантов: 90 для product_id=69
[2025-11-08 18:43:02]      Успешно импортирован
[2025-11-08 18:43:02] [20/316] Импорт: New Balance NB Numeric Tiago Lemos 808 (ID: 701395)
[2025-11-08 18:43:02] Батч-вставка размеров: 20 шт для product_id=70
[2025-11-08 18:43:02] Импортировано изображений вариантов: 220 для product_id=70
[2025-11-08 18:43:02]      Успешно импортирован
[2025-11-08 18:43:02] [21/316] Импорт: New Balance NB 300 (ID: 701397)
[2025-11-08 18:43:02] Батч-вставка размеров: 13 шт для product_id=71
[2025-11-08 18:43:02] Импортировано изображений вариантов: 65 для product_id=71
[2025-11-08 18:43:02]      Успешно импортирован
[2025-11-08 18:43:02] [22/316] Импорт: New Balance NB 996 (ID: 701398)
[2025-11-08 18:43:02] Батч-вставка размеров: 8 шт для product_id=72
[2025-11-08 18:43:02] Импортировано изображений вариантов: 32 для product_id=72
[2025-11-08 18:43:02]      Успешно импортирован
[2025-11-08 18:43:02] [23/316] Импорт: New Balance NB 580 (ID: 701399)
[2025-11-08 18:43:02] Батч-вставка размеров: 11 шт для product_id=73
[2025-11-08 18:43:02] Импортировано изображений вариантов: 55 для product_id=73
[2025-11-08 18:43:02]      Успешно импортирован
[2025-11-08 18:43:02] [24/316] Импорт: Aimé Leon Dore x New Balance NB 650 (ID: 701402)
[2025-11-08 18:43:02] Батч-вставка размеров: 19 шт для product_id=74
[2025-11-08 18:43:02] Импортировано изображений вариантов: 133 для product_id=74
[2025-11-08 18:43:02]      Успешно импортирован
[2025-11-08 18:43:02] [25/316] Импорт: New Balance NB Pro Court (ID: 701403)
[2025-11-08 18:43:02] Батч-вставка размеров: 14 шт для product_id=75
[2025-11-08 18:43:02] Импортировано изображений вариантов: 70 для product_id=75
[2025-11-08 18:43:02]      Успешно импортирован
[2025-11-08 18:43:02] [26/316] Импорт: New Balance NB 5740 (ID: 701404)
[2025-11-08 18:43:02] Батч-вставка размеров: 20 шт для product_id=76
[2025-11-08 18:43:02] Импортировано изображений вариантов: 120 для product_id=76
[2025-11-08 18:43:02]      Успешно импортирован
[2025-11-08 18:43:02] [27/316] Импорт: New Balance NB 580 (ID: 701405)
[2025-11-08 18:43:02] Батч-вставка размеров: 15 шт для product_id=77
[2025-11-08 18:43:02] Импортировано изображений вариантов: 60 для product_id=77
[2025-11-08 18:43:02]      Успешно импортирован
[2025-11-08 18:43:02] [28/316] Импорт: New Balance Numeric Tiago Lemos 808 (ID: 701406)
[2025-11-08 18:43:02] Батч-вставка размеров: 18 шт для product_id=78
[2025-11-08 18:43:02] Импортировано изображений вариантов: 198 для product_id=78
[2025-11-08 18:43:02]      Успешно импортирован
[2025-11-08 18:43:02] [29/316] Импорт: New Balance NB 237 (ID: 701410)
[2025-11-08 18:43:02] Батч-вставка размеров: 9 шт для product_id=79
[2025-11-08 18:43:02] Импортировано изображений вариантов: 36 для product_id=79
[2025-11-08 18:43:02]      Успешно импортирован
[2025-11-08 18:43:02] [30/316] Импорт: New Balance NB 580 (ID: 701411)
[2025-11-08 18:43:02] Батч-вставка размеров: 14 шт для product_id=80
[2025-11-08 18:43:02] Импортировано изображений вариантов: 70 для product_id=80
[2025-11-08 18:43:02]      Успешно импортирован
[2025-11-08 18:43:02] [31/316] Импорт: New Balance NB 574 (ID: 701412)
[2025-11-08 18:43:02] Батч-вставка размеров: 14 шт для product_id=81
[2025-11-08 18:43:02] Импортировано изображений вариантов: 70 для product_id=81
[2025-11-08 18:43:02]      Успешно импортирован
[2025-11-08 18:43:02] [32/316] Импорт: Randomevent x New Balance NB 580 “REBIRTH ” (ID: 701415)
[2025-11-08 18:43:02] Батч-вставка размеров: 17 шт для product_id=82
[2025-11-08 18:43:02] Импортировано изображений вариантов: 68 для product_id=82
[2025-11-08 18:43:02]      Успешно импортирован
[2025-11-08 18:43:02] [33/316] Импорт: New Balance NB 300 (ID: 701416)
[2025-11-08 18:43:02] Батч-вставка размеров: 15 шт для product_id=83
[2025-11-08 18:43:02] Импортировано изображений вариантов: 60 для product_id=83
[2025-11-08 18:43:02]      Успешно импортирован
[2025-11-08 18:43:02] [34/316] Импорт: New Balance NB Fresh Foam Hierro (ID: 701417)
[2025-11-08 18:43:02] Батч-вставка размеров: 10 шт для product_id=84
[2025-11-08 18:43:02] Импортировано изображений вариантов: 40 для product_id=84
[2025-11-08 18:43:02]      Успешно импортирован
[2025-11-08 18:43:02] [35/316] Импорт: New Balance Kawhi 1 "The Kawhi" 4 Bounces (ID: 701418)
[2025-11-08 18:43:02] Батч-вставка размеров: 13 шт для product_id=85
[2025-11-08 18:43:02] Импортировано изображений вариантов: 65 для product_id=85
[2025-11-08 18:43:02]      Успешно импортирован
[2025-11-08 18:43:02] [36/316] Импорт: New Balance NB OMN1S (ID: 701420)
[2025-11-08 18:43:02] Батч-вставка размеров: 10 шт для product_id=86
[2025-11-08 18:43:02] Импортировано изображений вариантов: 50 для product_id=86
[2025-11-08 18:43:02]      Успешно импортирован
[2025-11-08 18:43:02] [37/316] Импорт: New Balance NB FuelCore Coast (ID: 701421)
[2025-11-08 18:43:02] Батч-вставка размеров: 8 шт для product_id=87
[2025-11-08 18:43:02] Импортировано изображений вариантов: 40 для product_id=87
[2025-11-08 18:43:02]      Успешно импортирован
[2025-11-08 18:43:02] [38/316] Импорт: New Balance NB 45X (ID: 701422)
[2025-11-08 18:43:02] Батч-вставка размеров: 14 шт для product_id=88
[2025-11-08 18:43:02] Импортировано изображений вариантов: 70 для product_id=88
[2025-11-08 18:43:02]      Успешно импортирован
[2025-11-08 18:43:02] [39/316] Импорт: New Balance NB 2WXY 1 Low (ID: 701423)
[2025-11-08 18:43:02] Батч-вставка размеров: 10 шт для product_id=89
[2025-11-08 18:43:02] Импортировано изображений вариантов: 60 для product_id=89
[2025-11-08 18:43:02]      Успешно импортирован
[2025-11-08 18:43:02] [40/316] Импорт: New Balance NB 498 (ID: 701424)
[2025-11-08 18:43:02] Батч-вставка размеров: 9 шт для product_id=90
[2025-11-08 18:43:02] Импортировано изображений вариантов: 45 для product_id=90
[2025-11-08 18:43:02]      Успешно импортирован
[2025-11-08 18:43:02] [41/316] Импорт: New Balance NB 2WXY 1 Low (ID: 701425)
[2025-11-08 18:43:02] Батч-вставка размеров: 10 шт для product_id=91
[2025-11-08 18:43:02] Импортировано изображений вариантов: 50 для product_id=91
[2025-11-08 18:43:02]      Успешно импортирован
[2025-11-08 18:43:02] [42/316] Импорт: Noritake x New Balance NB FCFL (ID: 701426)
[2025-11-08 18:43:02] Батч-вставка размеров: 8 шт для product_id=92
[2025-11-08 18:43:02] Импортировано изображений вариантов: 32 для product_id=92
[2025-11-08 18:43:02]      Успешно импортирован
[2025-11-08 18:43:02] [43/316] Импорт: New Balance NB 480 (ID: 701428)
[2025-11-08 18:43:02] Батч-вставка размеров: 18 шт для product_id=93
[2025-11-08 18:43:02] Импортировано изображений вариантов: 90 для product_id=93
[2025-11-08 18:43:02]      Успешно импортирован
[2025-11-08 18:43:02] [44/316] Импорт: New Balance NB Comp 100 (ID: 701430)
[2025-11-08 18:43:02] Батч-вставка размеров: 8 шт для product_id=94
[2025-11-08 18:43:02] Импортировано изображений вариантов: 40 для product_id=94
[2025-11-08 18:43:02]      Успешно импортирован
[2025-11-08 18:43:02] [45/316] Импорт: New Balance NB 565 D (ID: 701431)
[2025-11-08 18:43:02] Батч-вставка размеров: 17 шт для product_id=95
[2025-11-08 18:43:02] Импортировано изображений вариантов: 85 для product_id=95
[2025-11-08 18:43:02]      Успешно импортирован
[2025-11-08 18:43:02] [46/316] Импорт: New Balance NB 520 (ID: 701435)
[2025-11-08 18:43:02] Батч-вставка размеров: 11 шт для product_id=96
[2025-11-08 18:43:02] Импортировано изображений вариантов: 55 для product_id=96
[2025-11-08 18:43:02]      Успешно импортирован
[2025-11-08 18:43:02] [47/316] Импорт: New Balance NB 996 (ID: 701439)
[2025-11-08 18:43:02] Батч-вставка размеров: 14 шт для product_id=97
[2025-11-08 18:43:02] Импортировано изображений вариантов: 70 для product_id=97
[2025-11-08 18:43:02]      Успешно импортирован
[2025-11-08 18:43:02] [48/316] Импорт: Herschel Supply CO. x New Balance NB 801 (ID: 701440)
[2025-11-08 18:43:02] Батч-вставка размеров: 14 шт для product_id=98
[2025-11-08 18:43:02] Импортировано изображений вариантов: 70 для product_id=98
[2025-11-08 18:43:02]      Успешно импортирован
[2025-11-08 18:43:02] [49/316] Импорт: New Balance NB 360 D (ID: 701441)
[2025-11-08 18:43:02] Батч-вставка размеров: 17 шт для product_id=99
[2025-11-08 18:43:02] Импортировано изображений вариантов: 85 для product_id=99
[2025-11-08 18:43:02]      Успешно импортирован
[2025-11-08 18:43:02] [50/316] Импорт: Noritake x New Balance NB Comp 100 (ID: 701442)
[2025-11-08 18:43:03] Батч-вставка размеров: 16 шт для product_id=100
[2025-11-08 18:43:03] Импортировано изображений вариантов: 80 для product_id=100
[2025-11-08 18:43:03]      Успешно импортирован
[2025-11-08 18:43:03] [51/316] Импорт: New Balance NB 1978 (ID: 701443)
[2025-11-08 18:43:03] Батч-вставка размеров: 14 шт для product_id=101
[2025-11-08 18:43:03] Импортировано изображений вариантов: 56 для product_id=101
[2025-11-08 18:43:03]      Успешно импортирован
[2025-11-08 18:43:03] [52/316] Импорт: New Balance NB 2WXY 1 Low (ID: 701444)
[2025-11-08 18:43:03] Батч-вставка размеров: 10 шт для product_id=102
[2025-11-08 18:43:03] Импортировано изображений вариантов: 50 для product_id=102
[2025-11-08 18:43:03]      Успешно импортирован
[2025-11-08 18:43:03] [53/316] Импорт: New Balance RC30 (ID: 701448)
[2025-11-08 18:43:03] Батч-вставка размеров: 18 шт для product_id=103
[2025-11-08 18:43:03] Импортировано изображений вариантов: 90 для product_id=103
[2025-11-08 18:43:03]      Успешно импортирован
[2025-11-08 18:43:03] [54/316] Импорт: New Balance NB 373 (ID: 701449)
[2025-11-08 18:43:03] Батч-вставка размеров: 17 шт для product_id=104
[2025-11-08 18:43:03] Импортировано изображений вариантов: 68 для product_id=104
[2025-11-08 18:43:03]      Успешно импортирован
[2025-11-08 18:43:03] [55/316] Импорт: New Balance NB Pro Court (ID: 701450)
[2025-11-08 18:43:03] Батч-вставка размеров: 14 шт для product_id=105
[2025-11-08 18:43:03] Импортировано изображений вариантов: 70 для product_id=105
[2025-11-08 18:43:03]      Успешно импортирован
[2025-11-08 18:43:03] [56/316] Импорт: New Balance NB 850 D (ID: 701451)
[2025-11-08 18:43:03] Батч-вставка размеров: 17 шт для product_id=106
[2025-11-08 18:43:03] Импортировано изображений вариантов: 85 для product_id=106
[2025-11-08 18:43:03]      Успешно импортирован
[2025-11-08 18:43:03] [57/316] Импорт: New Balance NB 997S (ID: 701452)
[2025-11-08 18:43:03] Батч-вставка размеров: 16 шт для product_id=107
[2025-11-08 18:43:03] Импортировано изображений вариантов: 64 для product_id=107
[2025-11-08 18:43:03]      Успешно импортирован
[2025-11-08 18:43:03] [58/316] Импорт: New Balance NB 5740 (ID: 701453)
[2025-11-08 18:43:03] Батч-вставка размеров: 17 шт для product_id=108
[2025-11-08 18:43:03] Импортировано изображений вариантов: 119 для product_id=108
[2025-11-08 18:43:03]      Успешно импортирован
[2025-11-08 18:43:03] [59/316] Импорт: New Balance XC-72 (ID: 701456)
[2025-11-08 18:43:03] Батч-вставка размеров: 14 шт для product_id=109
[2025-11-08 18:43:03] Импортировано изображений вариантов: 84 для product_id=109
[2025-11-08 18:43:03]      Успешно импортирован
[2025-11-08 18:43:03] [60/316] Импорт: New Balance NB 996 (ID: 701457)
[2025-11-08 18:43:03] Батч-вставка размеров: 30 шт для product_id=110
[2025-11-08 18:43:03] Импортировано изображений вариантов: 120 для product_id=110
[2025-11-08 18:43:03]      Успешно импортирован
[2025-11-08 18:43:03] [61/316] Импорт: New Balance NB 2WXY (ID: 701459)
[2025-11-08 18:43:03] Батч-вставка размеров: 10 шт для product_id=111
[2025-11-08 18:43:03] Импортировано изображений вариантов: 60 для product_id=111
[2025-11-08 18:43:03]      Успешно импортирован
[2025-11-08 18:43:03] [62/316] Импорт: New Balance NB 576 (ID: 701460)
[2025-11-08 18:43:03] Батч-вставка размеров: 10 шт для product_id=112
[2025-11-08 18:43:03] Импортировано изображений вариантов: 50 для product_id=112
[2025-11-08 18:43:03]      Успешно импортирован
[2025-11-08 18:43:03] [63/316] Импорт: New Balance NB 373 (ID: 701461)
[2025-11-08 18:43:03] Батч-вставка размеров: 14 шт для product_id=113
[2025-11-08 18:43:04] Импортировано изображений вариантов: 70 для product_id=113
[2025-11-08 18:43:04]      Успешно импортирован
[2025-11-08 18:43:04] [64/316] Импорт: New Balance NB 574 (ID: 701462)
[2025-11-08 18:43:04] Батч-вставка размеров: 32 шт для product_id=114
[2025-11-08 18:43:04] Импортировано изображений вариантов: 160 для product_id=114
[2025-11-08 18:43:04]      Успешно импортирован
[2025-11-08 18:43:04] [65/316] Импорт: New Balance NB 580 D (ID: 701463)
[2025-11-08 18:43:04] Батч-вставка размеров: 14 шт для product_id=115
[2025-11-08 18:43:04] Импортировано изображений вариантов: 70 для product_id=115
[2025-11-08 18:43:04]      Успешно импортирован
[2025-11-08 18:43:04] [66/316] Импорт: New Balance NB 5740 (ID: 701464)
[2025-11-08 18:43:04] Батч-вставка размеров: 17 шт для product_id=116
[2025-11-08 18:43:04] Импортировано изображений вариантов: 85 для product_id=116
[2025-11-08 18:43:04]      Успешно импортирован
[2025-11-08 18:43:04] [67/316] Импорт: AIME LEON DORE x New Balance 860 (ID: 701465)
[2025-11-08 18:43:04] Батч-вставка размеров: 22 шт для product_id=117
[2025-11-08 18:43:04] Импортировано изображений вариантов: 110 для product_id=117
[2025-11-08 18:43:04]      Успешно импортирован
[2025-11-08 18:43:04] [68/316] Импорт: Aimé Leon Dore x New Balance NB 650 (ID: 701466)
[2025-11-08 18:43:04] Батч-вставка размеров: 18 шт для product_id=118
[2025-11-08 18:43:04] Импортировано изображений вариантов: 126 для product_id=118
[2025-11-08 18:43:04]      Успешно импортирован
[2025-11-08 18:43:04] [69/316] Импорт: New Balance NB OMN1S (ID: 701468)
[2025-11-08 18:43:04] Батч-вставка размеров: 11 шт для product_id=119
[2025-11-08 18:43:04] Импортировано изображений вариантов: 55 для product_id=119
[2025-11-08 18:43:04]      Успешно импортирован
[2025-11-08 18:43:04] [70/316] Импорт: New Balance NB 5740 (ID: 701469)
[2025-11-08 18:43:04] Батч-вставка размеров: 20 шт для product_id=120
[2025-11-08 18:43:04] Импортировано изображений вариантов: 120 для product_id=120
[2025-11-08 18:43:04]      Успешно импортирован
[2025-11-08 18:43:04] [71/316] Импорт: New Balance Kawhi 1 New Money (ID: 701471)
[2025-11-08 18:43:04] Батч-вставка размеров: 11 шт для product_id=121
[2025-11-08 18:43:04] Импортировано изображений вариантов: 66 для product_id=121
[2025-11-08 18:43:04]      Успешно импортирован
[2025-11-08 18:43:04] [72/316] Импорт: District Vision x New Balance NB FuelCell RC Elite v2 (ID: 701472)
[2025-11-08 18:43:04] Батч-вставка размеров: 13 шт для product_id=122
[2025-11-08 18:43:04] Импортировано изображений вариантов: 65 для product_id=122
[2025-11-08 18:43:04]      Успешно импортирован
[2025-11-08 18:43:04] [73/316] Импорт: New Balance NB 565 (ID: 701473)
[2025-11-08 18:43:04] Батч-вставка размеров: 8 шт для product_id=123
[2025-11-08 18:43:04] Импортировано изображений вариантов: 40 для product_id=123
[2025-11-08 18:43:04]      Успешно импортирован
[2025-11-08 18:43:04] [74/316] Импорт: New Balance NB 480 (ID: 701474)
[2025-11-08 18:43:04] Батч-вставка размеров: 15 шт для product_id=124
[2025-11-08 18:43:04] Импортировано изображений вариантов: 75 для product_id=124
[2025-11-08 18:43:04]      Успешно импортирован
[2025-11-08 18:43:04] [75/316] Импорт: New Balance NB 5740 (ID: 701475)
[2025-11-08 18:43:04] Батч-вставка размеров: 15 шт для product_id=125
[2025-11-08 18:43:04] Импортировано изображений вариантов: 90 для product_id=125
[2025-11-08 18:43:04]      Успешно импортирован
[2025-11-08 18:43:04] [76/316] Импорт: New Balance XC-72 (ID: 701477)
[2025-11-08 18:43:04] Батч-вставка размеров: 18 шт для product_id=126
[2025-11-08 18:43:04] Импортировано изображений вариантов: 72 для product_id=126
[2025-11-08 18:43:04]      Успешно импортирован
[2025-11-08 18:43:04] [77/316] Импорт: New Balance NB 237 (ID: 701478)
[2025-11-08 18:43:04] Батч-вставка размеров: 19 шт для product_id=127
[2025-11-08 18:43:04] Импортировано изображений вариантов: 114 для product_id=127
[2025-11-08 18:43:04]      Успешно импортирован
[2025-11-08 18:43:04] [78/316] Импорт: AIME LEON DORE x New Balance 860 (ID: 701480)
[2025-11-08 18:43:04] Батч-вставка размеров: 22 шт для product_id=128
[2025-11-08 18:43:04] Импортировано изображений вариантов: 110 для product_id=128
[2025-11-08 18:43:04]      Успешно импортирован
[2025-11-08 18:43:04] [79/316] Импорт: New Balance NB 5740 (ID: 701481)
[2025-11-08 18:43:04] Батч-вставка размеров: 15 шт для product_id=129
[2025-11-08 18:43:04] Импортировано изображений вариантов: 60 для product_id=129
[2025-11-08 18:43:04]      Успешно импортирован
[2025-11-08 18:43:04] [80/316] Импорт: New Balance NB 574 (ID: 701482)
[2025-11-08 18:43:04] Батч-вставка размеров: 18 шт для product_id=130
[2025-11-08 18:43:04] Импортировано изображений вариантов: 72 для product_id=130
[2025-11-08 18:43:04]      Успешно импортирован
[2025-11-08 18:43:04] [81/316] Импорт: New Balance NB 425 (ID: 701488)
[2025-11-08 18:43:04] Батч-вставка размеров: 9 шт для product_id=131
[2025-11-08 18:43:04] Импортировано изображений вариантов: 36 для product_id=131
[2025-11-08 18:43:04]      Успешно импортирован
[2025-11-08 18:43:04] [82/316] Импорт: New Balance NB 574 (ID: 701489)
[2025-11-08 18:43:04] Батч-вставка размеров: 8 шт для product_id=132
[2025-11-08 18:43:04] Импортировано изображений вариантов: 32 для product_id=132
[2025-11-08 18:43:04]      Успешно импортирован
[2025-11-08 18:43:04] [83/316] Импорт: New Balance NB 860 D (ID: 701490)
[2025-11-08 18:43:04] Батч-вставка размеров: 15 шт для product_id=133
[2025-11-08 18:43:04] Импортировано изображений вариантов: 75 для product_id=133
[2025-11-08 18:43:04]      Успешно импортирован
[2025-11-08 18:43:04] [84/316] Импорт: New Balance NB 247 (ID: 701491)
[2025-11-08 18:43:04] Батч-вставка размеров: 16 шт для product_id=134
[2025-11-08 18:43:04] Импортировано изображений вариантов: 64 для product_id=134
[2025-11-08 18:43:04]      Успешно импортирован
[2025-11-08 18:43:04] [85/316] Импорт: New Balance NB 300 (ID: 701492)
[2025-11-08 18:43:04] Батч-вставка размеров: 16 шт для product_id=135
[2025-11-08 18:43:04] Импортировано изображений вариантов: 64 для product_id=135
[2025-11-08 18:43:04]      Успешно импортирован
[2025-11-08 18:43:04] [86/316] Импорт: New Balance NB 574 (ID: 701500)
[2025-11-08 18:43:04] Батч-вставка размеров: 14 шт для product_id=136
[2025-11-08 18:43:04] Импортировано изображений вариантов: 70 для product_id=136
[2025-11-08 18:43:04]      Успешно импортирован
[2025-11-08 18:43:04] [87/316] Импорт: New Balance NB 580 D (ID: 701502)
[2025-11-08 18:43:04] Батч-вставка размеров: 15 шт для product_id=137
[2025-11-08 18:43:04] Импортировано изображений вариантов: 75 для product_id=137
[2025-11-08 18:43:04]      Успешно импортирован
[2025-11-08 18:43:04] [88/316] Импорт: New Balance NB 580 D (ID: 701503)
[2025-11-08 18:43:04] Батч-вставка размеров: 15 шт для product_id=138
[2025-11-08 18:43:05] Импортировано изображений вариантов: 75 для product_id=138
[2025-11-08 18:43:05]      Успешно импортирован
[2025-11-08 18:43:05] [89/316] Импорт: New Balance NB OMN1S (ID: 701504)
[2025-11-08 18:43:05] Батч-вставка размеров: 9 шт для product_id=139
[2025-11-08 18:43:05] Импортировано изображений вариантов: 45 для product_id=139
[2025-11-08 18:43:05]      Успешно импортирован
[2025-11-08 18:43:05] [90/316] Импорт: New Balance Numeric Tiago Lemos 808 (ID: 701506)
[2025-11-08 18:43:05] 
═══════════════════════════════════════════════════
[2025-11-08 18:43:05] ОШИБКА #1: New Balance Numeric Tiago Lemos 808
[2025-11-08 18:43:05] ═══════════════════════════════════════════════════
[2025-11-08 18:43:05] Product ID: 701506
[2025-11-08 18:43:05] Index: 90/316
[2025-11-08 18:43:05] Error: Ошибка сохранения товара: vendor_code: Товар с таким артикулом уже существует у данного бренда
[2025-11-08 18:43:05] 
Stack Trace:
[2025-11-08 18:43:05] #0 /Users/user/CascadeProjects/splitwise/commands/PoizonImportJsonController.php(271): app\commands\PoizonImportJsonController->importProduct(Array)
#1 [internal function]: app\commands\PoizonImportJsonController->actionRun('https://storage...')
#2 /Users/user/CascadeProjects/splitwise/vendor/yiisoft/yii2/base/InlineAction.php(60): call_user_func_array(Array, Array)
#3 /Users/user/CascadeProjects/splitwise/vendor/yiisoft/yii2/base/Controller.php(184): yii\base\InlineAction->runWithParams(Array)
#4 /Users/user/CascadeProjects/splitwise/vendor/yiisoft/yii2/console/Controller.php(180): yii\base\Controller->runAction('run', Array)
#5 /Users/user/CascadeProjects/splitwise/vendor/yiisoft/yii2/base/Module.php(555): yii\console\Controller->runAction('run', Array)
#6 /Users/user/CascadeProjects/splitwise/vendor/yiisoft/yii2/console/Application.php(180): yii\base\Module->runAction('poizon-import-j...', Array)
#7 /Users/user/CascadeProjects/splitwise/vendor/yiisoft/yii2/console/Application.php(147): yii\console\Application->runAction('poizon-import-j...', Array)
#8 /Users/user/CascadeProjects/splitwise/vendor/yiisoft/yii2/base/Application.php(387): yii\console\Application->handleRequest(Object(yii\console\Request))
#9 /Users/user/CascadeProjects/splitwise/yii(23): yii\base\Application->run()
#10 {main}
[2025-11-08 18:43:05] 
Product Data:
[2025-11-08 18:43:05] {
    "productId": 701506,
    "variantId": 701506,
    "url": "https:\/\/fast.dewu.com\/page\/productDetail?sourceName=sharedetail&spuId=5395906",
    "title": "New Balance Numeric Tiago Lemos 808",
    "description": "【Первоначальная цена приложения Get Things будет объявлена 23 июля 2023 года】",
    "vendorCode": "NM808WBY",
    "categoryId": 8713,
    "vendorId": 28,
    "images": [
        "https:\/\/cdn.poizon.com\/pro-img\/origin-img\/20230710\/7dc730b0076740af9501cc6357d35544.jpg",
        "https:\/\/cdn.poizon.com\/pro-img\/origin-img\/2025061523\/cfaf3191c0ecceffa5cce68098b79160.jpg",
        "https:\/\/cdn.poizon.com\/pro-img\/origin-img\/2025061523\/b6283ab860efadd9d45c461420912f58.jpg",
        "https:\/\/cdn.poizon.com\/pro-img\/origin-img\/20230710\/3df1374639034a94b8bb9f2948e17c27.jpg",
        "https:\/\/cdn.poizon.com\/pro-img\/origin-img\/20230710\/653ed5125bc04873afa6679162dc1f30.jpg",
        "https:\/\/cdn.poizon.com\/pro-img\/origin-img\/20230710\/1f21ba184ec849f783a0a1f9aef30ecb.jpg",
        "https:\/\/cdn.poizon.com\/pro-img\/origin-img\/20230710\/691b784b637e42a79cbf6a9db1212aa2.jpg",
        "https:\/\/cdn.poizon.com\/pro-img\/origin-img\/20230710\/0dadf484476b401193ddafc463a6a01c.jpg",
        "https:\/\/cdn.poizon.com\/stark\/stark-web\/1740513263\/72e02250b00d932fc80e2fdc5c22635a.jpg",
        "https:\/\/cdn.poizon.com\/stark\/stark-web\/1740513263\/16ce9c345a9e669ddcbbd260e50d2f5a.jpg",
        "https:\/\/cdn.poizon.com\/stark\/stark-web\/1740513263\/c7de56b991d9b0643adb549594dd0a6b.jpg",
        "https:\/\/cdn.poizon.com\/stark\/stark-web\/1740513263\/6fa399d7092985a3cb3ee8e5a58a5da9.jpg"
    ],
    "price": 890,
    "favoriteCount": 0,
    "countryOfOrigin": "Китай",
    "properties": [
        {
            "key": "Верхняя высота",
            "value": "Низкий вырез"
        },
        {
            "key": "Стиль носка",
            "value": "Круглая голова"
        },
        {
            "key": "Применимый сезон",
            "value": "Весна, лето, осень, зима"
        },
        {
            "key": "Тип каблука",
            "value": "Плоский каблук"
        },
        {
            "key": "Основной цвет",
            "value": "Белое"
        },
        {
            "key": "Цена предложения",
            "value": "¥899"
        },
        {
            "key": "Дата выхода",
            "value": "2023.07"
        },
        {
            "key": "Функциональная",
            "value": "Легкий"
        },
        {
            "key": "Дополнительный цвет",
            "value": "Серый, синий"
        }
    ],
    "seriesName": "",
    "relatedProducts": [],
    "gender": "Унисекс",
    "sizes": [
        {
            "name": "Европейский кодекс ЕС",
            "delimiter": ",",
            "value": "35,35.5,36,37,37.5,38,38.5,39.5,40,40.5,41.5,42,42.5,43,44,44.5,45,45.5,46.5,47,47.5,49,50,51,52,53,54,55"
        },
        {
            "name": "Кодекс красоты США",
            "delimiter": ",",
            "value": "3,3.5,4,4.5,5,5.5,6,6.5,7,7.5,8,8.5,9,9.5,10,10.5,11,11.5,12,12.5,13,14,15,16,17,18,19,20"
        },
        {
            "name": "Английский код Великобритании",
            "delimiter": ",",
            "value": "2.5,3,3.5,4,4.5,5,5.5,6,6.5,7,7.5,8,8.5,9,9.5,10,10.5,11,11.5,12,12.5,13.5,14.5,15.5,16.5,17.5,18.5,19.5"
        },
        {
            "name": "Японский код JP",
            "delimiter": ",",
            "value": "21,21.5,22,22.5,23,23.5,24,24.5,25,25.5,26,26.5,27,27.5,28,28.5,29,29.5,30,30.5,31,32,33,34,35,36,37,38"
        },
        {
            "name": "Подходит для длины стопы",
            "delimiter": ",",
            "value": "210,215,220,225,230,235,240,245,250,255,260,265,270,275,280,285,290,295,300,305,310,320,330,340,350,360,370,380"
        }
    ],
    "vat": "NO_VAT",
    "currency": "RUR",
    "keywords": [
        "new",
        "balance",
        "numeric",
        "tiago",
        "lemos",
        "808",
        "舒适百搭",
        "男女同款",
        "白灰色"
    ],
    "vendor": "New Balance",
    "children": [
        {
            "productId": 701506,
            "parentId": 701506,
            "url": "https:\/\/fast.dewu.com\/page\/productDetail?sourceName=sharedetail&spuId=5395906",
            "variantId": 626807553,
            "title": "New Balance Numeric Tiago Lemos 808",
            "description": "【Первоначальная цена приложения Get Things будет объявлена 23 июля 2023 года】",
            "vendorCode": "NM808WBY -1",
            "categoryId": 8713,
            "vendorId": 28,
            "images": [
                "https:\/\/cdn.poizon.com\/pro-img\/origin-img\/20230710\/7dc730b0076740af9501cc6357d35544.jpg",
                "https:\/\/cdn.poizon.com\/pro-img\/origin-img\/2025061523\/cfaf3191c0ecceffa5cce68098b79160.jpg",
                "https:\/\/cdn.poizon.com\/pro-img\/origin-img\/2025061523\/b6283ab860efadd9d45c461420912f58.jpg",
                "https:\/\/cdn.poizon.com\/pro-img\/origin-img\/20230710\/3df1374639034a94b8bb9f2948e17c27.jpg",
                "https:\/\/cdn.poizon.com\/pro-img\/origin-img\/20230710\/653ed5125bc04873afa6679162dc1f30.jpg",
                "https:\/\/cdn.poizon.com\/pro-img\/origin-img\/20230710\/1f21ba184ec849f783a0a1f9aef30ecb.jpg",
                "https:\/\/cdn.poizon.com\/pro-img\/origin-img\/20230710\/691b784b637e42a79cbf6a9db1212aa2.jpg",
                "https:\/\/cdn.poizon.com\/pro-img\/origin-img\/20230710\/0dadf484476b401193ddafc463a6a01c.jpg",
                "https:\/\/cdn.poizon.com\/stark\/stark-web\/1740513263\/72e02250b00d932fc80e2fdc5c22635a.jpg",
                "https:\/\/cdn.poizon.com\/stark\/stark-web\/1740513263\/16ce9c345a9e669ddcbbd260e50d2f5a.jpg",
                "https:\/\/cdn.poizon.com\/stark\/stark-web\/1740513263\/c7de56b991d9b0643adb549594dd0a6b.jpg",
                "https:\/\/cdn.poizon.com\/stark\/stark-web\/1740513263\/6fa399d7092985a3cb3ee8e5a58a5da9.jpg"
            ],
            "price": 1090,
            "purchasePrice": 999,
            "count": 1,
            "available": true,
            "timeDelivery": {
                "min": 5,
                "max": 6
            },
            "vat": "NO_VAT",
            "currency": "RUR",
            "params": [
                {
                    "key": "Цвет",
                    "value": "Белый серый"
                },
                {
                    "key": "Вариант",
                    "value": "Ширина D"
                },
                {
                    "key": "Размер",
                    "value": "36"
                }
            ],
            "vendor": "New Balance",
            "seriesName": ""
        },
        {
            "productId": 701506,
            "parentId": 701506,
            "url": "https:\/\/fast.dewu.com\/page\/productDetail?sourceName=sharedetail&spuId=5395906",
            "variantId": 626807554,
            "title": "New Balance Numeric Tiago Lemos 808",
            "description": "【Первоначальная цена приложения Get Things будет объявлена 23 июля 2023 года】",
            "vendorCode": "NM808WBY -2",
            "categoryId": 8713,
            "vendorId": 28,
            "images": [
                "https:\/\/cdn.poizon.com\/pro-img\/origin-img\/20230710\/7dc730b0076740af9501cc6357d35544.jpg",
                "https:\/\/cdn.poizon.com\/pro-img\/origin-img\/2025061523\/cfaf3191c0ecceffa5cce68098b79160.jpg",
                "https:\/\/cdn.poizon.com\/pro-img\/origin-img\/2025061523\/b6283ab860efadd9d45c461420912f58.jpg",
                "https:\/\/cdn.poizon.com\/pro-img\/origin-img\/20230710\/3df1374639034a94b8bb9f2948e17c27.jpg",
                "https:\/\/cdn.poizon.com\/pro-img\/origin-img\/20230710\/653ed5125bc04873afa6679162dc1f30.jpg",
                "https:\/\/cdn.poizon.com\/pro-img\/origin-img\/20230710\/1f21ba184ec849f783a0a1f9aef30ecb.jpg",
                "https:\/\/cdn.poizon.com\/pro-img\/origin-img\/20230710\/691b784b637e42a79cbf6a9db1212aa2.jpg",
                "https:\/\/cdn.poizon.com\/pro-img\/origin-img\/20230710\/0dadf484476b401193ddafc463a6a01c.jpg",
                "https:\/\/cdn.poizon.com\/stark\/stark-web\/1740513263\/72e02250b00d932fc80e2fdc5c22635a.jpg",
                "https:\/\/cdn.poizon.com\/stark\/stark-web\/1740513263\/16ce9c345a9e669ddcbbd260e50d2f5a.jpg",
                "https:\/\/cdn.poizon.com\/stark\/stark-web\/1740513263\/c7de56b991d9b0643adb549594dd0a6b.jpg",
                "https:\/\/cdn.poizon.com\/stark\/stark-web\/1740513263\/6fa399d7092985a3cb3ee8e5a58a5da9.jpg"
            ],
            "price": 0,
            "purchasePrice": 0,
            "count": 0,
            "available": false,
            "timeDelivery": {
                "min": 15,
                "max": 24
            },
            "vat": "NO_VAT",
            "currency": "RUR",
            "params": [
                {
                    "key": "Цвет",
                    "value": "Белый серый"
                },
                {
                    "key": "Вариант",
                    "value": "Ширина D"
                },
                {
                    "key": "Размер",
                    "value": "37"
                }
            ],
            "vendor": "New Balance",
            "seriesName": ""
        },
        {
            "productId": 701506,
            "parentId": 701506,
            "url": "https:\/\/fast.dewu.com\/page\/productDetail?sourceName=sharedetail&spuId=5395906",
            "variantId": 626807555,
            "title": "New Balance Numeric Tiago Lemos 808",
            "description": "【Первоначальная цена приложения Get Things будет объявлена 23 июля 2023 года】",
            "vendorCode": "NM808WBY -3",
            "categoryId": 8713,
            "vendorId": 28,
            "images": [
                "https:\/\/cdn.poizon.com\/pro-img\/origin-img\/20230710\/7dc730b0076740af9501cc6357d35544.jpg",
                "https:\/\/cdn.poizon.com\/pro-img\/origin-img\/2025061523\/cfaf3191c0ecceffa5cce68098b79160.jpg",
                "https:\/\/cdn.poizon.com\/pro-img\/origin-img\/2025061523\/b6283ab860efadd9d45c461420912f58.jpg",
                "https:\/\/cdn.poizon.com\/pro-img\/origin-img\/20230710\/3df1374639034a94b8bb9f2948e17c27.jpg",
                "https:\/\/cdn.poizon.com\/pro-img\/origin-img\/20230710\/653ed5125bc04873afa6679162dc1f30.jpg",
                "https:\/\/cdn.poizon.com\/pro-img\/origin-img\/20230710\/1f21ba184ec849f783a0a1f9aef30ecb.jpg",
                "https:\/\/cdn.poizon.com\/pro-img\/origin-img\/20230710\/691b784b637e42a79cbf6a9db1212aa2.jpg",
                "https:\/\/cdn.poizon.com\/pro-img\/origin-img\/20230710\/0dadf484476b401193ddafc463a6a01c.jpg",
                "https:\/\/cdn.poizon.com\/stark\/stark-web\/1740513263\/72e02250b00d932fc80e2fdc5c22635a.jpg",
                "https:\/\/cdn.poizon.com\/stark\/stark-web\/1740513263\/16ce9c345a9e669ddcbbd260e50d2f5a.jpg",
                "https:\/\/cdn.poizon.com\/stark\/stark-web\/1740513263\/c7de56b991d9b0643adb549594dd0a6b.jpg",
                "https:\/\/cdn.poizon.com\/stark\/stark-web\/1740513263\/6fa399d7092985a3cb3ee8e5a58a5da9.jpg"
            ],
            "price": 0,
            "purchasePrice": 0,
            "count": 0,
            "available": false,
            "timeDelivery": {
                "min": 15,
                "max": 24
            },
            "vat": "NO_VAT",
            "currency": "RUR",
            "params": [
                {
                    "key": "Цвет",
                    "value": "Белый серый"
                },
                {
                    "key": "Вариант",
                    "value": "Ширина D"
                },
                {
                    "key": "Размер",
                    "value": "37.5"
                }
            ],
            "vendor": "New Balance",
            "seriesName": ""
        },
        {
            "productId": 701506,
            "parentId": 701506,
            "url": "https:\/\/fast.dewu.com\/page\/productDetail?sourceName=sharedetail&spuId=5395906",
            "variantId": 626807556,
            "title": "New Balance Numeric Tiago Lemos 808",
            "description": "【Первоначальная цена приложения Get Things будет объявлена 23 июля 2023 года】",
            "vendorCode": "NM808WBY -4",
            "categoryId": 8713,
            "vendorId": 28,
            "images": [
                "https:\/\/cdn.poizon.com\/pro-img\/origin-img\/20230710\/7dc730b0076740af9501cc6357d35544.jpg",
                "https:\/\/cdn.poizon.com\/pro-img\/origin-img\/2025061523\/cfaf3191c0ecceffa5cce68098b79160.jpg",
                "https:\/\/cdn.poizon.com\/pro-img\/origin-img\/2025061523\/b6283ab860efadd9d45c461420912f58.jpg",
                "https:\/\/cdn.poizon.com\/pro-img\/origin-img\/20230710\/3df1374639034a94b8bb9f2948e17c27.jpg",
                "https:\/\/cdn.poizon.com\/pro-img\/origin-img\/20230710\/653ed5125bc04873afa6679162dc1f30.jpg",
                "https:\/\/cdn.poizon.com\/pro-img\/origin-img\/20230710\/1f21ba184ec849f783a0a1f9aef30ecb.jpg",
                "https:\/\/cdn.poizon.com\/pro-img\/origin-img\/20230710\/691b784b637e42a79cbf6a9db1212aa2.jpg",
                "https:\/\/cdn.poizon.com\/pro-img\/origin-img\/20230710\/0dadf484476b401193ddafc463a6a01c.jpg",
                "https:\/\/cdn.poizon.com\/stark\/stark-web\/1740513263\/72e02250b00d932fc80e2fdc5c22635a.jpg",
                "https:\/\/cdn.poizon.com\/stark\/stark-web\/1740513263\/16ce9c345a9e669ddcbbd260e50d2f5a.jpg",
                "https:\/\/cdn.poizon.com\/stark\/stark-web\/1740513263\/c7de56b991d9b0643adb549594dd0a6b.jpg",
                "https:\/\/cdn.poizon.com\/stark\/stark-web\/1740513263\/6fa399d7092985a3cb3ee8e5a58a5da9.jpg"
            ],
            "price": 0,
            "purchasePrice": 0,
            "count": 0,
            "available": false,
            "timeDelivery": {
                "min": 15,
                "max": 24
            },
            "vat": "NO_VAT",
            "currency": "RUR",
            "params": [
                {
                    "key": "Цвет",
                    "value": "Белый серый"
                },
                {
                    "key": "Вариант",
                    "value": "Ширина D"
                },
                {
                    "key": "Размер",
                    "value": "38"
                }
            ],
            "vendor": "New Balance",
            "seriesName": ""
        },
        {
            "productId": 701506,
            "parentId": 701506,
            "url": "https:\/\/fast.dewu.com\/page\/productDetail?sourceName=sharedetail&spuId=5395906",
            "variantId": 626807557,
            "title": "New Balance Numeric Tiago Lemos 808",
            "description": "【Первоначальная цена приложения Get Things будет объявлена 23 июля 2023 года】",
            "vendorCode": "NM808WBY -5",
            "categoryId": 8713,
            "vendorId": 28,
            "images": [
                "https:\/\/cdn.poizon.com\/pro-img\/origin-img\/20230710\/7dc730b0076740af9501cc6357d35544.jpg",
                "https:\/\/cdn.poizon.com\/pro-img\/origin-img\/2025061523\/cfaf3191c0ecceffa5cce68098b79160.jpg",
                "https:\/\/cdn.poizon.com\/pro-img\/origin-img\/2025061523\/b6283ab860efadd9d45c461420912f58.jpg",
                "https:\/\/cdn.poizon.com\/pro-img\/origin-img\/20230710\/3df1374639034a94b8bb9f2948e17c27.jpg",
                "https:\/\/cdn.poizon.com\/pro-img\/origin-img\/20230710\/653ed5125bc04873afa6679162dc1f30.jpg",
                "https:\/\/cdn.poizon.com\/pro-img\/origin-img\/20230710\/1f21ba184ec849f783a0a1f9aef30ecb.jpg",
                "https:\/\/cdn.poizon.com\/pro-img\/origin-img\/20230710\/691b784b637e42a79cbf6a9db1212aa2.jpg",
                "https:\/\/cdn.poizon.com\/pro-img\/origin-img\/20230710\/0dadf484476b401193ddafc463a6a01c.jpg",
                "https:\/\/cdn.poizon.com\/stark\/stark-web\/1740513263\/72e02250b00d932fc80e2fdc5c22635a.jpg",
                "https:\/\/cdn.poizon.com\/stark\/stark-web\/1740513263\/16ce9c345a9e669ddcbbd260e50d2f5a.jpg",
                "https:\/\/cdn.poizon.com\/stark\/stark-web\/1740513263\/c7de56b991d9b0643adb549594dd0a6b.jpg",
                "https:\/\/cdn.poizon.com\/stark\/stark-web\/1740513263\/6fa399d7092985a3cb3ee8e5a58a5da9.jpg"
            ],
            "price": 0,
            "purchasePrice": 0,
            "count": 0,
            "available": false,
            "timeDelivery": {
                "min": 15,
                "max": 24
            },
            "vat": "NO_VAT",
            "currency": "RUR",
            "params": [
                {
                    "key": "Цвет",
                    "value": "Белый серый"
                },
                {
                    "key": "Вариант",
                    "value": "Ширина D"
                },
                {
                    "key": "Размер",
                    "value": "38.5"
                }
            ],
            "vendor": "New Balance",
            "seriesName": ""
        },
        {
            "productId": 701506,
            "parentId": 701506,
            "url": "https:\/\/fast.dewu.com\/page\/productDetail?sourceName=sharedetail&spuId=5395906",
            "variantId": 626807558,
            "title": "New Balance Numeric Tiago Lemos 808",
            "description": "【Первоначальная цена приложения Get Things будет объявлена 23 июля 2023 года】",
            "vendorCode": "NM808WBY -6",
            "categoryId": 8713,
            "vendorId": 28,
            "images": [
                "https:\/\/cdn.poizon.com\/pro-img\/origin-img\/20230710\/7dc730b0076740af9501cc6357d35544.jpg",
                "https:\/\/cdn.poizon.com\/pro-img\/origin-img\/2025061523\/cfaf3191c0ecceffa5cce68098b79160.jpg",
                "https:\/\/cdn.poizon.com\/pro-img\/origin-img\/2025061523\/b6283ab860efadd9d45c461420912f58.jpg",
                "https:\/\/cdn.poizon.com\/pro-img\/origin-img\/20230710\/3df1374639034a94b8bb9f2948e17c27.jpg",
                "https:\/\/cdn.poizon.com\/pro-img\/origin-img\/20230710\/653ed5125bc04873afa6679162dc1f30.jpg",
                "https:\/\/cdn.poizon.com\/pro-img\/origin-img\/20230710\/1f21ba184ec849f783a0a1f9aef30ecb.jpg",
                "https:\/\/cdn.poizon.com\/pro-img\/origin-img\/20230710\/691b784b637e42a79cbf6a9db1212aa2.jpg",
                "https:\/\/cdn.poizon.com\/pro-img\/origin-img\/20230710\/0dadf484476b401193ddafc463a6a01c.jpg",
                "https:\/\/cdn.poizon.com\/stark\/stark-web\/1740513263\/72e02250b00d932fc80e2fdc5c22635a.jpg",
                "https:\/\/cdn.poizon.com\/stark\/stark-web\/1740513263\/16ce9c345a9e669ddcbbd260e50d2f5a.jpg",
                "https:\/\/cdn.poizon.com\/stark\/stark-web\/1740513263\/c7de56b991d9b0643adb549594dd0a6b.jpg",
                "https:\/\/cdn.poizon.com\/stark\/stark-web\/1740513263\/6fa399d7092985a3cb3ee8e5a58a5da9.jpg"
            ],
            "price": 0,
            "purchasePrice": 0,
            "count": 0,
            "available": false,
            "timeDelivery": {
                "min": 15,
                "max": 24
            },
            "vat": "NO_VAT",
            "currency": "RUR",
            "params": [
                {
                    "key": "Цвет",
                    "value": "Белый серый"
                },
                {
                    "key": "Вариант",
                    "value": "Ширина D"
                },
                {
                    "key": "Размер",
                    "value": "39.5"
                }
            ],
            "vendor": "New Balance",
            "seriesName": ""
        },
        {
            "productId": 701506,
            "parentId": 701506,
            "url": "https:\/\/fast.dewu.com\/page\/productDetail?sourceName=sharedetail&spuId=5395906",
            "variantId": 626807559,
            "title": "New Balance Numeric Tiago Lemos 808",
            "description": "【Первоначальная цена приложения Get Things будет объявлена 23 июля 2023 года】",
            "vendorCode": "NM808WBY -7",
            "categoryId": 8713,
            "vendorId": 28,
            "images": [
                "https:\/\/cdn.poizon.com\/pro-img\/origin-img\/20230710\/7dc730b0076740af9501cc6357d35544.jpg",
                "https:\/\/cdn.poizon.com\/pro-img\/origin-img\/2025061523\/cfaf3191c0ecceffa5cce68098b79160.jpg",
                "https:\/\/cdn.poizon.com\/pro-img\/origin-img\/2025061523\/b6283ab860efadd9d45c461420912f58.jpg",
                "https:\/\/cdn.poizon.com\/pro-img\/origin-img\/20230710\/3df1374639034a94b8bb9f2948e17c27.jpg",
                "https:\/\/cdn.poizon.com\/pro-img\/origin-img\/20230710\/653ed5125bc04873afa6679162dc1f30.jpg",
                "https:\/\/cdn.poizon.com\/pro-img\/origin-img\/20230710\/1f21ba184ec849f783a0a1f9aef30ecb.jpg",
                "https:\/\/cdn.poizon.com\/pro-img\/origin-img\/20230710\/691b784b637e42a79cbf6a9db1212aa2.jpg",
                "https:\/\/cdn.poizon.com\/pro-img\/origin-img\/20230710\/0dadf484476b401193ddafc463a6a01c.jpg",
                "https:\/\/cdn.poizon.com\/stark\/stark-web\/1740513263\/72e02250b00d932fc80e2fdc5c22635a.jpg",
                "https:\/\/cdn.poizon.com\/stark\/stark-web\/1740513263\/16ce9c345a9e669ddcbbd260e50d2f5a.jpg",
                "https:\/\/cdn.poizon.com\/stark\/stark-web\/1740513263\/c7de56b991d9b0643adb549594dd0a6b.jpg",
                "https:\/\/cdn.poizon.com\/stark\/stark-web\/1740513263\/6fa399d7092985a3cb3ee8e5a58a5da9.jpg"
            ],
            "price": 0,
            "purchasePrice": 0,
            "count": 0,
            "available": false,
            "timeDelivery": {
                "min": 15,
                "max": 24
            },
            "vat": "NO_VAT",
            "currency": "RUR",
            "params": [
                {
                    "key": "Цвет",
                    "value": "Белый серый"
                },
                {
                    "key": "Вариант",
                    "value": "Ширина D"
                },
                {
                    "key": "Размер",
                    "value": "40"
                }
            ],
            "vendor": "New Balance",
            "seriesName": ""
        },
        {
            "productId": 701506,
            "parentId": 701506,
            "url": "https:\/\/fast.dewu.com\/page\/productDetail?sourceName=sharedetail&spuId=5395906",
            "variantId": 626807560,
            "title": "New Balance Numeric Tiago Lemos 808",
            "description": "【Первоначальная цена приложения Get Things будет объявлена 23 июля 2023 года】",
            "vendorCode": "NM808WBY -8",
            "categoryId": 8713,
            "vendorId": 28,
            "images": [
                "https:\/\/cdn.poizon.com\/pro-img\/origin-img\/20230710\/7dc730b0076740af9501cc6357d35544.jpg",
                "https:\/\/cdn.poizon.com\/pro-img\/origin-img\/2025061523\/cfaf3191c0ecceffa5cce68098b79160.jpg",
                "https:\/\/cdn.poizon.com\/pro-img\/origin-img\/2025061523\/b6283ab860efadd9d45c461420912f58.jpg",
                "https:\/\/cdn.poizon.com\/pro-img\/origin-img\/20230710\/3df1374639034a94b8bb9f2948e17c27.jpg",
                "https:\/\/cdn.poizon.com\/pro-img\/origin-img\/20230710\/653ed5125bc04873afa6679162dc1f30.jpg",
                "https:\/\/cdn.poizon.com\/pro-img\/origin-img\/20230710\/1f21ba184ec849f783a0a1f9aef30ecb.jpg",
                "https:\/\/cdn.poizon.com\/pro-img\/origin-img\/20230710\/691b784b637e42a79cbf6a9db1212aa2.jpg",
                "https:\/\/cdn.poizon.com\/pro-img\/origin-img\/20230710\/0dadf484476b401193ddafc463a6a01c.jpg",
                "https:\/\/cdn.poizon.com\/stark\/stark-web\/1740513263\/72e02250b00d932fc80e2fdc5c22635a.jpg",
                "https:\/\/cdn.poizon.com\/stark\/stark-web\/1740513263\/16ce9c345a9e669ddcbbd260e50d2f5a.jpg",
                "https:\/\/cdn.poizon.com\/stark\/stark-web\/1740513263\/c7de56b991d9b0643adb549594dd0a6b.jpg",
                "https:\/\/cdn.poizon.com\/stark\/stark-web\/1740513263\/6fa399d7092985a3cb3ee8e5a58a5da9.jpg"
            ],
            "price": 890,
            "purchasePrice": 889,
            "count": 1,
            "available": true,
            "timeDelivery": {
                "min": 5,
                "max": 6
            },
            "vat": "NO_VAT",
            "currency": "RUR",
            "params": [
                {
                    "key": "Цвет",
                    "value": "Белый серый"
                },
                {
                    "key": "Вариант",
                    "value": "Ширина D"
                },
                {
                    "key": "Размер",
                    "value": "40.5"
                }
            ],
            "vendor": "New Balance",
            "seriesName": ""
        },
        {
            "productId": 701506,
            "parentId": 701506,
            "url": "https:\/\/fast.dewu.com\/page\/productDetail?sourceName=sharedetail&spuId=5395906",
            "variantId": 626807561,
            "title": "New Balance Numeric Tiago Lemos 808",
            "description": "【Первоначальная цена приложения Get Things будет объявлена 23 июля 2023 года】",
            "vendorCode": "NM808WBY -9",
            "categoryId": 8713,
            "vendorId": 28,
            "images": [
                "https:\/\/cdn.poizon.com\/pro-img\/origin-img\/20230710\/7dc730b0076740af9501cc6357d35544.jpg",
                "https:\/\/cdn.poizon.com\/pro-img\/origin-img\/2025061523\/cfaf3191c0ecceffa5cce68098b79160.jpg",
                "https:\/\/cdn.poizon.com\/pro-img\/origin-img\/2025061523\/b6283ab860efadd9d45c461420912f58.jpg",
                "https:\/\/cdn.poizon.com\/pro-img\/origin-img\/20230710\/3df1374639034a94b8bb9f2948e17c27.jpg",
                "https:\/\/cdn.poizon.com\/pro-img\/origin-img\/20230710\/653ed5125bc04873afa6679162dc1f30.jpg",
                "https:\/\/cdn.poizon.com\/pro-img\/origin-img\/20230710\/1f21ba184ec849f783a0a1f9aef30ecb.jpg",
                "https:\/\/cdn.poizon.com\/pro-img\/origin-img\/20230710\/691b784b637e42a79cbf6a9db1212aa2.jpg",
                "https:\/\/cdn.poizon.com\/pro-img\/origin-img\/20230710\/0dadf484476b401193ddafc463a6a01c.jpg",
                "https:\/\/cdn.poizon.com\/stark\/stark-web\/1740513263\/72e02250b00d932fc80e2fdc5c22635a.jpg",
                "https:\/\/cdn.poizon.com\/stark\/stark-web\/1740513263\/16ce9c345a9e669ddcbbd260e50d2f5a.jpg",
                "https:\/\/cdn.poizon.com\/stark\/stark-web\/1740513263\/c7de56b991d9b0643adb549594dd0a6b.jpg",
                "https:\/\/cdn.poizon.com\/stark\/stark-web\/1740513263\/6fa399d7092985a3cb3ee8e5a58a5da9.jpg"
            ],
            "price": 990,
            "purchasePrice": 929,
            "count": 1,
            "available": true,
            "timeDelivery": {
                "min": 5,
                "max": 6
            },
            "vat": "NO_VAT",
            "currency": "RUR",
            "params": [
                {
                    "key": "Цвет",
                    "value": "Белый серый"
                },
                {
                    "key": "Вариант",
                    "value": "Ширина D"
                },
                {
                    "key": "Размер",
                    "value": "41.5"
                }
            ],
            "vendor": "New Balance",
            "seriesName": ""
        },
        {
            "productId": 701506,
            "parentId": 701506,
            "url": "https:\/\/fast.dewu.com\/page\/productDetail?sourceName=sharedetail&spuId=5395906",
            "variantId": 626807562,
            "title": "New Balance Numeric Tiago Lemos 808",
            "description": "【Первоначальная цена приложения Get Things будет объявлена 23 июля 2023 года】",
            "vendorCode": "NM808WBY -10",
            "categoryId": 8713,
            "vendorId": 28,
            "images": [
                "https:\/\/cdn.poizon.com\/pro-img\/origin-img\/20230710\/7dc730b0076740af9501cc6357d35544.jpg",
                "https:\/\/cdn.poizon.com\/pro-img\/origin-img\/2025061523\/cfaf3191c0ecceffa5cce68098b79160.jpg",
                "https:\/\/cdn.poizon.com\/pro-img\/origin-img\/2025061523\/b6283ab860efadd9d45c461420912f58.jpg",
                "https:\/\/cdn.poizon.com\/pro-img\/origin-img\/20230710\/3df1374639034a94b8bb9f2948e17c27.jpg",
                "https:\/\/cdn.poizon.com\/pro-img\/origin-img\/20230710\/653ed5125bc04873afa6679162dc1f30.jpg",
                "https:\/\/cdn.poizon.com\/pro-img\/origin-img\/20230710\/1f21ba184ec849f783a0a1f9aef30ecb.jpg",
                "https:\/\/cdn.poizon.com\/pro-img\/origin-img\/20230710\/691b784b637e42a79cbf6a9db1212aa2.jpg",
                "https:\/\/cdn.poizon.com\/pro-img\/origin-img\/20230710\/0dadf484476b401193ddafc463a6a01c.jpg",
                "https:\/\/cdn.poizon.com\/stark\/stark-web\/1740513263\/72e02250b00d932fc80e2fdc5c22635a.jpg",
                "https:\/\/cdn.poizon.com\/stark\/stark-web\/1740513263\/16ce9c345a9e669ddcbbd260e50d2f5a.jpg",
                "https:\/\/cdn.poizon.com\/stark\/stark-web\/1740513263\/c7de56b991d9b0643adb549594dd0a6b.jpg",
                "https:\/\/cdn.poizon.com\/stark\/stark-web\/1740513263\/6fa399d7092985a3cb3ee8e5a58a5da9.jpg"
            ],
            "price": 1190,
            "purchasePrice": 1099,
            "count": 1,
            "available": true,
            "timeDelivery": {
                "min": 5,
                "max": 6
            },
            "vat": "NO_VAT",
            "currency": "RUR",
            "params": [
                {
                    "key": "Цвет",
                    "value": "Белый серый"
                },
                {
                    "key": "Вариант",
                    "value": "Ширина D"
                },
                {
                    "key": "Размер",
                    "value": "42"
                }
            ],
            "vendor": "New Balance",
            "seriesName": ""
        },
        {
            "productId": 701506,
            "parentId": 701506,
            "url": "https:\/\/fast.dewu.com\/page\/productDetail?sourceName=sharedetail&spuId=5395906",
            "variantId": 626807563,
            "title": "New Balance Numeric Tiago Lemos 808",
            "description": "【Первоначальная цена приложения Get Things будет объявлена 23 июля 2023 года】",
            "vendorCode": "NM808WBY -11",
            "categoryId": 8713,
            "vendorId": 28,
            "images": [
                "https:\/\/cdn.poizon.com\/pro-img\/origin-img\/20230710\/7dc730b0076740af9501cc6357d35544.jpg",
                "https:\/\/cdn.poizon.com\/pro-img\/origin-img\/2025061523\/cfaf3191c0ecceffa5cce68098b79160.jpg",
                "https:\/\/cdn.poizon.com\/pro-img\/origin-img\/2025061523\/b6283ab860efadd9d45c461420912f58.jpg",
                "https:\/\/cdn.poizon.com\/pro-img\/origin-img\/20230710\/3df1374639034a94b8bb9f2948e17c27.jpg",
                "https:\/\/cdn.poizon.com\/pro-img\/origin-img\/20230710\/653ed5125bc04873afa6679162dc1f30.jpg",
                "https:\/\/cdn.poizon.com\/pro-img\/origin-img\/20230710\/1f21ba184ec849f783a0a1f9aef30ecb.jpg",
                "https:\/\/cdn.poizon.com\/pro-img\/origin-img\/20230710\/691b784b637e42a79cbf6a9db1212aa2.jpg",
                "https:\/\/cdn.poizon.com\/pro-img\/origin-img\/20230710\/0dadf484476b401193ddafc463a6a01c.jpg",
                "https:\/\/cdn.poizon.com\/stark\/stark-web\/1740513263\/72e02250b00d932fc80e2fdc5c22635a.jpg",
                "https:\/\/cdn.poizon.com\/stark\/stark-web\/1740513263\/16ce9c345a9e669ddcbbd260e50d2f5a.jpg",
                "https:\/\/cdn.poizon.com\/stark\/stark-web\/1740513263\/c7de56b991d9b0643adb549594dd0a6b.jpg",
                "https:\/\/cdn.poizon.com\/stark\/stark-web\/1740513263\/6fa399d7092985a3cb3ee8e5a58a5da9.jpg"
            ],
            "price": 1090,
            "purchasePrice": 999,
            "count": 1,
            "available": true,
            "timeDelivery": {
                "min": 5,
                "max": 6
            },
            "vat": "NO_VAT",
            "currency": "RUR",
            "params": [
                {
                    "key": "Цвет",
                    "value": "Белый серый"
                },
                {
                    "key": "Вариант",
                    "value": "Ширина D"
                },
                {
                    "key": "Размер",
                    "value": "42.5"
                }
            ],
            "vendor": "New Balance",
            "seriesName": ""
        },
        {
            "productId": 701506,
            "parentId": 701506,
            "url": "https:\/\/fast.dewu.com\/page\/productDetail?sourceName=sharedetail&spuId=5395906",
            "variantId": 626807564,
            "title": "New Balance Numeric Tiago Lemos 808",
            "description": "【Первоначальная цена приложения Get Things будет объявлена 23 июля 2023 года】",
            "vendorCode": "NM808WBY -12",
            "categoryId": 8713,
            "vendorId": 28,
            "images": [
                "https:\/\/cdn.poizon.com\/pro-img\/origin-img\/20230710\/7dc730b0076740af9501cc6357d35544.jpg",
                "https:\/\/cdn.poizon.com\/pro-img\/origin-img\/2025061523\/cfaf3191c0ecceffa5cce68098b79160.jpg",
                "https:\/\/cdn.poizon.com\/pro-img\/origin-img\/2025061523\/b6283ab860efadd9d45c461420912f58.jpg",
                "https:\/\/cdn.poizon.com\/pro-img\/origin-img\/20230710\/3df1374639034a94b8bb9f2948e17c27.jpg",
                "https:\/\/cdn.poizon.com\/pro-img\/origin-img\/20230710\/653ed5125bc04873afa6679162dc1f30.jpg",
                "https:\/\/cdn.poizon.com\/pro-img\/origin-img\/20230710\/1f21ba184ec849f783a0a1f9aef30ecb.jpg",
                "https:\/\/cdn.poizon.com\/pro-img\/origin-img\/20230710\/691b784b637e42a79cbf6a9db1212aa2.jpg",
                "https:\/\/cdn.poizon.com\/pro-img\/origin-img\/20230710\/0dadf484476b401193ddafc463a6a01c.jpg",
                "https:\/\/cdn.poizon.com\/stark\/stark-web\/1740513263\/72e02250b00d932fc80e2fdc5c22635a.jpg",
                "https:\/\/cdn.poizon.com\/stark\/stark-web\/1740513263\/16ce9c345a9e669ddcbbd260e50d2f5a.jpg",
                "https:\/\/cdn.poizon.com\/stark\/stark-web\/1740513263\/c7de56b991d9b0643adb549594dd0a6b.jpg",
                "https:\/\/cdn.poizon.com\/stark\/stark-web\/1740513263\/6fa399d7092985a3cb3ee8e5a58a5da9.jpg"
            ],
            "price": 0,
            "purchasePrice": 0,
            "count": 0,
            "available": false,
            "timeDelivery": {
                "min": 15,
                "max": 24
            },
            "vat": "NO_VAT",
            "currency": "RUR",
            "params": [
                {
                    "key": "Цвет",
                    "value": "Белый серый"
                },
                {
                    "key": "Вариант",
                    "value": "Ширина D"
                },
                {
                    "key": "Размер",
                    "value": "43"
                }
            ],
            "vendor": "New Balance",
            "seriesName": ""
        },
        {
            "productId": 701506,
            "parentId": 701506,
            "url": "https:\/\/fast.dewu.com\/page\/productDetail?sourceName=sharedetail&spuId=5395906",
            "variantId": 626807565,
            "title": "New Balance Numeric Tiago Lemos 808",
            "description": "【Первоначальная цена приложения Get Things будет объявлена 23 июля 2023 года】",
            "vendorCode": "NM808WBY -13",
            "categoryId": 8713,
            "vendorId": 28,
            "images": [
                "https:\/\/cdn.poizon.com\/pro-img\/origin-img\/20230710\/7dc730b0076740af9501cc6357d35544.jpg",
                "https:\/\/cdn.poizon.com\/pro-img\/origin-img\/2025061523\/cfaf3191c0ecceffa5cce68098b79160.jpg",
                "https:\/\/cdn.poizon.com\/pro-img\/origin-img\/2025061523\/b6283ab860efadd9d45c461420912f58.jpg",
                "https:\/\/cdn.poizon.com\/pro-img\/origin-img\/20230710\/3df1374639034a94b8bb9f2948e17c27.jpg",
                "https:\/\/cdn.poizon.com\/pro-img\/origin-img\/20230710\/653ed5125bc04873afa6679162dc1f30.jpg",
                "https:\/\/cdn.poizon.com\/pro-img\/origin-img\/20230710\/1f21ba184ec849f783a0a1f9aef30ecb.jpg",
                "https:\/\/cdn.poizon.com\/pro-img\/origin-img\/20230710\/691b784b637e42a79cbf6a9db1212aa2.jpg",
                "https:\/\/cdn.poizon.com\/pro-img\/origin-img\/20230710\/0dadf484476b401193ddafc463a6a01c.jpg",
                "https:\/\/cdn.poizon.com\/stark\/stark-web\/1740513263\/72e02250b00d932fc80e2fdc5c22635a.jpg",
                "https:\/\/cdn.poizon.com\/stark\/stark-web\/1740513263\/16ce9c345a9e669ddcbbd260e50d2f5a.jpg",
                "https:\/\/cdn.poizon.com\/stark\/stark-web\/1740513263\/c7de56b991d9b0643adb549594dd0a6b.jpg",
                "https:\/\/cdn.poizon.com\/stark\/stark-web\/1740513263\/6fa399d7092985a3cb3ee8e5a58a5da9.jpg"
            ],
            "price": 0,
            "purchasePrice": 0,
            "count": 0,
            "available": false,
            "timeDelivery": {
                "min": 15,
                "max": 24
            },
            "vat": "NO_VAT",
            "currency": "RUR",
            "params": [
                {
                    "key": "Цвет",
                    "value": "Белый серый"
                },
                {
                    "key": "Вариант",
                    "value": "Ширина D"
                },
                {
                    "key": "Размер",
                    "value": "44"
                }
            ],
            "vendor": "New Balance",
            "seriesName": ""
        },
        {
            "productId": 701506,
            "parentId": 701506,
            "url": "https:\/\/fast.dewu.com\/page\/productDetail?sourceName=sharedetail&spuId=5395906",
            "variantId": 626807566,
            "title": "New Balance Numeric Tiago Lemos 808",
            "description": "【Первоначальная цена приложения Get Things будет объявлена 23 июля 2023 года】",
            "vendorCode": "NM808WBY -14",
            "categoryId": 8713,
            "vendorId": 28,
            "images": [
                "https:\/\/cdn.poizon.com\/pro-img\/origin-img\/20230710\/7dc730b0076740af9501cc6357d35544.jpg",
                "https:\/\/cdn.poizon.com\/pro-img\/origin-img\/2025061523\/cfaf3191c0ecceffa5cce68098b79160.jpg",
                "https:\/\/cdn.poizon.com\/pro-img\/origin-img\/2025061523\/b6283ab860efadd9d45c461420912f58.jpg",
                "https:\/\/cdn.poizon.com\/pro-img\/origin-img\/20230710\/3df1374639034a94b8bb9f2948e17c27.jpg",
                "https:\/\/cdn.poizon.com\/pro-img\/origin-img\/20230710\/653ed5125bc04873afa6679162dc1f30.jpg",
                "https:\/\/cdn.poizon.com\/pro-img\/origin-img\/20230710\/1f21ba184ec849f783a0a1f9aef30ecb.jpg",
                "https:\/\/cdn.poizon.com\/pro-img\/origin-img\/20230710\/691b784b637e42a79cbf6a9db1212aa2.jpg",
                "https:\/\/cdn.poizon.com\/pro-img\/origin-img\/20230710\/0dadf484476b401193ddafc463a6a01c.jpg",
                "https:\/\/cdn.poizon.com\/stark\/stark-web\/1740513263\/72e02250b00d932fc80e2fdc5c22635a.jpg",
                "https:\/\/cdn.poizon.com\/stark\/stark-web\/1740513263\/16ce9c345a9e669ddcbbd260e50d2f5a.jpg",
                "https:\/\/cdn.poizon.com\/stark\/stark-web\/1740513263\/c7de56b991d9b0643adb549594dd0a6b.jpg",
                "https:\/\/cdn.poizon.com\/stark\/stark-web\/1740513263\/6fa399d7092985a3cb3ee8e5a58a5da9.jpg"
            ],
            "price": 0,
            "purchasePrice": 0,
            "count": 0,
            "available": false,
            "timeDelivery": {
                "min": 15,
                "max": 24
            },
            "vat": "NO_VAT",
            "currency": "RUR",
            "params": [
                {
                    "key": "Цвет",
                    "value": "Белый серый"
                },
                {
                    "key": "Вариант",
                    "value": "Ширина D"
                },
                {
                    "key": "Размер",
                    "value": "44.5"
                }
            ],
            "vendor": "New Balance",
            "seriesName": ""
        },
        {
            "productId": 701506,
            "parentId": 701506,
            "url": "https:\/\/fast.dewu.com\/page\/productDetail?sourceName=sharedetail&spuId=5395906",
            "variantId": 626807567,
            "title": "New Balance Numeric Tiago Lemos 808",
            "description": "【Первоначальная цена приложения Get Things будет объявлена 23 июля 2023 года】",
            "vendorCode": "NM808WBY -15",
            "categoryId": 8713,
            "vendorId": 28,
            "images": [
                "https:\/\/cdn.poizon.com\/pro-img\/origin-img\/20230710\/7dc730b0076740af9501cc6357d35544.jpg",
                "https:\/\/cdn.poizon.com\/pro-img\/origin-img\/2025061523\/cfaf3191c0ecceffa5cce68098b79160.jpg",
                "https:\/\/cdn.poizon.com\/pro-img\/origin-img\/2025061523\/b6283ab860efadd9d45c461420912f58.jpg",
                "https:\/\/cdn.poizon.com\/pro-img\/origin-img\/20230710\/3df1374639034a94b8bb9f2948e17c27.jpg",
                "https:\/\/cdn.poizon.com\/pro-img\/origin-img\/20230710\/653ed5125bc04873afa6679162dc1f30.jpg",
                "https:\/\/cdn.poizon.com\/pro-img\/origin-img\/20230710\/1f21ba184ec849f783a0a1f9aef30ecb.jpg",
                "https:\/\/cdn.poizon.com\/pro-img\/origin-img\/20230710\/691b784b637e42a79cbf6a9db1212aa2.jpg",
                "https:\/\/cdn.poizon.com\/pro-img\/origin-img\/20230710\/0dadf484476b401193ddafc463a6a01c.jpg",
                "https:\/\/cdn.poizon.com\/stark\/stark-web\/1740513263\/72e02250b00d932fc80e2fdc5c22635a.jpg",
                "https:\/\/cdn.poizon.com\/stark\/stark-web\/1740513263\/16ce9c345a9e669ddcbbd260e50d2f5a.jpg",
                "https:\/\/cdn.poizon.com\/stark\/stark-web\/1740513263\/c7de56b991d9b0643adb549594dd0a6b.jpg",
                "https:\/\/cdn.poizon.com\/stark\/stark-web\/1740513263\/6fa399d7092985a3cb3ee8e5a58a5da9.jpg"
            ],
            "price": 0,
            "purchasePrice": 0,
            "count": 0,
            "available": false,
            "timeDelivery": {
                "min": 15,
                "max": 24
            },
            "vat": "NO_VAT",
            "currency": "RUR",
            "params": [
                {
                    "key": "Цвет",
                    "value": "Белый серый"
                },
                {
                    "key": "Вариант",
                    "value": "Ширина D"
                },
                {
                    "key": "Размер",
                    "value": "45"
                }
            ],
            "vendor": "New Balance",
            "seriesName": ""
        },
        {
            "productId": 701506,
            "parentId": 701506,
            "url": "https:\/\/fast.dewu.com\/page\/productDetail?sourceName=sharedetail&spuId=5395906",
            "variantId": 626807568,
            "title": "New Balance Numeric Tiago Lemos 808",
            "description": "【Первоначальная цена приложения Get Things будет объявлена 23 июля 2023 года】",
            "vendorCode": "NM808WBY -16",
            "categoryId": 8713,
            "vendorId": 28,
            "images": [
                "https:\/\/cdn.poizon.com\/pro-img\/origin-img\/20230710\/7dc730b0076740af9501cc6357d35544.jpg",
                "https:\/\/cdn.poizon.com\/pro-img\/origin-img\/2025061523\/cfaf3191c0ecceffa5cce68098b79160.jpg",
                "https:\/\/cdn.poizon.com\/pro-img\/origin-img\/2025061523\/b6283ab860efadd9d45c461420912f58.jpg",
                "https:\/\/cdn.poizon.com\/pro-img\/origin-img\/20230710\/3df1374639034a94b8bb9f2948e17c27.jpg",
                "https:\/\/cdn.poizon.com\/pro-img\/origin-img\/20230710\/653ed5125bc04873afa6679162dc1f30.jpg",
                "https:\/\/cdn.poizon.com\/pro-img\/origin-img\/20230710\/1f21ba184ec849f783a0a1f9aef30ecb.jpg",
                "https:\/\/cdn.poizon.com\/pro-img\/origin-img\/20230710\/691b784b637e42a79cbf6a9db1212aa2.jpg",
                "https:\/\/cdn.poizon.com\/pro-img\/origin-img\/20230710\/0dadf484476b401193ddafc463a6a01c.jpg",
                "https:\/\/cdn.poizon.com\/stark\/stark-web\/1740513263\/72e02250b00d932fc80e2fdc5c22635a.jpg",
                "https:\/\/cdn.poizon.com\/stark\/stark-web\/1740513263\/16ce9c345a9e669ddcbbd260e50d2f5a.jpg",
                "https:\/\/cdn.poizon.com\/stark\/stark-web\/1740513263\/c7de56b991d9b0643adb549594dd0a6b.jpg",
                "https:\/\/cdn.poizon.com\/stark\/stark-web\/1740513263\/6fa399d7092985a3cb3ee8e5a58a5da9.jpg"
            ],
            "price": 0,
            "purchasePrice": 0,
            "count": 0,
            "available": false,
            "timeDelivery": {
                "min": 15,
                "max": 24
            },
            "vat": "NO_VAT",
            "currency": "RUR",
            "params": [
                {
                    "key": "Цвет",
                    "value": "Белый серый"
                },
                {
                    "key": "Вариант",
                    "value": "Ширина D"
                },
                {
                    "key": "Размер",
                    "value": "45.5"
                }
            ],
            "vendor": "New Balance",
            "seriesName": ""
        },
        {
            "productId": 701506,
            "parentId": 701506,
            "url": "https:\/\/fast.dewu.com\/page\/productDetail?sourceName=sharedetail&spuId=5395906",
            "variantId": 626807569,
            "title": "New Balance Numeric Tiago Lemos 808",
            "description": "【Первоначальная цена приложения Get Things будет объявлена 23 июля 2023 года】",
            "vendorCode": "NM808WBY -17",
            "categoryId": 8713,
            "vendorId": 28,
            "images": [
                "https:\/\/cdn.poizon.com\/pro-img\/origin-img\/20230710\/7dc730b0076740af9501cc6357d35544.jpg",
                "https:\/\/cdn.poizon.com\/pro-img\/origin-img\/2025061523\/cfaf3191c0ecceffa5cce68098b79160.jpg",
                "https:\/\/cdn.poizon.com\/pro-img\/origin-img\/2025061523\/b6283ab860efadd9d45c461420912f58.jpg",
                "https:\/\/cdn.poizon.com\/pro-img\/origin-img\/20230710\/3df1374639034a94b8bb9f2948e17c27.jpg",
                "https:\/\/cdn.poizon.com\/pro-img\/origin-img\/20230710\/653ed5125bc04873afa6679162dc1f30.jpg",
                "https:\/\/cdn.poizon.com\/pro-img\/origin-img\/20230710\/1f21ba184ec849f783a0a1f9aef30ecb.jpg",
                "https:\/\/cdn.poizon.com\/pro-img\/origin-img\/20230710\/691b784b637e42a79cbf6a9db1212aa2.jpg",
                "https:\/\/cdn.poizon.com\/pro-img\/origin-img\/20230710\/0dadf484476b401193ddafc463a6a01c.jpg",
                "https:\/\/cdn.poizon.com\/stark\/stark-web\/1740513263\/72e02250b00d932fc80e2fdc5c22635a.jpg",
                "https:\/\/cdn.poizon.com\/stark\/stark-web\/1740513263\/16ce9c345a9e669ddcbbd260e50d2f5a.jpg",
                "https:\/\/cdn.poizon.com\/stark\/stark-web\/1740513263\/c7de56b991d9b0643adb549594dd0a6b.jpg",
                "https:\/\/cdn.poizon.com\/stark\/stark-web\/1740513263\/6fa399d7092985a3cb3ee8e5a58a5da9.jpg"
            ],
            "price": 0,
            "purchasePrice": 0,
            "count": 0,
            "available": false,
            "timeDelivery": {
                "min": 15,
                "max": 24
            },
            "vat": "NO_VAT",
            "currency": "RUR",
            "params": [
                {
                    "key": "Цвет",
                    "value": "Белый серый"
                },
                {
                    "key": "Вариант",
                    "value": "Ширина D"
                },
                {
                    "key": "Размер",
                    "value": "46.5"
                }
            ],
            "vendor": "New Balance",
            "seriesName": ""
        }
    ]
}
[2025-11-08 18:43:05] 
[2025-11-08 18:43:05] [91/316] Импорт: New Balance NB Pro Court (ID: 701510)
[2025-11-08 18:43:05] Батч-вставка размеров: 15 шт для product_id=140
[2025-11-08 18:43:05] Импортировано изображений вариантов: 75 для product_id=140
[2025-11-08 18:43:05]      Успешно импортирован
[2025-11-08 18:43:05] [92/316] Импорт: New Balance NB 101 (ID: 701511)
[2025-11-08 18:43:05] Батч-вставка размеров: 15 шт для product_id=141
[2025-11-08 18:43:05] Импортировано изображений вариантов: 60 для product_id=141
[2025-11-08 18:43:05]      Успешно импортирован
[2025-11-08 18:43:05] [93/316] Импорт: New Balance NB 300 (ID: 701512)
[2025-11-08 18:43:05] Батч-вставка размеров: 15 шт для product_id=142
[2025-11-08 18:43:05] Импортировано изображений вариантов: 75 для product_id=142
[2025-11-08 18:43:05]      Успешно импортирован
[2025-11-08 18:43:05] [94/316] Импорт: New Balance NB 2002R (ID: 706117)
[2025-11-08 18:43:05] Батч-вставка размеров: 16 шт для product_id=143
[2025-11-08 18:43:05] Импортировано изображений вариантов: 160 для product_id=143
[2025-11-08 18:43:05]      Успешно импортирован
[2025-11-08 18:43:05] [95/316] Импорт: New Balance NB 237 (ID: 706135)
[2025-11-08 18:43:05] Батч-вставка размеров: 7 шт для product_id=144
[2025-11-08 18:43:05] Импортировано изображений вариантов: 35 для product_id=144
[2025-11-08 18:43:05]      Успешно импортирован
[2025-11-08 18:43:05] [96/316] Импорт: New Balance Wmns 530 (ID: 706136)
[2025-11-08 18:43:05] Батч-вставка размеров: 8 шт для product_id=145
[2025-11-08 18:43:05] Импортировано изображений вариантов: 32 для product_id=145
[2025-11-08 18:43:05]      Успешно импортирован
[2025-11-08 18:43:05] [97/316] Импорт: New Balance NB 530 (ID: 706140)
[2025-11-08 18:43:05] Батч-вставка размеров: 15 шт для product_id=146
[2025-11-08 18:43:05] Импортировано изображений вариантов: 75 для product_id=146
[2025-11-08 18:43:05]      Успешно импортирован
[2025-11-08 18:43:05] [98/316] Импорт: New Balance NB 530 D (ID: 706142)
[2025-11-08 18:43:05] Батч-вставка размеров: 20 шт для product_id=147
[2025-11-08 18:43:05] Импортировано изображений вариантов: 100 для product_id=147
[2025-11-08 18:43:05]      Успешно импортирован
[2025-11-08 18:43:05] [99/316] Импорт: New Balance NB 530 "90's Running Leather" (ID: 706147)
[2025-11-08 18:43:05] Батч-вставка размеров: 10 шт для product_id=148
[2025-11-08 18:43:05] Импортировано изображений вариантов: 40 для product_id=148
[2025-11-08 18:43:05]      Успешно импортирован
[2025-11-08 18:43:05] [100/316] Импорт: New Balance NB 996 Logo (ID: 706540)
[2025-11-08 18:43:05] Батч-вставка размеров: 16 шт для product_id=149
[2025-11-08 18:43:05] Импортировано изображений вариантов: 64 для product_id=149
[2025-11-08 18:43:05]      Успешно импортирован
[2025-11-08 18:43:05] [101/316] Импорт: New Balance NB 574 (ID: 706583)
[2025-11-08 18:43:05] Батч-вставка размеров: 10 шт для product_id=150
[2025-11-08 18:43:05] Импортировано изображений вариантов: 60 для product_id=150
[2025-11-08 18:43:05]      Успешно импортирован
[2025-11-08 18:43:05] [102/316] Импорт: New Balance NB 996 (ID: 706651)
[2025-11-08 18:43:05] Батч-вставка размеров: 17 шт для product_id=151
[2025-11-08 18:43:05] Импортировано изображений вариантов: 85 для product_id=151
[2025-11-08 18:43:05]      Успешно импортирован
[2025-11-08 18:43:05] [103/316] Импорт: New Balance NB 880 (ID: 706660)
[2025-11-08 18:43:05] Батч-вставка размеров: 9 шт для product_id=152
[2025-11-08 18:43:05] Импортировано изображений вариантов: 45 для product_id=152
[2025-11-08 18:43:05]      Успешно импортирован
[2025-11-08 18:43:05] [104/316] Импорт: New Balance NB 520 D (ID: 706661)
[2025-11-08 18:43:05] Батч-вставка размеров: 15 шт для product_id=153
[2025-11-08 18:43:05] Импортировано изображений вариантов: 75 для product_id=153
[2025-11-08 18:43:05]      Успешно импортирован
[2025-11-08 18:43:05] [105/316] Импорт: New Balance NB 997S D (ID: 706891)
[2025-11-08 18:43:05] Батч-вставка размеров: 14 шт для product_id=154
[2025-11-08 18:43:05] Импортировано изображений вариантов: 56 для product_id=154
[2025-11-08 18:43:05]      Успешно импортирован
[2025-11-08 18:43:05] [106/316] Импорт: New Balance NB 990 V4 (ID: 706899)
[2025-11-08 18:43:05] Батч-вставка размеров: 17 шт для product_id=155
[2025-11-08 18:43:05] Импортировано изображений вариантов: 51 для product_id=155
[2025-11-08 18:43:05]      Успешно импортирован
[2025-11-08 18:43:05] [107/316] Импорт: New Balance NB 300 (ID: 706910)
[2025-11-08 18:43:05] Батч-вставка размеров: 13 шт для product_id=156
[2025-11-08 18:43:05] Импортировано изображений вариантов: 65 для product_id=156
[2025-11-08 18:43:05]      Успешно импортирован
[2025-11-08 18:43:05] [108/316] Импорт: New Balance NB 574 B (ID: 706927)
[2025-11-08 18:43:05] Батч-вставка размеров: 8 шт для product_id=157
[2025-11-08 18:43:05] Импортировано изображений вариантов: 40 для product_id=157
[2025-11-08 18:43:05]      Успешно импортирован
[2025-11-08 18:43:05] [109/316] Импорт: New Balance NB 576 (ID: 706992)
[2025-11-08 18:43:05] Батч-вставка размеров: 11 шт для product_id=158
[2025-11-08 18:43:05] Импортировано изображений вариантов: 44 для product_id=158
[2025-11-08 18:43:05]      Успешно импортирован
[2025-11-08 18:43:05] [110/316] Импорт: Niko and ... x New Balance NB 327 (ID: 707045)
[2025-11-08 18:43:05] Батч-вставка размеров: 13 шт для product_id=159
[2025-11-08 18:43:05] Импортировано изображений вариантов: 26 для product_id=159
[2025-11-08 18:43:05]      Успешно импортирован
[2025-11-08 18:43:05] [111/316] Импорт: New Balance NB 574 (ID: 707071)
[2025-11-08 18:43:05] Батч-вставка размеров: 9 шт для product_id=160
[2025-11-08 18:43:05] Импортировано изображений вариантов: 45 для product_id=160
[2025-11-08 18:43:05]      Успешно импортирован
[2025-11-08 18:43:05] [112/316] Импорт: New Balance NB 997 (ID: 707072)
[2025-11-08 18:43:05] Батч-вставка размеров: 9 шт для product_id=161
[2025-11-08 18:43:05] Импортировано изображений вариантов: 36 для product_id=161
[2025-11-08 18:43:05]      Успешно импортирован
[2025-11-08 18:43:05] [113/316] Импорт: New Balance NB FuelCell Rebel v2 (ID: 707151)
[2025-11-08 18:43:05] Батч-вставка размеров: 18 шт для product_id=162
[2025-11-08 18:43:05] Импортировано изображений вариантов: 108 для product_id=162
[2025-11-08 18:43:05]      Успешно импортирован
[2025-11-08 18:43:05] [114/316] Импорт: New Balance NB 997S (ID: 707155)
[2025-11-08 18:43:05] Батч-вставка размеров: 14 шт для product_id=163
[2025-11-08 18:43:05] Импортировано изображений вариантов: 70 для product_id=163
[2025-11-08 18:43:05]      Успешно импортирован
[2025-11-08 18:43:05] [115/316] Импорт: New Balance NB 1500 v6 "City Pack" PU 2E (ID: 707230)
[2025-11-08 18:43:05] Батч-вставка размеров: 9 шт для product_id=164
[2025-11-08 18:43:05] Импортировано изображений вариантов: 36 для product_id=164
[2025-11-08 18:43:05]      Успешно импортирован
[2025-11-08 18:43:05] [116/316] Импорт: New Balance NB 9000 (ID: 707231)
[2025-11-08 18:43:05] Батч-вставка размеров: 16 шт для product_id=165
[2025-11-08 18:43:05] Импортировано изображений вариантов: 80 для product_id=165
[2025-11-08 18:43:05]      Успешно импортирован
[2025-11-08 18:43:05] [117/316] Импорт: New Balance NB 530 (ID: 707240)
[2025-11-08 18:43:05] Батч-вставка размеров: 10 шт для product_id=166
[2025-11-08 18:43:05] Импортировано изображений вариантов: 50 для product_id=166
[2025-11-08 18:43:05]      Успешно импортирован
[2025-11-08 18:43:05] [118/316] Импорт: New Balance NB 574 LOGO (ID: 707245)
[2025-11-08 18:43:05] Батч-вставка размеров: 6 шт для product_id=167
[2025-11-08 18:43:05] Импортировано изображений вариантов: 30 для product_id=167
[2025-11-08 18:43:05]      Успешно импортирован
[2025-11-08 18:43:05] [119/316] Импорт: New Balance NB 574 (ID: 707274)
[2025-11-08 18:43:05] Батч-вставка размеров: 11 шт для product_id=168
[2025-11-08 18:43:05] Импортировано изображений вариантов: 44 для product_id=168
[2025-11-08 18:43:05]      Успешно импортирован
[2025-11-08 18:43:05] [120/316] Импорт: New Balance Hierro v2 Fresh Foam Hierro v2 (ID: 707319)
[2025-11-08 18:43:05] Батч-вставка размеров: 16 шт для product_id=169
[2025-11-08 18:43:05] Импортировано изображений вариантов: 64 для product_id=169
[2025-11-08 18:43:05]      Успешно импортирован
[2025-11-08 18:43:05] [121/316] Импорт: New Balance NB 574 (ID: 707359)
[2025-11-08 18:43:05] Батч-вставка размеров: 8 шт для product_id=170
[2025-11-08 18:43:05] Импортировано изображений вариантов: 32 для product_id=170
[2025-11-08 18:43:05]      Успешно импортирован
[2025-11-08 18:43:05] [122/316] Импорт: New Balance NB 360 D (ID: 707398)
[2025-11-08 18:43:05] Батч-вставка размеров: 17 шт для product_id=171
[2025-11-08 18:43:05] Импортировано изображений вариантов: 85 для product_id=171
[2025-11-08 18:43:05]      Успешно импортирован
[2025-11-08 18:43:05] [123/316] Импорт: New Balance NB 580 (ID: 707421)
[2025-11-08 18:43:05] Батч-вставка размеров: 9 шт для product_id=172
[2025-11-08 18:43:06] Импортировано изображений вариантов: 36 для product_id=172
[2025-11-08 18:43:06]      Успешно импортирован
[2025-11-08 18:43:06] [124/316] Импорт: New Balance NB 565 D (ID: 707450)
[2025-11-08 18:43:06] Батч-вставка размеров: 15 шт для product_id=173
[2025-11-08 18:43:06] Импортировано изображений вариантов: 75 для product_id=173
[2025-11-08 18:43:06]      Успешно импортирован
[2025-11-08 18:43:06] [125/316] Импорт: New Balance NB 576 (ID: 707484)
[2025-11-08 18:43:06] Батч-вставка размеров: 10 шт для product_id=174
[2025-11-08 18:43:06] Импортировано изображений вариантов: 40 для product_id=174
[2025-11-08 18:43:06]      Успешно импортирован
[2025-11-08 18:43:06] [126/316] Импорт: New Balance NB 800 v6 Track Spike (ID: 707498)
[2025-11-08 18:43:06] Батч-вставка размеров: 15 шт для product_id=175
[2025-11-08 18:43:06] Импортировано изображений вариантов: 60 для product_id=175
[2025-11-08 18:43:06]      Успешно импортирован
[2025-11-08 18:43:06] [127/316] Импорт: New Balance NB 300 Leather (ID: 707501)
[2025-11-08 18:43:06] Батч-вставка размеров: 14 шт для product_id=176
[2025-11-08 18:43:06] Импортировано изображений вариантов: 70 для product_id=176
[2025-11-08 18:43:06]      Успешно импортирован
[2025-11-08 18:43:06] [128/316] Импорт: New Balance NB 500 (ID: 707568)
[2025-11-08 18:43:06] Батч-вставка размеров: 9 шт для product_id=177
[2025-11-08 18:43:06] Импортировано изображений вариантов: 36 для product_id=177
[2025-11-08 18:43:06]      Успешно импортирован
[2025-11-08 18:43:06] [129/316] Импорт: New Balance NB 237 (ID: 707582)
[2025-11-08 18:43:06] Батч-вставка размеров: 15 шт для product_id=178
[2025-11-08 18:43:06] Импортировано изображений вариантов: 75 для product_id=178
[2025-11-08 18:43:06]      Успешно импортирован
[2025-11-08 18:43:06] [130/316] Импорт: New Balance NB 996 (ID: 707614)
[2025-11-08 18:43:06] Батч-вставка размеров: 15 шт для product_id=179
[2025-11-08 18:43:06] Импортировано изображений вариантов: 75 для product_id=179
[2025-11-08 18:43:06]      Успешно импортирован
[2025-11-08 18:43:06] [131/316] Импорт: New Balance NB 576 (ID: 707630)
[2025-11-08 18:43:06] Батч-вставка размеров: 7 шт для product_id=180
[2025-11-08 18:43:06] Импортировано изображений вариантов: 28 для product_id=180
[2025-11-08 18:43:06]      Успешно импортирован
[2025-11-08 18:43:06] [132/316] Импорт: New Balance NB 237 (ID: 707645)
[2025-11-08 18:43:06] Батч-вставка размеров: 5 шт для product_id=181
[2025-11-08 18:43:06] Импортировано изображений вариантов: 25 для product_id=181
[2025-11-08 18:43:06]      Успешно импортирован
[2025-11-08 18:43:06] [133/316] Импорт: New Balance NB 446 (ID: 707735)
[2025-11-08 18:43:06] Батч-вставка размеров: 14 шт для product_id=182
[2025-11-08 18:43:06] Импортировано изображений вариантов: 56 для product_id=182
[2025-11-08 18:43:06]      Успешно импортирован
[2025-11-08 18:43:06] [134/316] Импорт: New Balance NB 237 (ID: 707775)
[2025-11-08 18:43:06] Батч-вставка размеров: 8 шт для product_id=183
[2025-11-08 18:43:06] Импортировано изображений вариантов: 32 для product_id=183
[2025-11-08 18:43:06]      Успешно импортирован
[2025-11-08 18:43:06] [135/316] Импорт: New Balance D (ID: 707835)
[2025-11-08 18:43:06] Батч-вставка размеров: 11 шт для product_id=184
[2025-11-08 18:43:06] Импортировано изображений вариантов: 44 для product_id=184
[2025-11-08 18:43:06]      Успешно импортирован
[2025-11-08 18:43:06] [136/316] Импорт: New Balance NB 996 (ID: 707838)
[2025-11-08 18:43:06] Батч-вставка размеров: 11 шт для product_id=185
[2025-11-08 18:43:06] Импортировано изображений вариантов: 44 для product_id=185
[2025-11-08 18:43:06]      Успешно импортирован
[2025-11-08 18:43:06] [137/316] Импорт: New Balance NB 520 (ID: 707847)
[2025-11-08 18:43:06] Батч-вставка размеров: 19 шт для product_id=186
[2025-11-08 18:43:06] Импортировано изображений вариантов: 95 для product_id=186
[2025-11-08 18:43:06]      Успешно импортирован
[2025-11-08 18:43:06] [138/316] Импорт: New Balance NB 530 Summer Waves (ID: 707906)
[2025-11-08 18:43:06] Батч-вставка размеров: 8 шт для product_id=187
[2025-11-08 18:43:06] Импортировано изображений вариантов: 32 для product_id=187
[2025-11-08 18:43:06]      Успешно импортирован
[2025-11-08 18:43:06] [139/316] Импорт: Thisisneverthat x New Balance NB 997 (ID: 707942)
[2025-11-08 18:43:06] Батч-вставка размеров: 13 шт для product_id=188
[2025-11-08 18:43:06] Импортировано изображений вариантов: 65 для product_id=188
[2025-11-08 18:43:06]      Успешно импортирован
[2025-11-08 18:43:06] [140/316] Импорт: New Balance NB 998 (ID: 707956)
[2025-11-08 18:43:06] Батч-вставка размеров: 8 шт для product_id=189
[2025-11-08 18:43:06] Импортировано изображений вариантов: 32 для product_id=189
[2025-11-08 18:43:06]      Успешно импортирован
[2025-11-08 18:43:06] [141/316] Импорт: New Balance 610v1 (ID: 707985)
[2025-11-08 18:43:06] Батч-вставка размеров: 16 шт для product_id=190
[2025-11-08 18:43:06] Импортировано изображений вариантов: 80 для product_id=190
[2025-11-08 18:43:06]      Успешно импортирован
[2025-11-08 18:43:06] [142/316] Импорт:  New Balance NB 550 (ID: 707992)
[2025-11-08 18:43:06] Батч-вставка размеров: 38 шт для product_id=191
[2025-11-08 18:43:06] Импортировано изображений вариантов: 342 для product_id=191
[2025-11-08 18:43:06]      Успешно импортирован
[2025-11-08 18:43:06] [143/316] Импорт: New Balance NB 990 V4 D (ID: 708084)
[2025-11-08 18:43:06] Батч-вставка размеров: 7 шт для product_id=192
[2025-11-08 18:43:06] Импортировано изображений вариантов: 28 для product_id=192
[2025-11-08 18:43:06]      Успешно импортирован
[2025-11-08 18:43:06] [144/316] Импорт: New Balance NB 1400 (ID: 708088)
[2025-11-08 18:43:06] Батч-вставка размеров: 16 шт для product_id=193
[2025-11-08 18:43:06] Импортировано изображений вариантов: 96 для product_id=193
[2025-11-08 18:43:06]      Успешно импортирован
[2025-11-08 18:43:06] [145/316] Импорт: New Balance NB 997S (ID: 708127)
[2025-11-08 18:43:06] Батч-вставка размеров: 15 шт для product_id=194
[2025-11-08 18:43:06] Импортировано изображений вариантов: 75 для product_id=194
[2025-11-08 18:43:06]      Успешно импортирован
[2025-11-08 18:43:06] [146/316] Импорт:  New Balance NB 410 v5 Y2K (ID: 708177)
[2025-11-08 18:43:06] Батч-вставка размеров: 8 шт для product_id=195
[2025-11-08 18:43:06] Импортировано изображений вариантов: 72 для product_id=195
[2025-11-08 18:43:06]      Успешно импортирован
[2025-11-08 18:43:06] [147/316] Импорт: New Balance NB 878 (ID: 713614)
[2025-11-08 18:43:06] Батч-вставка размеров: 8 шт для product_id=196
[2025-11-08 18:43:06] Импортировано изображений вариантов: 32 для product_id=196
[2025-11-08 18:43:06]      Успешно импортирован
[2025-11-08 18:43:06] [148/316] Импорт: New Balance NB 1600 (ID: 713616)
[2025-11-08 18:43:06] Батч-вставка размеров: 15 шт для product_id=197
[2025-11-08 18:43:06] Импортировано изображений вариантов: 75 для product_id=197
[2025-11-08 18:43:06]      Успешно импортирован
[2025-11-08 18:43:06] [149/316] Импорт: New Balance NB 500 Logo B (ID: 714661)
[2025-11-08 18:43:06] Батч-вставка размеров: 7 шт для product_id=198
[2025-11-08 18:43:06] Импортировано изображений вариантов: 35 для product_id=198
[2025-11-08 18:43:06]      Успешно импортирован
[2025-11-08 18:43:06] [150/316] Импорт: New Balance NB 740 BUNGEE LACE / (ID: 717882)
[2025-11-08 18:43:06] Батч-вставка размеров: 16 шт для product_id=199
[2025-11-08 18:43:06] Импортировано изображений вариантов: 80 для product_id=199
[2025-11-08 18:43:06]      Успешно импортирован
[2025-11-08 18:43:06] [151/316] Импорт: New Balance NB 740 (ID: 717887)
[2025-11-08 18:43:06] Батч-вставка размеров: 8 шт для product_id=200
[2025-11-08 18:43:06] Импортировано изображений вариантов: 48 для product_id=200
[2025-11-08 18:43:06]      Успешно импортирован
[2025-11-08 18:43:06] [152/316] Импорт: New Balance NB Fresh Foam Arishi v4 (ID: 719317)
[2025-11-08 18:43:06] Батч-вставка размеров: 42 шт для product_id=201
[2025-11-08 18:43:07] Импортировано изображений вариантов: 252 для product_id=201
[2025-11-08 18:43:07]      Успешно импортирован
[2025-11-08 18:43:07] [153/316] Импорт: New Balance Numeric 440 High V2 (ID: 719319)
[2025-11-08 18:43:07] Батч-вставка размеров: 42 шт для product_id=202
[2025-11-08 18:43:07] Импортировано изображений вариантов: 210 для product_id=202
[2025-11-08 18:43:07]      Успешно импортирован
[2025-11-08 18:43:07] [154/316] Импорт: New Balance NB Fresh Foam Arishi v4 (ID: 719320)
[2025-11-08 18:43:07] Батч-вставка размеров: 28 шт для product_id=203
[2025-11-08 18:43:07] Импортировано изображений вариантов: 140 для product_id=203
[2025-11-08 18:43:07]      Успешно импортирован
[2025-11-08 18:43:07] [155/316] Импорт: New Balance NB 650 (ID: 749566)
[2025-11-08 18:43:07] Батч-вставка размеров: 20 шт для product_id=204
[2025-11-08 18:43:07] Импортировано изображений вариантов: 120 для product_id=204
[2025-11-08 18:43:07]      Успешно импортирован
[2025-11-08 18:43:07] [156/316] Импорт: New Balance NB 515 (ID: 749804)
[2025-11-08 18:43:07] Батч-вставка размеров: 7 шт для product_id=205
[2025-11-08 18:43:07] Импортировано изображений вариантов: 28 для product_id=205
[2025-11-08 18:43:07]      Успешно импортирован
[2025-11-08 18:43:07] [157/316] Импорт: New Balance NB 920 (ID: 751610)
[2025-11-08 18:43:07] Батч-вставка размеров: 18 шт для product_id=206
[2025-11-08 18:43:07] Импортировано изображений вариантов: 108 для product_id=206
[2025-11-08 18:43:07]      Успешно импортирован
[2025-11-08 18:43:07] [158/316] Импорт: New Balance 860 (ID: 751621)
[2025-11-08 18:43:07] Батч-вставка размеров: 24 шт для product_id=207
[2025-11-08 18:43:07] Импортировано изображений вариантов: 96 для product_id=207
[2025-11-08 18:43:07]      Успешно импортирован
[2025-11-08 18:43:07] [159/316] Импорт: New Balance NB X-90 (ID: 751856)
[2025-11-08 18:43:07] Батч-вставка размеров: 13 шт для product_id=208
[2025-11-08 18:43:07] Импортировано изображений вариантов: 52 для product_id=208
[2025-11-08 18:43:07]      Успешно импортирован
[2025-11-08 18:43:07] [160/316] Импорт: New Balance NB 5740 (ID: 752018)
[2025-11-08 18:43:07] Батч-вставка размеров: 8 шт для product_id=209
[2025-11-08 18:43:07] Импортировано изображений вариантов: 40 для product_id=209
[2025-11-08 18:43:07]      Успешно импортирован
[2025-11-08 18:43:07] [161/316] Импорт: New Balance Rebel V3 (ID: 752507)
[2025-11-08 18:43:07] Батч-вставка размеров: 15 шт для product_id=210
[2025-11-08 18:43:07] Импортировано изображений вариантов: 90 для product_id=210
[2025-11-08 18:43:07]      Успешно импортирован
[2025-11-08 18:43:07] [162/316] Импорт: New Balance NB 247 (ID: 752618)
[2025-11-08 18:43:07] Батч-вставка размеров: 19 шт для product_id=211
[2025-11-08 18:43:07] Импортировано изображений вариантов: 57 для product_id=211
[2025-11-08 18:43:07]      Успешно импортирован
[2025-11-08 18:43:07] [163/316] Импорт: New Balance RC30 RB (ID: 752646)
[2025-11-08 18:43:07] Батч-вставка размеров: 14 шт для product_id=212
[2025-11-08 18:43:07] Импортировано изображений вариантов: 84 для product_id=212
[2025-11-08 18:43:07]      Успешно импортирован
[2025-11-08 18:43:07] [164/316] Импорт: New Balance NB 574 Sport (ID: 752827)
[2025-11-08 18:43:07] Батч-вставка размеров: 11 шт для product_id=213
[2025-11-08 18:43:07] Импортировано изображений вариантов: 55 для product_id=213
[2025-11-08 18:43:07]      Успешно импортирован
[2025-11-08 18:43:07] [165/316] Импорт:  New Balance NB 410 (ID: 752874)
[2025-11-08 18:43:07] Батч-вставка размеров: 13 шт для product_id=214
[2025-11-08 18:43:07] Импортировано изображений вариантов: 91 для product_id=214
[2025-11-08 18:43:07]      Успешно импортирован
[2025-11-08 18:43:07] [166/316] Импорт: New Balance NB FuelCell (ID: 752935)
[2025-11-08 18:43:07] Батч-вставка размеров: 9 шт для product_id=215
[2025-11-08 18:43:07] Импортировано изображений вариантов: 45 для product_id=215
[2025-11-08 18:43:07]      Успешно импортирован
[2025-11-08 18:43:07] [167/316] Импорт: New Balance NB CT10 (ID: 753696)
[2025-11-08 18:43:07] Батч-вставка размеров: 9 шт для product_id=216
[2025-11-08 18:43:07] Импортировано изображений вариантов: 36 для product_id=216
[2025-11-08 18:43:07]      Успешно импортирован
[2025-11-08 18:43:07] [168/316] Импорт: New Balance NB 996 (ID: 753716)
[2025-11-08 18:43:07] Батч-вставка размеров: 13 шт для product_id=217
[2025-11-08 18:43:07] Импортировано изображений вариантов: 65 для product_id=217
[2025-11-08 18:43:07]      Успешно импортирован
[2025-11-08 18:43:07] [169/316] Импорт: New Balance NB 212 (ID: 753783)
[2025-11-08 18:43:07] Батч-вставка размеров: 11 шт для product_id=218
[2025-11-08 18:43:07] Импортировано изображений вариантов: 55 для product_id=218
[2025-11-08 18:43:07]      Успешно импортирован
[2025-11-08 18:43:07] [170/316] Импорт: New Balance NB 300 (ID: 753838)
[2025-11-08 18:43:07] Батч-вставка размеров: 9 шт для product_id=219
[2025-11-08 18:43:07] Импортировано изображений вариантов: 45 для product_id=219
[2025-11-08 18:43:07]      Успешно импортирован
[2025-11-08 18:43:07] [171/316] Импорт: New Balance XC-72 (ID: 753871)
[2025-11-08 18:43:07] Батч-вставка размеров: 15 шт для product_id=220
[2025-11-08 18:43:07] Импортировано изображений вариантов: 75 для product_id=220
[2025-11-08 18:43:07]      Успешно импортирован
[2025-11-08 18:43:07] [172/316] Импорт: New Balance NB 425 (ID: 753880)
[2025-11-08 18:43:07] Батч-вставка размеров: 15 шт для product_id=221
[2025-11-08 18:43:07] Импортировано изображений вариантов: 90 для product_id=221
[2025-11-08 18:43:07]      Успешно импортирован
[2025-11-08 18:43:07] [173/316] Импорт: New Balance NB 996 (ID: 753987)
[2025-11-08 18:43:07] Батч-вставка размеров: 14 шт для product_id=222
[2025-11-08 18:43:07] Импортировано изображений вариантов: 70 для product_id=222
[2025-11-08 18:43:07]      Успешно импортирован
[2025-11-08 18:43:07] [174/316] Импорт: New Balance NB 410 (ID: 754105)
[2025-11-08 18:43:07] Батч-вставка размеров: 10 шт для product_id=223
[2025-11-08 18:43:07] Импортировано изображений вариантов: 40 для product_id=223
[2025-11-08 18:43:07]      Успешно импортирован
[2025-11-08 18:43:07] [175/316] Импорт: New Balance NB Fresh Foam (ID: 754128)
[2025-11-08 18:43:07] Батч-вставка размеров: 10 шт для product_id=224
[2025-11-08 18:43:08] Импортировано изображений вариантов: 50 для product_id=224
[2025-11-08 18:43:08]      Успешно импортирован
[2025-11-08 18:43:08] [176/316] Импорт: New Balance NB 520 (ID: 754213)
[2025-11-08 18:43:08] Батч-вставка размеров: 17 шт для product_id=225
[2025-11-08 18:43:08] Импортировано изображений вариантов: 68 для product_id=225
[2025-11-08 18:43:08]      Успешно импортирован
[2025-11-08 18:43:08] [177/316] Импорт: New Balance NB 400 (ID: 755122)
[2025-11-08 18:43:08] Батч-вставка размеров: 10 шт для product_id=226
[2025-11-08 18:43:08] Импортировано изображений вариантов: 40 для product_id=226
[2025-11-08 18:43:08]      Успешно импортирован
[2025-11-08 18:43:08] [178/316] Импорт: New Balance NB 327 (ID: 755165)
[2025-11-08 18:43:08] Батч-вставка размеров: 14 шт для product_id=227
[2025-11-08 18:43:08] Импортировано изображений вариантов: 70 для product_id=227
[2025-11-08 18:43:08]      Успешно импортирован
[2025-11-08 18:43:08] [179/316] Импорт: New Balance NB 574 (ID: 755181)
[2025-11-08 18:43:08] Батч-вставка размеров: 14 шт для product_id=228
[2025-11-08 18:43:08] Импортировано изображений вариантов: 84 для product_id=228
[2025-11-08 18:43:08]      Успешно импортирован
[2025-11-08 18:43:08] [180/316] Импорт: New Balance NB 920 (ID: 755215)
[2025-11-08 18:43:08] Батч-вставка размеров: 14 шт для product_id=229
[2025-11-08 18:43:08] Импортировано изображений вариантов: 56 для product_id=229
[2025-11-08 18:43:08]      Успешно импортирован
[2025-11-08 18:43:08] [181/316] Импорт: New Balance NB 580 (ID: 755217)
[2025-11-08 18:43:08] Батч-вставка размеров: 10 шт для product_id=230
[2025-11-08 18:43:08] Импортировано изображений вариантов: 50 для product_id=230
[2025-11-08 18:43:08]      Успешно импортирован
[2025-11-08 18:43:08] [182/316] Импорт: New Balance NB 997S Kith nonnative (ID: 755297)
[2025-11-08 18:43:08] Батч-вставка размеров: 17 шт для product_id=231
[2025-11-08 18:43:08] Импортировано изображений вариантов: 85 для product_id=231
[2025-11-08 18:43:08]      Успешно импортирован
[2025-11-08 18:43:08] [183/316] Импорт: New Balance NB 300 (ID: 755298)
[2025-11-08 18:43:08] Батч-вставка размеров: 14 шт для product_id=232
[2025-11-08 18:43:08] Импортировано изображений вариантов: 84 для product_id=232
[2025-11-08 18:43:08]      Успешно импортирован
[2025-11-08 18:43:08] [184/316] Импорт: New Balance NB 327 (ID: 755308)
[2025-11-08 18:43:08] Батч-вставка размеров: 9 шт для product_id=233
[2025-11-08 18:43:08] Импортировано изображений вариантов: 45 для product_id=233
[2025-11-08 18:43:08]      Успешно импортирован
[2025-11-08 18:43:08] [185/316] Импорт: New Balance NB 373 (ID: 755350)
[2025-11-08 18:43:08] Батч-вставка размеров: 8 шт для product_id=234
[2025-11-08 18:43:08] Импортировано изображений вариантов: 32 для product_id=234
[2025-11-08 18:43:08]      Успешно импортирован
[2025-11-08 18:43:08] [186/316] Импорт: New Balance NB 373 (ID: 755354)
[2025-11-08 18:43:08] Батч-вставка размеров: 9 шт для product_id=235
[2025-11-08 18:43:08] Импортировано изображений вариантов: 36 для product_id=235
[2025-11-08 18:43:08]      Успешно импортирован
[2025-11-08 18:43:08] [187/316] Импорт: New Balance NB 574 Mid-Cut "Playful" (ID: 755400)
[2025-11-08 18:43:08] Батч-вставка размеров: 8 шт для product_id=236
[2025-11-08 18:43:08] Импортировано изображений вариантов: 32 для product_id=236
[2025-11-08 18:43:08]      Успешно импортирован
[2025-11-08 18:43:08] [188/316] Импорт: New Balance NB 574 (ID: 755413)
[2025-11-08 18:43:08] Батч-вставка размеров: 14 шт для product_id=237
[2025-11-08 18:43:08] Импортировано изображений вариантов: 56 для product_id=237
[2025-11-08 18:43:08]      Успешно импортирован
[2025-11-08 18:43:08] [189/316] Импорт: New Balance (ID: 755417)
[2025-11-08 18:43:08] Батч-вставка размеров: 8 шт для product_id=238
[2025-11-08 18:43:08] Импортировано изображений вариантов: 40 для product_id=238
[2025-11-08 18:43:08]      Успешно импортирован
[2025-11-08 18:43:08] [190/316] Импорт: New Balance NB 574 (ID: 755428)
[2025-11-08 18:43:08] Батч-вставка размеров: 17 шт для product_id=239
[2025-11-08 18:43:08] Импортировано изображений вариантов: 102 для product_id=239
[2025-11-08 18:43:08]      Успешно импортирован
[2025-11-08 18:43:08] [191/316] Импорт: New Balance NB 574 (ID: 755460)
[2025-11-08 18:43:08] Батч-вставка размеров: 8 шт для product_id=240
[2025-11-08 18:43:08] Импортировано изображений вариантов: 40 для product_id=240
[2025-11-08 18:43:08]      Успешно импортирован
[2025-11-08 18:43:08] [192/316] Импорт: New Balance NB 580 (ID: 755506)
[2025-11-08 18:43:08] Батч-вставка размеров: 14 шт для product_id=241
[2025-11-08 18:43:08] Импортировано изображений вариантов: 56 для product_id=241
[2025-11-08 18:43:08]      Успешно импортирован
[2025-11-08 18:43:08] [193/316] Импорт: New Balance NB 5740 (ID: 755586)
[2025-11-08 18:43:08] Батч-вставка размеров: 11 шт для product_id=242
[2025-11-08 18:43:08] Импортировано изображений вариантов: 44 для product_id=242
[2025-11-08 18:43:08]      Успешно импортирован
[2025-11-08 18:43:08] [194/316] Импорт: New Balance NB 991 (ID: 755607)
[2025-11-08 18:43:08] Батч-вставка размеров: 10 шт для product_id=243
[2025-11-08 18:43:08] Импортировано изображений вариантов: 40 для product_id=243
[2025-11-08 18:43:08]      Успешно импортирован
[2025-11-08 18:43:08] [195/316] Импорт: New Balance NB 5740 (ID: 755834)
[2025-11-08 18:43:09] Батч-вставка размеров: 16 шт для product_id=244
[2025-11-08 18:43:09] Импортировано изображений вариантов: 96 для product_id=244
[2025-11-08 18:43:09]      Успешно импортирован
[2025-11-08 18:43:09] [196/316] Импорт: New Balance NB Cruz (ID: 755842)
[2025-11-08 18:43:09] Батч-вставка размеров: 15 шт для product_id=245
[2025-11-08 18:43:09] Импортировано изображений вариантов: 75 для product_id=245
[2025-11-08 18:43:09]      Успешно импортирован
[2025-11-08 18:43:09] [197/316] Импорт: New Balance NB 997 (ID: 755855)
[2025-11-08 18:43:09] Батч-вставка размеров: 8 шт для product_id=246
[2025-11-08 18:43:09] Импортировано изображений вариантов: 32 для product_id=246
[2025-11-08 18:43:09]      Успешно импортирован
[2025-11-08 18:43:09] [198/316] Импорт: New Balance NB 109 (ID: 756047)
[2025-11-08 18:43:09] Батч-вставка размеров: 16 шт для product_id=247
[2025-11-08 18:43:09] Импортировано изображений вариантов: 64 для product_id=247
[2025-11-08 18:43:09]      Успешно импортирован
[2025-11-08 18:43:09] [199/316] Импорт:  New Balance NB 530 (ID: 756068)
[2025-11-08 18:43:09] Батч-вставка размеров: 17 шт для product_id=248
[2025-11-08 18:43:09] Импортировано изображений вариантов: 119 для product_id=248
[2025-11-08 18:43:09]      Успешно импортирован
[2025-11-08 18:43:09] [200/316] Импорт: New Balance (ID: 756232)
[2025-11-08 18:43:09] Батч-вставка размеров: 16 шт для product_id=249
[2025-11-08 18:43:09] Импортировано изображений вариантов: 80 для product_id=249
[2025-11-08 18:43:09]      Успешно импортирован
[2025-11-08 18:43:09] [201/316] Импорт: New Balance NB 574 (ID: 756699)
[2025-11-08 18:43:09] Батч-вставка размеров: 8 шт для product_id=250
[2025-11-08 18:43:09] Импортировано изображений вариантов: 32 для product_id=250
[2025-11-08 18:43:09]      Успешно импортирован
[2025-11-08 18:43:09] [202/316] Импорт: New Balance NB 574 (ID: 756702)
[2025-11-08 18:43:09] Батч-вставка размеров: 7 шт для product_id=251
[2025-11-08 18:43:09] Импортировано изображений вариантов: 42 для product_id=251
[2025-11-08 18:43:09]      Успешно импортирован
[2025-11-08 18:43:09] [203/316] Импорт: New Balance NB 996 (ID: 756730)
[2025-11-08 18:43:09] Батч-вставка размеров: 14 шт для product_id=252
[2025-11-08 18:43:09] Импортировано изображений вариантов: 70 для product_id=252
[2025-11-08 18:43:09]      Успешно импортирован
[2025-11-08 18:43:09] [204/316] Импорт: New Balance NB 247 (ID: 756740)
[2025-11-08 18:43:09] Батч-вставка размеров: 28 шт для product_id=253
[2025-11-08 18:43:09] Импортировано изображений вариантов: 112 для product_id=253
[2025-11-08 18:43:09]      Успешно импортирован
[2025-11-08 18:43:09] [205/316] Импорт: New Balance NB FuelCell Propel (ID: 756747)
[2025-11-08 18:43:09] Батч-вставка размеров: 16 шт для product_id=254
[2025-11-08 18:43:09] Импортировано изображений вариантов: 64 для product_id=254
[2025-11-08 18:43:09]      Успешно импортирован
[2025-11-08 18:43:09] [206/316] Импорт: New Balance NB 500 (ID: 756789)
[2025-11-08 18:43:09] Батч-вставка размеров: 8 шт для product_id=255
[2025-11-08 18:43:09] Импортировано изображений вариантов: 32 для product_id=255
[2025-11-08 18:43:09]      Успешно импортирован
[2025-11-08 18:43:09] [207/316] Импорт: New Balance NB 480 (ID: 756791)
[2025-11-08 18:43:09] Батч-вставка размеров: 11 шт для product_id=256
[2025-11-08 18:43:09] Импортировано изображений вариантов: 66 для product_id=256
[2025-11-08 18:43:09]      Успешно импортирован
[2025-11-08 18:43:09] [208/316] Импорт: New Balance NB 393 (ID: 756915)
[2025-11-08 18:43:09] Батч-вставка размеров: 8 шт для product_id=257
[2025-11-08 18:43:09] Импортировано изображений вариантов: 32 для product_id=257
[2025-11-08 18:43:09]      Успешно импортирован
[2025-11-08 18:43:09] [209/316] Импорт: New Balance (ID: 756965)
[2025-11-08 18:43:09] Батч-вставка размеров: 17 шт для product_id=258
[2025-11-08 18:43:09] Импортировано изображений вариантов: 68 для product_id=258
[2025-11-08 18:43:09]      Успешно импортирован
[2025-11-08 18:43:09] [210/316] Импорт: New Balance NB 237 (ID: 757054)
[2025-11-08 18:43:09] Батч-вставка размеров: 15 шт для product_id=259
[2025-11-08 18:43:09] Импортировано изображений вариантов: 60 для product_id=259
[2025-11-08 18:43:09]      Успешно импортирован
[2025-11-08 18:43:09] [211/316] Импорт: New Balance NB 237 v1 (ID: 757055)
[2025-11-08 18:43:09] Батч-вставка размеров: 16 шт для product_id=260
[2025-11-08 18:43:09] Импортировано изображений вариантов: 112 для product_id=260
[2025-11-08 18:43:09]      Успешно импортирован
[2025-11-08 18:43:09] [212/316] Импорт: New Balance NB 247 (ID: 757057)
[2025-11-08 18:43:09] Батч-вставка размеров: 9 шт для product_id=261
[2025-11-08 18:43:09] Импортировано изображений вариантов: 36 для product_id=261
[2025-11-08 18:43:09]      Успешно импортирован
[2025-11-08 18:43:09] [213/316] Импорт: New Balance NB 520 (ID: 757063)
[2025-11-08 18:43:09] Батч-вставка размеров: 13 шт для product_id=262
[2025-11-08 18:43:09] Импортировано изображений вариантов: 65 для product_id=262
[2025-11-08 18:43:09]      Успешно импортирован
[2025-11-08 18:43:09] [214/316] Импорт: New Balance NB 373 (ID: 757064)
[2025-11-08 18:43:09] Батч-вставка размеров: 20 шт для product_id=263
[2025-11-08 18:43:09] Импортировано изображений вариантов: 100 для product_id=263
[2025-11-08 18:43:09]      Успешно импортирован
[2025-11-08 18:43:09] [215/316] Импорт: New Balance NB 878 (ID: 757066)
[2025-11-08 18:43:09] Батч-вставка размеров: 14 шт для product_id=264
[2025-11-08 18:43:09] Импортировано изображений вариантов: 70 для product_id=264
[2025-11-08 18:43:09]      Успешно импортирован
[2025-11-08 18:43:09] [216/316] Импорт: New Balance NB FuelCell Comp Pacer (ID: 757092)
[2025-11-08 18:43:09] Батч-вставка размеров: 7 шт для product_id=265
[2025-11-08 18:43:09] Импортировано изображений вариантов: 28 для product_id=265
[2025-11-08 18:43:09]      Успешно импортирован
[2025-11-08 18:43:09] [217/316] Импорт: New Balance NB 996 (ID: 757095)
[2025-11-08 18:43:09] Батч-вставка размеров: 13 шт для product_id=266
[2025-11-08 18:43:09] Импортировано изображений вариантов: 52 для product_id=266
[2025-11-08 18:43:09]      Успешно импортирован
[2025-11-08 18:43:09] [218/316] Импорт: New Balance NB 990 (ID: 757193)
[2025-11-08 18:43:09] Батч-вставка размеров: 7 шт для product_id=267
[2025-11-08 18:43:09] Импортировано изображений вариантов: 28 для product_id=267
[2025-11-08 18:43:09]      Успешно импортирован
[2025-11-08 18:43:09] [219/316] Импорт:  New Balance NB 410 811 (ID: 757294)
[2025-11-08 18:43:09] Батч-вставка размеров: 14 шт для product_id=268
[2025-11-08 18:43:09] Импортировано изображений вариантов: 112 для product_id=268
[2025-11-08 18:43:09]      Успешно импортирован
[2025-11-08 18:43:09] [220/316] Импорт: Poets x New Balance Tiago Lemos 1010 (ID: 757331)
[2025-11-08 18:43:09] Батч-вставка размеров: 12 шт для product_id=269
[2025-11-08 18:43:09] Импортировано изображений вариантов: 72 для product_id=269
[2025-11-08 18:43:09]      Успешно импортирован
[2025-11-08 18:43:09] [221/316] Импорт: New Balance NB 5740 (ID: 757390)
[2025-11-08 18:43:09] Батч-вставка размеров: 17 шт для product_id=270
[2025-11-08 18:43:09] Импортировано изображений вариантов: 68 для product_id=270
[2025-11-08 18:43:09]      Успешно импортирован
[2025-11-08 18:43:09] [222/316] Импорт: New Balance NB 446 (ID: 757413)
[2025-11-08 18:43:09] Батч-вставка размеров: 16 шт для product_id=271
[2025-11-08 18:43:09] Импортировано изображений вариантов: 96 для product_id=271
[2025-11-08 18:43:09]      Успешно импортирован
[2025-11-08 18:43:09] [223/316] Импорт:  New Balance NB 410 (ID: 757436)
[2025-11-08 18:43:09] 
═══════════════════════════════════════════════════
[2025-11-08 18:43:09] ОШИБКА #2:  New Balance NB 410
[2025-11-08 18:43:09] ═══════════════════════════════════════════════════
[2025-11-08 18:43:09] Product ID: 757436
[2025-11-08 18:43:09] Index: 223/316
[2025-11-08 18:43:09] Error: Ошибка сохранения товара: vendor_code: Товар с таким артикулом уже существует у данного бренда
[2025-11-08 18:43:09] 
Stack Trace:
[2025-11-08 18:43:09] #0 /Users/user/CascadeProjects/splitwise/commands/PoizonImportJsonController.php(271): app\commands\PoizonImportJsonController->importProduct(Array)
#1 [internal function]: app\commands\PoizonImportJsonController->actionRun('https://storage...')
#2 /Users/user/CascadeProjects/splitwise/vendor/yiisoft/yii2/base/InlineAction.php(60): call_user_func_array(Array, Array)
#3 /Users/user/CascadeProjects/splitwise/vendor/yiisoft/yii2/base/Controller.php(184): yii\base\InlineAction->runWithParams(Array)
#4 /Users/user/CascadeProjects/splitwise/vendor/yiisoft/yii2/console/Controller.php(180): yii\base\Controller->runAction('run', Array)
#5 /Users/user/CascadeProjects/splitwise/vendor/yiisoft/yii2/base/Module.php(555): yii\console\Controller->runAction('run', Array)
#6 /Users/user/CascadeProjects/splitwise/vendor/yiisoft/yii2/console/Application.php(180): yii\base\Module->runAction('poizon-import-j...', Array)
#7 /Users/user/CascadeProjects/splitwise/vendor/yiisoft/yii2/console/Application.php(147): yii\console\Application->runAction('poizon-import-j...', Array)
#8 /Users/user/CascadeProjects/splitwise/vendor/yiisoft/yii2/base/Application.php(387): yii\console\Application->handleRequest(Object(yii\console\Request))
#9 /Users/user/CascadeProjects/splitwise/yii(23): yii\base\Application->run()
#10 {main}
[2025-11-08 18:43:09] 
Product Data:
[2025-11-08 18:43:09] {
    "productId": 757436,
    "variantId": 757436,
    "url": "https:\/\/fast.dewu.com\/page\/productDetail?sourceName=sharedetail&spuId=7034156",
    "title": " New Balance NB 410",
    "description": "",
    "vendorCode": "MT410KR5",
    "categoryId": 8713,
    "vendorId": 28,
    "images": [
        "https:\/\/cdn.poizon.com\/pro-img\/origin-img\/20231103\/f4a4449d771a43159569ee3833cceff6.jpg",
        "https:\/\/cdn.poizon.com\/pro-img\/origin-img\/2025061613\/dd79cb5dea2e90c237133a9423631026.jpg",
        "https:\/\/cdn.poizon.com\/pro-img\/origin-img\/2025061613\/769ad8ed13e665f5c1561afedb1f212c.jpg",
        "https:\/\/cdn.poizon.com\/pro-img\/origin-img\/20231103\/60d4dfe6b0264328afde88b46ca2529c.jpg",
        "https:\/\/cdn.poizon.com\/pro-img\/origin-img\/20231103\/d3abcca113ea4f54b6c3072957152a46.jpg",
        "https:\/\/cdn.poizon.com\/pro-img\/origin-img\/20231103\/4453684b7b5e4508aef7d4e7ed690e14.jpeg",
        "https:\/\/cdn.poizon.com\/pro-img\/origin-img\/20231103\/70dcbc572df94c76b63f67e96b436ea7.png"
    ],
    "price": 1090,
    "favoriteCount": 0,
    "countryOfOrigin": "Китай",
    "properties": [
        {
            "key": "Верхняя высота",
            "value": "Низкий вырез"
        },
        {
            "key": "Основной цвет",
            "value": "Черное"
        },
        {
            "key": "Стиль носка",
            "value": "Круглая голова"
        },
        {
            "key": "Верхний материал",
            "value": "Кожа"
        },
        {
            "key": "Функциональная",
            "value": "Амортизирующий, дышащий"
        },
        {
            "key": "Материал подошвы",
            "value": "Резиновый"
        },
        {
            "key": "Цена предложения",
            "value": "¥1099"
        },
        {
            "key": "Промежуточная подошва",
            "value": "Полная ладонь ACTEVA"
        },
        {
            "key": "Дата выхода",
            "value": "2023.11.01"
        }
    ],
    "seriesName": "",
    "relatedProducts": [],
    "gender": "Унисекс",
    "sizes": [
        {
            "name": "Европейский кодекс ЕС",
            "delimiter": ",",
            "value": "35,35.5,36,37,37.5,38,38.5,39.5,40,40.5,41.5,42,42.5,43,44,44.5,45,45.5,46.5,47,47.5,49,50,51,52,53"
        },
        {
            "name": "Английский код Великобритании",
            "delimiter": ",",
            "value": "2.5,3,3.5,4,4.5,5,5.5,6,6.5,7,7.5,8,8.5,9,9.5,10,10.5,11,11.5,12,12.5,13.5,14.5,15.5,16.5,17.5"
        },
        {
            "name": "Японский код JP",
            "delimiter": ",",
            "value": "21,21.5,22,22.5,23,23.5,24,24.5,25,25.5,26,26.5,27,27.5,28,28.5,29,29.5,30,30.5,31,32,33,34,35,36"
        },
        {
            "name": "Код Республики Корея",
            "delimiter": ",",
            "value": "210,215,220,225,230,235,240,245,250,255,260,265,270,275,280,285,290,295,300,305,310,320,330,340,350,360"
        },
        {
            "name": "Мужской кодекс красоты США",
            "delimiter": ",",
            "value": "3,3.5,4,4.5,5,5.5,6,6.5,7,7.5,8,8.5,9,9.5,10,10.5,11,11.5,12,12.5,13,14,15,16,17,18"
        },
        {
            "name": "Женский кодекс красоты США",
            "delimiter": ",",
            "value": "4.5,5,5.5,6,6.5,7,7.5,8,8.5,9,9.5,10,10.5,11,11.5,12,12.5,13,13.5,14,15,\/,\/,\/,\/,\/"
        },
        {
            "name": "Подходит для длины стопы",
            "delimiter": ",",
            "value": "210,215,220,225,230,235,240,245,250,255,260,265,270,275,280,285,290,295,300,305,310,320,330,340,350,360"
        }
    ],
    "vat": "NO_VAT",
    "currency": "RUR",
    "keywords": [
        "【定制球鞋】",
        "new",
        "balance",
        "410",
        "千禧机能",
        "圆头舒适减震透气",
        "低帮跑步鞋",
        "男女同款"
    ],
    "vendor": "New Balance",
    "children": [
        {
            "productId": 757436,
            "parentId": 757436,
            "url": "https:\/\/fast.dewu.com\/page\/productDetail?sourceName=sharedetail&spuId=7034156",
            "variantId": 638629371,
            "title": " New Balance NB 410",
            "description": "",
            "vendorCode": "MT410KR5-1",
            "categoryId": 8713,
            "vendorId": 28,
            "images": [
                "https:\/\/cdn.poizon.com\/pro-img\/origin-img\/20231103\/f4a4449d771a43159569ee3833cceff6.jpg",
                "https:\/\/cdn.poizon.com\/pro-img\/origin-img\/2025061613\/dd79cb5dea2e90c237133a9423631026.jpg",
                "https:\/\/cdn.poizon.com\/pro-img\/origin-img\/2025061613\/769ad8ed13e665f5c1561afedb1f212c.jpg",
                "https:\/\/cdn.poizon.com\/pro-img\/origin-img\/20231103\/60d4dfe6b0264328afde88b46ca2529c.jpg",
                "https:\/\/cdn.poizon.com\/pro-img\/origin-img\/20231103\/d3abcca113ea4f54b6c3072957152a46.jpg",
                "https:\/\/cdn.poizon.com\/pro-img\/origin-img\/20231103\/4453684b7b5e4508aef7d4e7ed690e14.jpeg",
                "https:\/\/cdn.poizon.com\/pro-img\/origin-img\/20231103\/70dcbc572df94c76b63f67e96b436ea7.png"
            ],
            "price": 1090,
            "purchasePrice": 999,
            "count": 1,
            "available": true,
            "timeDelivery": {
                "min": 20,
                "max": 20
            },
            "vat": "NO_VAT",
            "currency": "RUR",
            "params": [
                {
                    "key": "Цвет",
                    "value": "Черное"
                },
                {
                    "key": "Вариант",
                    "value": "Ширина 2E"
                },
                {
                    "key": "Размер",
                    "value": "36"
                }
            ],
            "vendor": "New Balance",
            "seriesName": ""
        },
        {
            "productId": 757436,
            "parentId": 757436,
            "url": "https:\/\/fast.dewu.com\/page\/productDetail?sourceName=sharedetail&spuId=7034156",
            "variantId": 638629372,
            "title": " New Balance NB 410",
            "description": "",
            "vendorCode": "MT410KR5-2",
            "categoryId": 8713,
            "vendorId": 28,
            "images": [
                "https:\/\/cdn.poizon.com\/pro-img\/origin-img\/20231103\/f4a4449d771a43159569ee3833cceff6.jpg",
                "https:\/\/cdn.poizon.com\/pro-img\/origin-img\/2025061613\/dd79cb5dea2e90c237133a9423631026.jpg",
                "https:\/\/cdn.poizon.com\/pro-img\/origin-img\/2025061613\/769ad8ed13e665f5c1561afedb1f212c.jpg",
                "https:\/\/cdn.poizon.com\/pro-img\/origin-img\/20231103\/60d4dfe6b0264328afde88b46ca2529c.jpg",
                "https:\/\/cdn.poizon.com\/pro-img\/origin-img\/20231103\/d3abcca113ea4f54b6c3072957152a46.jpg",
                "https:\/\/cdn.poizon.com\/pro-img\/origin-img\/20231103\/4453684b7b5e4508aef7d4e7ed690e14.jpeg",
                "https:\/\/cdn.poizon.com\/pro-img\/origin-img\/20231103\/70dcbc572df94c76b63f67e96b436ea7.png"
            ],
            "price": 1090,
            "purchasePrice": 999,
            "count": 1,
            "available": true,
            "timeDelivery": {
                "min": 20,
                "max": 20
            },
            "vat": "NO_VAT",
            "currency": "RUR",
            "params": [
                {
                    "key": "Цвет",
                    "value": "Черное"
                },
                {
                    "key": "Вариант",
                    "value": "Ширина 2E"
                },
                {
                    "key": "Размер",
                    "value": "37"
                }
            ],
            "vendor": "New Balance",
            "seriesName": ""
        },
        {
            "productId": 757436,
            "parentId": 757436,
            "url": "https:\/\/fast.dewu.com\/page\/productDetail?sourceName=sharedetail&spuId=7034156",
            "variantId": 638629373,
            "title": " New Balance NB 410",
            "description": "",
            "vendorCode": "MT410KR5-3",
            "categoryId": 8713,
            "vendorId": 28,
            "images": [
                "https:\/\/cdn.poizon.com\/pro-img\/origin-img\/20231103\/f4a4449d771a43159569ee3833cceff6.jpg",
                "https:\/\/cdn.poizon.com\/pro-img\/origin-img\/2025061613\/dd79cb5dea2e90c237133a9423631026.jpg",
                "https:\/\/cdn.poizon.com\/pro-img\/origin-img\/2025061613\/769ad8ed13e665f5c1561afedb1f212c.jpg",
                "https:\/\/cdn.poizon.com\/pro-img\/origin-img\/20231103\/60d4dfe6b0264328afde88b46ca2529c.jpg",
                "https:\/\/cdn.poizon.com\/pro-img\/origin-img\/20231103\/d3abcca113ea4f54b6c3072957152a46.jpg",
                "https:\/\/cdn.poizon.com\/pro-img\/origin-img\/20231103\/4453684b7b5e4508aef7d4e7ed690e14.jpeg",
                "https:\/\/cdn.poizon.com\/pro-img\/origin-img\/20231103\/70dcbc572df94c76b63f67e96b436ea7.png"
            ],
            "price": 1090,
            "purchasePrice": 999,
            "count": 1,
            "available": true,
            "timeDelivery": {
                "min": 20,
                "max": 20
            },
            "vat": "NO_VAT",
            "currency": "RUR",
            "params": [
                {
                    "key": "Цвет",
                    "value": "Черное"
                },
                {
                    "key": "Вариант",
                    "value": "Ширина 2E"
                },
                {
                    "key": "Размер",
                    "value": "37.5"
                }
            ],
            "vendor": "New Balance",
            "seriesName": ""
        },
        {
            "productId": 757436,
            "parentId": 757436,
            "url": "https:\/\/fast.dewu.com\/page\/productDetail?sourceName=sharedetail&spuId=7034156",
            "variantId": 638629374,
            "title": " New Balance NB 410",
            "description": "",
            "vendorCode": "MT410KR5-4",
            "categoryId": 8713,
            "vendorId": 28,
            "images": [
                "https:\/\/cdn.poizon.com\/pro-img\/origin-img\/20231103\/f4a4449d771a43159569ee3833cceff6.jpg",
                "https:\/\/cdn.poizon.com\/pro-img\/origin-img\/2025061613\/dd79cb5dea2e90c237133a9423631026.jpg",
                "https:\/\/cdn.poizon.com\/pro-img\/origin-img\/2025061613\/769ad8ed13e665f5c1561afedb1f212c.jpg",
                "https:\/\/cdn.poizon.com\/pro-img\/origin-img\/20231103\/60d4dfe6b0264328afde88b46ca2529c.jpg",
                "https:\/\/cdn.poizon.com\/pro-img\/origin-img\/20231103\/d3abcca113ea4f54b6c3072957152a46.jpg",
                "https:\/\/cdn.poizon.com\/pro-img\/origin-img\/20231103\/4453684b7b5e4508aef7d4e7ed690e14.jpeg",
                "https:\/\/cdn.poizon.com\/pro-img\/origin-img\/20231103\/70dcbc572df94c76b63f67e96b436ea7.png"
            ],
            "price": 1090,
            "purchasePrice": 999,
            "count": 1,
            "available": true,
            "timeDelivery": {
                "min": 20,
                "max": 20
            },
            "vat": "NO_VAT",
            "currency": "RUR",
            "params": [
                {
                    "key": "Цвет",
                    "value": "Черное"
                },
                {
                    "key": "Вариант",
                    "value": "Ширина 2E"
                },
                {
                    "key": "Размер",
                    "value": "38"
                }
            ],
            "vendor": "New Balance",
            "seriesName": ""
        },
        {
            "productId": 757436,
            "parentId": 757436,
            "url": "https:\/\/fast.dewu.com\/page\/productDetail?sourceName=sharedetail&spuId=7034156",
            "variantId": 638629375,
            "title": " New Balance NB 410",
            "description": "",
            "vendorCode": "MT410KR5-5",
            "categoryId": 8713,
            "vendorId": 28,
            "images": [
                "https:\/\/cdn.poizon.com\/pro-img\/origin-img\/20231103\/f4a4449d771a43159569ee3833cceff6.jpg",
                "https:\/\/cdn.poizon.com\/pro-img\/origin-img\/2025061613\/dd79cb5dea2e90c237133a9423631026.jpg",
                "https:\/\/cdn.poizon.com\/pro-img\/origin-img\/2025061613\/769ad8ed13e665f5c1561afedb1f212c.jpg",
                "https:\/\/cdn.poizon.com\/pro-img\/origin-img\/20231103\/60d4dfe6b0264328afde88b46ca2529c.jpg",
                "https:\/\/cdn.poizon.com\/pro-img\/origin-img\/20231103\/d3abcca113ea4f54b6c3072957152a46.jpg",
                "https:\/\/cdn.poizon.com\/pro-img\/origin-img\/20231103\/4453684b7b5e4508aef7d4e7ed690e14.jpeg",
                "https:\/\/cdn.poizon.com\/pro-img\/origin-img\/20231103\/70dcbc572df94c76b63f67e96b436ea7.png"
            ],
            "price": 1090,
            "purchasePrice": 999,
            "count": 1,
            "available": true,
            "timeDelivery": {
                "min": 20,
                "max": 20
            },
            "vat": "NO_VAT",
            "currency": "RUR",
            "params": [
                {
                    "key": "Цвет",
                    "value": "Черное"
                },
                {
                    "key": "Вариант",
                    "value": "Ширина 2E"
                },
                {
                    "key": "Размер",
                    "value": "38.5"
                }
            ],
            "vendor": "New Balance",
            "seriesName": ""
        },
        {
            "productId": 757436,
            "parentId": 757436,
            "url": "https:\/\/fast.dewu.com\/page\/productDetail?sourceName=sharedetail&spuId=7034156",
            "variantId": 638629376,
            "title": " New Balance NB 410",
            "description": "",
            "vendorCode": "MT410KR5-6",
            "categoryId": 8713,
            "vendorId": 28,
            "images": [
                "https:\/\/cdn.poizon.com\/pro-img\/origin-img\/20231103\/f4a4449d771a43159569ee3833cceff6.jpg",
                "https:\/\/cdn.poizon.com\/pro-img\/origin-img\/2025061613\/dd79cb5dea2e90c237133a9423631026.jpg",
                "https:\/\/cdn.poizon.com\/pro-img\/origin-img\/2025061613\/769ad8ed13e665f5c1561afedb1f212c.jpg",
                "https:\/\/cdn.poizon.com\/pro-img\/origin-img\/20231103\/60d4dfe6b0264328afde88b46ca2529c.jpg",
                "https:\/\/cdn.poizon.com\/pro-img\/origin-img\/20231103\/d3abcca113ea4f54b6c3072957152a46.jpg",
                "https:\/\/cdn.poizon.com\/pro-img\/origin-img\/20231103\/4453684b7b5e4508aef7d4e7ed690e14.jpeg",
                "https:\/\/cdn.poizon.com\/pro-img\/origin-img\/20231103\/70dcbc572df94c76b63f67e96b436ea7.png"
            ],
            "price": 1090,
            "purchasePrice": 999,
            "count": 1,
            "available": true,
            "timeDelivery": {
                "min": 20,
                "max": 20
            },
            "vat": "NO_VAT",
            "currency": "RUR",
            "params": [
                {
                    "key": "Цвет",
                    "value": "Черное"
                },
                {
                    "key": "Вариант",
                    "value": "Ширина 2E"
                },
                {
                    "key": "Размер",
                    "value": "39.5"
                }
            ],
            "vendor": "New Balance",
            "seriesName": ""
        },
        {
            "productId": 757436,
            "parentId": 757436,
            "url": "https:\/\/fast.dewu.com\/page\/productDetail?sourceName=sharedetail&spuId=7034156",
            "variantId": 638629377,
            "title": " New Balance NB 410",
            "description": "",
            "vendorCode": "MT410KR5-7",
            "categoryId": 8713,
            "vendorId": 28,
            "images": [
                "https:\/\/cdn.poizon.com\/pro-img\/origin-img\/20231103\/f4a4449d771a43159569ee3833cceff6.jpg",
                "https:\/\/cdn.poizon.com\/pro-img\/origin-img\/2025061613\/dd79cb5dea2e90c237133a9423631026.jpg",
                "https:\/\/cdn.poizon.com\/pro-img\/origin-img\/2025061613\/769ad8ed13e665f5c1561afedb1f212c.jpg",
                "https:\/\/cdn.poizon.com\/pro-img\/origin-img\/20231103\/60d4dfe6b0264328afde88b46ca2529c.jpg",
                "https:\/\/cdn.poizon.com\/pro-img\/origin-img\/20231103\/d3abcca113ea4f54b6c3072957152a46.jpg",
                "https:\/\/cdn.poizon.com\/pro-img\/origin-img\/20231103\/4453684b7b5e4508aef7d4e7ed690e14.jpeg",
                "https:\/\/cdn.poizon.com\/pro-img\/origin-img\/20231103\/70dcbc572df94c76b63f67e96b436ea7.png"
            ],
            "price": 1090,
            "purchasePrice": 999,
            "count": 1,
            "available": true,
            "timeDelivery": {
                "min": 20,
                "max": 20
            },
            "vat": "NO_VAT",
            "currency": "RUR",
            "params": [
                {
                    "key": "Цвет",
                    "value": "Черное"
                },
                {
                    "key": "Вариант",
                    "value": "Ширина 2E"
                },
                {
                    "key": "Размер",
                    "value": "40"
                }
            ],
            "vendor": "New Balance",
            "seriesName": ""
        },
        {
            "productId": 757436,
            "parentId": 757436,
            "url": "https:\/\/fast.dewu.com\/page\/productDetail?sourceName=sharedetail&spuId=7034156",
            "variantId": 638629378,
            "title": " New Balance NB 410",
            "description": "",
            "vendorCode": "MT410KR5-8",
            "categoryId": 8713,
            "vendorId": 28,
            "images": [
                "https:\/\/cdn.poizon.com\/pro-img\/origin-img\/20231103\/f4a4449d771a43159569ee3833cceff6.jpg",
                "https:\/\/cdn.poizon.com\/pro-img\/origin-img\/2025061613\/dd79cb5dea2e90c237133a9423631026.jpg",
                "https:\/\/cdn.poizon.com\/pro-img\/origin-img\/2025061613\/769ad8ed13e665f5c1561afedb1f212c.jpg",
                "https:\/\/cdn.poizon.com\/pro-img\/origin-img\/20231103\/60d4dfe6b0264328afde88b46ca2529c.jpg",
                "https:\/\/cdn.poizon.com\/pro-img\/origin-img\/20231103\/d3abcca113ea4f54b6c3072957152a46.jpg",
                "https:\/\/cdn.poizon.com\/pro-img\/origin-img\/20231103\/4453684b7b5e4508aef7d4e7ed690e14.jpeg",
                "https:\/\/cdn.poizon.com\/pro-img\/origin-img\/20231103\/70dcbc572df94c76b63f67e96b436ea7.png"
            ],
            "price": 1090,
            "purchasePrice": 999,
            "count": 1,
            "available": true,
            "timeDelivery": {
                "min": 20,
                "max": 20
            },
            "vat": "NO_VAT",
            "currency": "RUR",
            "params": [
                {
                    "key": "Цвет",
                    "value": "Черное"
                },
                {
                    "key": "Вариант",
                    "value": "Ширина 2E"
                },
                {
                    "key": "Размер",
                    "value": "40.5"
                }
            ],
            "vendor": "New Balance",
            "seriesName": ""
        },
        {
            "productId": 757436,
            "parentId": 757436,
            "url": "https:\/\/fast.dewu.com\/page\/productDetail?sourceName=sharedetail&spuId=7034156",
            "variantId": 638629379,
            "title": " New Balance NB 410",
            "description": "",
            "vendorCode": "MT410KR5-9",
            "categoryId": 8713,
            "vendorId": 28,
            "images": [
                "https:\/\/cdn.poizon.com\/pro-img\/origin-img\/20231103\/f4a4449d771a43159569ee3833cceff6.jpg",
                "https:\/\/cdn.poizon.com\/pro-img\/origin-img\/2025061613\/dd79cb5dea2e90c237133a9423631026.jpg",
                "https:\/\/cdn.poizon.com\/pro-img\/origin-img\/2025061613\/769ad8ed13e665f5c1561afedb1f212c.jpg",
                "https:\/\/cdn.poizon.com\/pro-img\/origin-img\/20231103\/60d4dfe6b0264328afde88b46ca2529c.jpg",
                "https:\/\/cdn.poizon.com\/pro-img\/origin-img\/20231103\/d3abcca113ea4f54b6c3072957152a46.jpg",
                "https:\/\/cdn.poizon.com\/pro-img\/origin-img\/20231103\/4453684b7b5e4508aef7d4e7ed690e14.jpeg",
                "https:\/\/cdn.poizon.com\/pro-img\/origin-img\/20231103\/70dcbc572df94c76b63f67e96b436ea7.png"
            ],
            "price": 1090,
            "purchasePrice": 999,
            "count": 1,
            "available": true,
            "timeDelivery": {
                "min": 20,
                "max": 20
            },
            "vat": "NO_VAT",
            "currency": "RUR",
            "params": [
                {
                    "key": "Цвет",
                    "value": "Черное"
                },
                {
                    "key": "Вариант",
                    "value": "Ширина 2E"
                },
                {
                    "key": "Размер",
                    "value": "41.5"
                }
            ],
            "vendor": "New Balance",
            "seriesName": ""
        },
        {
            "productId": 757436,
            "parentId": 757436,
            "url": "https:\/\/fast.dewu.com\/page\/productDetail?sourceName=sharedetail&spuId=7034156",
            "variantId": 638629380,
            "title": " New Balance NB 410",
            "description": "",
            "vendorCode": "MT410KR5-10",
            "categoryId": 8713,
            "vendorId": 28,
            "images": [
                "https:\/\/cdn.poizon.com\/pro-img\/origin-img\/20231103\/f4a4449d771a43159569ee3833cceff6.jpg",
                "https:\/\/cdn.poizon.com\/pro-img\/origin-img\/2025061613\/dd79cb5dea2e90c237133a9423631026.jpg",
                "https:\/\/cdn.poizon.com\/pro-img\/origin-img\/2025061613\/769ad8ed13e665f5c1561afedb1f212c.jpg",
                "https:\/\/cdn.poizon.com\/pro-img\/origin-img\/20231103\/60d4dfe6b0264328afde88b46ca2529c.jpg",
                "https:\/\/cdn.poizon.com\/pro-img\/origin-img\/20231103\/d3abcca113ea4f54b6c3072957152a46.jpg",
                "https:\/\/cdn.poizon.com\/pro-img\/origin-img\/20231103\/4453684b7b5e4508aef7d4e7ed690e14.jpeg",
                "https:\/\/cdn.poizon.com\/pro-img\/origin-img\/20231103\/70dcbc572df94c76b63f67e96b436ea7.png"
            ],
            "price": 1090,
            "purchasePrice": 999,
            "count": 1,
            "available": true,
            "timeDelivery": {
                "min": 20,
                "max": 20
            },
            "vat": "NO_VAT",
            "currency": "RUR",
            "params": [
                {
                    "key": "Цвет",
                    "value": "Черное"
                },
                {
                    "key": "Вариант",
                    "value": "Ширина 2E"
                },
                {
                    "key": "Размер",
                    "value": "42"
                }
            ],
            "vendor": "New Balance",
            "seriesName": ""
        },
        {
            "productId": 757436,
            "parentId": 757436,
            "url": "https:\/\/fast.dewu.com\/page\/productDetail?sourceName=sharedetail&spuId=7034156",
            "variantId": 638629381,
            "title": " New Balance NB 410",
            "description": "",
            "vendorCode": "MT410KR5-11",
            "categoryId": 8713,
            "vendorId": 28,
            "images": [
                "https:\/\/cdn.poizon.com\/pro-img\/origin-img\/20231103\/f4a4449d771a43159569ee3833cceff6.jpg",
                "https:\/\/cdn.poizon.com\/pro-img\/origin-img\/2025061613\/dd79cb5dea2e90c237133a9423631026.jpg",
                "https:\/\/cdn.poizon.com\/pro-img\/origin-img\/2025061613\/769ad8ed13e665f5c1561afedb1f212c.jpg",
                "https:\/\/cdn.poizon.com\/pro-img\/origin-img\/20231103\/60d4dfe6b0264328afde88b46ca2529c.jpg",
                "https:\/\/cdn.poizon.com\/pro-img\/origin-img\/20231103\/d3abcca113ea4f54b6c3072957152a46.jpg",
                "https:\/\/cdn.poizon.com\/pro-img\/origin-img\/20231103\/4453684b7b5e4508aef7d4e7ed690e14.jpeg",
                "https:\/\/cdn.poizon.com\/pro-img\/origin-img\/20231103\/70dcbc572df94c76b63f67e96b436ea7.png"
            ],
            "price": 1090,
            "purchasePrice": 999,
            "count": 1,
            "available": true,
            "timeDelivery": {
                "min": 20,
                "max": 20
            },
            "vat": "NO_VAT",
            "currency": "RUR",
            "params": [
                {
                    "key": "Цвет",
                    "value": "Черное"
                },
                {
                    "key": "Вариант",
                    "value": "Ширина 2E"
                },
                {
                    "key": "Размер",
                    "value": "42.5"
                }
            ],
            "vendor": "New Balance",
            "seriesName": ""
        },
        {
            "productId": 757436,
            "parentId": 757436,
            "url": "https:\/\/fast.dewu.com\/page\/productDetail?sourceName=sharedetail&spuId=7034156",
            "variantId": 638629382,
            "title": " New Balance NB 410",
            "description": "",
            "vendorCode": "MT410KR5-12",
            "categoryId": 8713,
            "vendorId": 28,
            "images": [
                "https:\/\/cdn.poizon.com\/pro-img\/origin-img\/20231103\/f4a4449d771a43159569ee3833cceff6.jpg",
                "https:\/\/cdn.poizon.com\/pro-img\/origin-img\/2025061613\/dd79cb5dea2e90c237133a9423631026.jpg",
                "https:\/\/cdn.poizon.com\/pro-img\/origin-img\/2025061613\/769ad8ed13e665f5c1561afedb1f212c.jpg",
                "https:\/\/cdn.poizon.com\/pro-img\/origin-img\/20231103\/60d4dfe6b0264328afde88b46ca2529c.jpg",
                "https:\/\/cdn.poizon.com\/pro-img\/origin-img\/20231103\/d3abcca113ea4f54b6c3072957152a46.jpg",
                "https:\/\/cdn.poizon.com\/pro-img\/origin-img\/20231103\/4453684b7b5e4508aef7d4e7ed690e14.jpeg",
                "https:\/\/cdn.poizon.com\/pro-img\/origin-img\/20231103\/70dcbc572df94c76b63f67e96b436ea7.png"
            ],
            "price": 1090,
            "purchasePrice": 999,
            "count": 1,
            "available": true,
            "timeDelivery": {
                "min": 20,
                "max": 20
            },
            "vat": "NO_VAT",
            "currency": "RUR",
            "params": [
                {
                    "key": "Цвет",
                    "value": "Черное"
                },
                {
                    "key": "Вариант",
                    "value": "Ширина 2E"
                },
                {
                    "key": "Размер",
                    "value": "43"
                }
            ],
            "vendor": "New Balance",
            "seriesName": ""
        },
        {
            "productId": 757436,
            "parentId": 757436,
            "url": "https:\/\/fast.dewu.com\/page\/productDetail?sourceName=sharedetail&spuId=7034156",
            "variantId": 638629383,
            "title": " New Balance NB 410",
            "description": "",
            "vendorCode": "MT410KR5-13",
            "categoryId": 8713,
            "vendorId": 28,
            "images": [
                "https:\/\/cdn.poizon.com\/pro-img\/origin-img\/20231103\/f4a4449d771a43159569ee3833cceff6.jpg",
                "https:\/\/cdn.poizon.com\/pro-img\/origin-img\/2025061613\/dd79cb5dea2e90c237133a9423631026.jpg",
                "https:\/\/cdn.poizon.com\/pro-img\/origin-img\/2025061613\/769ad8ed13e665f5c1561afedb1f212c.jpg",
                "https:\/\/cdn.poizon.com\/pro-img\/origin-img\/20231103\/60d4dfe6b0264328afde88b46ca2529c.jpg",
                "https:\/\/cdn.poizon.com\/pro-img\/origin-img\/20231103\/d3abcca113ea4f54b6c3072957152a46.jpg",
                "https:\/\/cdn.poizon.com\/pro-img\/origin-img\/20231103\/4453684b7b5e4508aef7d4e7ed690e14.jpeg",
                "https:\/\/cdn.poizon.com\/pro-img\/origin-img\/20231103\/70dcbc572df94c76b63f67e96b436ea7.png"
            ],
            "price": 1090,
            "purchasePrice": 999,
            "count": 1,
            "available": true,
            "timeDelivery": {
                "min": 20,
                "max": 20
            },
            "vat": "NO_VAT",
            "currency": "RUR",
            "params": [
                {
                    "key": "Цвет",
                    "value": "Черное"
                },
                {
                    "key": "Вариант",
                    "value": "Ширина 2E"
                },
                {
                    "key": "Размер",
                    "value": "44"
                }
            ],
            "vendor": "New Balance",
            "seriesName": ""
        }
    ]
}
[2025-11-08 18:43:09] 
[2025-11-08 18:43:09] [224/316] Импорт: New Balance NB 997H (ID: 757609)
[2025-11-08 18:43:09] Батч-вставка размеров: 18 шт для product_id=272
[2025-11-08 18:43:09] Импортировано изображений вариантов: 72 для product_id=272
[2025-11-08 18:43:09]      Успешно импортирован
[2025-11-08 18:43:09] [225/316] Импорт: New Balance NB 574 (ID: 757701)
[2025-11-08 18:43:09] Батч-вставка размеров: 8 шт для product_id=273
[2025-11-08 18:43:09] Импортировано изображений вариантов: 32 для product_id=273
[2025-11-08 18:43:09]      Успешно импортирован
[2025-11-08 18:43:09] [226/316] Импорт: New Balance Hierro v6 v6 (ID: 757821)
[2025-11-08 18:43:09] Батч-вставка размеров: 16 шт для product_id=274
[2025-11-08 18:43:09] Импортировано изображений вариантов: 64 для product_id=274
[2025-11-08 18:43:09]      Успешно импортирован
[2025-11-08 18:43:09] [227/316] Импорт: New Balance NB 410 (ID: 757841)
[2025-11-08 18:43:09] Батч-вставка размеров: 8 шт для product_id=275
[2025-11-08 18:43:09] Импортировано изображений вариантов: 32 для product_id=275
[2025-11-08 18:43:09]      Успешно импортирован
[2025-11-08 18:43:09] [228/316] Импорт:  New Balance NB 530 Y2K D (ID: 758906)
[2025-11-08 18:43:09] 
═══════════════════════════════════════════════════
[2025-11-08 18:43:09] ОШИБКА #3:  New Balance NB 530 Y2K D
[2025-11-08 18:43:09] ═══════════════════════════════════════════════════
[2025-11-08 18:43:09] Product ID: 758906
[2025-11-08 18:43:09] Index: 228/316
[2025-11-08 18:43:09] Error: Ошибка сохранения товара: vendor_code: Товар с таким артикулом уже существует у данного бренда
[2025-11-08 18:43:09] 
Stack Trace:
[2025-11-08 18:43:09] #0 /Users/user/CascadeProjects/splitwise/commands/PoizonImportJsonController.php(271): app\commands\PoizonImportJsonController->importProduct(Array)
#1 [internal function]: app\commands\PoizonImportJsonController->actionRun('https://storage...')
#2 /Users/user/CascadeProjects/splitwise/vendor/yiisoft/yii2/base/InlineAction.php(60): call_user_func_array(Array, Array)
#3 /Users/user/CascadeProjects/splitwise/vendor/yiisoft/yii2/base/Controller.php(184): yii\base\InlineAction->runWithParams(Array)
#4 /Users/user/CascadeProjects/splitwise/vendor/yiisoft/yii2/console/Controller.php(180): yii\base\Controller->runAction('run', Array)
#5 /Users/user/CascadeProjects/splitwise/vendor/yiisoft/yii2/base/Module.php(555): yii\console\Controller->runAction('run', Array)
#6 /Users/user/CascadeProjects/splitwise/vendor/yiisoft/yii2/console/Application.php(180): yii\base\Module->runAction('poizon-import-j...', Array)
#7 /Users/user/CascadeProjects/splitwise/vendor/yiisoft/yii2/console/Application.php(147): yii\console\Application->runAction('poizon-import-j...', Array)
#8 /Users/user/CascadeProjects/splitwise/vendor/yiisoft/yii2/base/Application.php(387): yii\console\Application->handleRequest(Object(yii\console\Request))
#9 /Users/user/CascadeProjects/splitwise/yii(23): yii\base\Application->run()
#10 {main}
[2025-11-08 18:43:09] 
Product Data:
[2025-11-08 18:43:09] {
    "productId": 758906,
    "variantId": 758906,
    "url": "https:\/\/fast.dewu.com\/page\/productDetail?sourceName=sharedetail&spuId=14061187",
    "title": " New Balance NB 530 Y2K D",
    "description": "",
    "vendorCode": "MR530SG",
    "categoryId": 8713,
    "vendorId": 28,
    "images": [
        "https:\/\/cdn.poizon.com\/pro-img\/origin-img\/20240723\/1b405f79b531488ea1d59e69677452d9.jpg",
        "https:\/\/cdn.poizon.com\/pro-img\/origin-img\/2025061917\/374ede3437ddef235e2df581965c571d.jpg",
        "https:\/\/cdn.poizon.com\/pro-img\/origin-img\/2025061917\/fb8c2dbb4de56218a45a7f5c1a6595b9.jpg",
        "https:\/\/cdn.poizon.com\/pro-img\/origin-img\/20240723\/d6a6f81ba5cf46ab8e360414fed0cb91.jpg",
        "https:\/\/cdn.poizon.com\/pro-img\/origin-img\/20240723\/9033905c8e7f400e941ca7739de0f40b.jpg"
    ],
    "price": 0,
    "favoriteCount": 0,
    "countryOfOrigin": "Китай",
    "properties": [
        {
            "key": "Верхняя высота",
            "value": "Низкий вырез"
        },
        {
            "key": "Применимые сценарии",
            "value": "Свободный"
        },
        {
            "key": "Функциональная",
            "value": "Амортизирующий, нескользящий, износостойкий, дышащий"
        },
        {
            "key": "Цена предложения",
            "value": "¥959"
        },
        {
            "key": "Верхний материал",
            "value": "Сетка, ткань, искусственная кожа"
        },
        {
            "key": "Основной цвет",
            "value": "Коричневый, серебристый"
        },
        {
            "key": "Товарная накладная",
            "value": "Поставляется с парой шнурков для обуви"
        },
        {
            "key": "Дата выхода",
            "value": "2024.07.23"
        },
        {
            "key": "Стиль",
            "value": "Ретро-стиль, улица, модный тренд"
        }
    ],
    "seriesName": "",
    "relatedProducts": [],
    "gender": "Унисекс",
    "sizes": [
        {
            "name": "Европейский кодекс ЕС",
            "delimiter": ",",
            "value": "35,35.5,36,37,37.5,38,38.5,39.5,40,40.5,41.5,42,42.5,43,44,44.5,45,45.5,46.5,47,47.5,49,50,51,52,53"
        },
        {
            "name": "Английский код Великобритании",
            "delimiter": ",",
            "value": "2.5,3,3.5,4,4.5,5,5.5,6,6.5,7,7.5,8,8.5,9,9.5,10,10.5,11,11.5,12,12.5,13.5,14.5,15.5,16.5,17.5"
        },
        {
            "name": "Японский код JP",
            "delimiter": ",",
            "value": "21,21.5,22,22.5,23,23.5,24,24.5,25,25.5,26,26.5,27,27.5,28,28.5,29,29.5,30,30.5,31,32,33,34,35,36"
        },
        {
            "name": "Код Республики Корея",
            "delimiter": ",",
            "value": "210,215,220,225,230,235,240,245,250,255,260,265,270,275,280,285,290,295,300,305,310,320,330,340,350,360"
        },
        {
            "name": "Мужской кодекс красоты США",
            "delimiter": ",",
            "value": "3,3.5,4,4.5,5,5.5,6,6.5,7,7.5,8,8.5,9,9.5,10,10.5,11,11.5,12,12.5,13,14,15,16,17,18"
        },
        {
            "name": "Женский кодекс красоты США",
            "delimiter": ",",
            "value": "4.5,5,5.5,6,6.5,7,7.5,8,8.5,9,9.5,10,10.5,11,11.5,12,12.5,13,13.5,14,15,\/,\/,\/,\/,\/"
        },
        {
            "name": "Подходит для длины стопы",
            "delimiter": ",",
            "value": "210,215,220,225,230,235,240,245,250,255,260,265,270,275,280,285,290,295,300,305,310,320,330,340,350,360"
        }
    ],
    "vat": "NO_VAT",
    "currency": "RUR",
    "keywords": [
        "【定制球鞋】",
        "new",
        "balance",
        "530",
        "辐射地带",
        "废土风",
        "街头减震防滑耐磨透气",
        "休闲y2k复古跑鞋",
        "男女同款"
    ],
    "vendor": "New Balance",
    "children": [
        {
            "productId": 758906,
            "parentId": 758906,
            "url": "https:\/\/fast.dewu.com\/page\/productDetail?sourceName=sharedetail&spuId=14061187",
            "variantId": 709491910,
            "title": " New Balance NB 530 Y2K D",
            "description": "",
            "vendorCode": "MR530SG-1",
            "categoryId": 8713,
            "vendorId": 28,
            "images": [
                "https:\/\/cdn.poizon.com\/pro-img\/origin-img\/20240723\/1b405f79b531488ea1d59e69677452d9.jpg",
                "https:\/\/cdn.poizon.com\/pro-img\/origin-img\/2025061917\/374ede3437ddef235e2df581965c571d.jpg",
                "https:\/\/cdn.poizon.com\/pro-img\/origin-img\/2025061917\/fb8c2dbb4de56218a45a7f5c1a6595b9.jpg",
                "https:\/\/cdn.poizon.com\/pro-img\/origin-img\/20240723\/d6a6f81ba5cf46ab8e360414fed0cb91.jpg",
                "https:\/\/cdn.poizon.com\/pro-img\/origin-img\/20240723\/9033905c8e7f400e941ca7739de0f40b.jpg"
            ],
            "price": 0,
            "purchasePrice": 0,
            "count": 0,
            "available": false,
            "timeDelivery": {
                "min": 15,
                "max": 24
            },
            "vat": "NO_VAT",
            "currency": "RUR",
            "params": [
                {
                    "key": "Цвет",
                    "value": "Коричневый"
                },
                {
                    "key": "Размер",
                    "value": "35.5"
                }
            ],
            "vendor": "New Balance",
            "seriesName": ""
        },
        {
            "productId": 758906,
            "parentId": 758906,
            "url": "https:\/\/fast.dewu.com\/page\/productDetail?sourceName=sharedetail&spuId=14061187",
            "variantId": 709491912,
            "title": " New Balance NB 530 Y2K D",
            "description": "",
            "vendorCode": "MR530SG-2",
            "categoryId": 8713,
            "vendorId": 28,
            "images": [
                "https:\/\/cdn.poizon.com\/pro-img\/origin-img\/20240723\/1b405f79b531488ea1d59e69677452d9.jpg",
                "https:\/\/cdn.poizon.com\/pro-img\/origin-img\/2025061917\/374ede3437ddef235e2df581965c571d.jpg",
                "https:\/\/cdn.poizon.com\/pro-img\/origin-img\/2025061917\/fb8c2dbb4de56218a45a7f5c1a6595b9.jpg",
                "https:\/\/cdn.poizon.com\/pro-img\/origin-img\/20240723\/d6a6f81ba5cf46ab8e360414fed0cb91.jpg",
                "https:\/\/cdn.poizon.com\/pro-img\/origin-img\/20240723\/9033905c8e7f400e941ca7739de0f40b.jpg"
            ],
            "price": 0,
            "purchasePrice": 0,
            "count": 0,
            "available": false,
            "timeDelivery": {
                "min": 15,
                "max": 24
            },
            "vat": "NO_VAT",
            "currency": "RUR",
            "params": [
                {
                    "key": "Цвет",
                    "value": "Коричневый"
                },
                {
                    "key": "Размер",
                    "value": "36"
                }
            ],
            "vendor": "New Balance",
            "seriesName": ""
        },
        {
            "productId": 758906,
            "parentId": 758906,
            "url": "https:\/\/fast.dewu.com\/page\/productDetail?sourceName=sharedetail&spuId=14061187",
            "variantId": 709491914,
            "title": " New Balance NB 530 Y2K D",
            "description": "",
            "vendorCode": "MR530SG-3",
            "categoryId": 8713,
            "vendorId": 28,
            "images": [
                "https:\/\/cdn.poizon.com\/pro-img\/origin-img\/20240723\/1b405f79b531488ea1d59e69677452d9.jpg",
                "https:\/\/cdn.poizon.com\/pro-img\/origin-img\/2025061917\/374ede3437ddef235e2df581965c571d.jpg",
                "https:\/\/cdn.poizon.com\/pro-img\/origin-img\/2025061917\/fb8c2dbb4de56218a45a7f5c1a6595b9.jpg",
                "https:\/\/cdn.poizon.com\/pro-img\/origin-img\/20240723\/d6a6f81ba5cf46ab8e360414fed0cb91.jpg",
                "https:\/\/cdn.poizon.com\/pro-img\/origin-img\/20240723\/9033905c8e7f400e941ca7739de0f40b.jpg"
            ],
            "price": 0,
            "purchasePrice": 0,
            "count": 0,
            "available": false,
            "timeDelivery": {
                "min": 15,
                "max": 24
            },
            "vat": "NO_VAT",
            "currency": "RUR",
            "params": [
                {
                    "key": "Цвет",
                    "value": "Коричневый"
                },
                {
                    "key": "Размер",
                    "value": "37"
                }
            ],
            "vendor": "New Balance",
            "seriesName": ""
        },
        {
            "productId": 758906,
            "parentId": 758906,
            "url": "https:\/\/fast.dewu.com\/page\/productDetail?sourceName=sharedetail&spuId=14061187",
            "variantId": 709491916,
            "title": " New Balance NB 530 Y2K D",
            "description": "",
            "vendorCode": "MR530SG-4",
            "categoryId": 8713,
            "vendorId": 28,
            "images": [
                "https:\/\/cdn.poizon.com\/pro-img\/origin-img\/20240723\/1b405f79b531488ea1d59e69677452d9.jpg",
                "https:\/\/cdn.poizon.com\/pro-img\/origin-img\/2025061917\/374ede3437ddef235e2df581965c571d.jpg",
                "https:\/\/cdn.poizon.com\/pro-img\/origin-img\/2025061917\/fb8c2dbb4de56218a45a7f5c1a6595b9.jpg",
                "https:\/\/cdn.poizon.com\/pro-img\/origin-img\/20240723\/d6a6f81ba5cf46ab8e360414fed0cb91.jpg",
                "https:\/\/cdn.poizon.com\/pro-img\/origin-img\/20240723\/9033905c8e7f400e941ca7739de0f40b.jpg"
            ],
            "price": 0,
            "purchasePrice": 0,
            "count": 0,
            "available": false,
            "timeDelivery": {
                "min": 15,
                "max": 24
            },
            "vat": "NO_VAT",
            "currency": "RUR",
            "params": [
                {
                    "key": "Цвет",
                    "value": "Коричневый"
                },
                {
                    "key": "Размер",
                    "value": "37.5"
                }
            ],
            "vendor": "New Balance",
            "seriesName": ""
        },
        {
            "productId": 758906,
            "parentId": 758906,
            "url": "https:\/\/fast.dewu.com\/page\/productDetail?sourceName=sharedetail&spuId=14061187",
            "variantId": 709491918,
            "title": " New Balance NB 530 Y2K D",
            "description": "",
            "vendorCode": "MR530SG-5",
            "categoryId": 8713,
            "vendorId": 28,
            "images": [
                "https:\/\/cdn.poizon.com\/pro-img\/origin-img\/20240723\/1b405f79b531488ea1d59e69677452d9.jpg",
                "https:\/\/cdn.poizon.com\/pro-img\/origin-img\/2025061917\/374ede3437ddef235e2df581965c571d.jpg",
                "https:\/\/cdn.poizon.com\/pro-img\/origin-img\/2025061917\/fb8c2dbb4de56218a45a7f5c1a6595b9.jpg",
                "https:\/\/cdn.poizon.com\/pro-img\/origin-img\/20240723\/d6a6f81ba5cf46ab8e360414fed0cb91.jpg",
                "https:\/\/cdn.poizon.com\/pro-img\/origin-img\/20240723\/9033905c8e7f400e941ca7739de0f40b.jpg"
            ],
            "price": 0,
            "purchasePrice": 0,
            "count": 0,
            "available": false,
            "timeDelivery": {
                "min": 15,
                "max": 24
            },
            "vat": "NO_VAT",
            "currency": "RUR",
            "params": [
                {
                    "key": "Цвет",
                    "value": "Коричневый"
                },
                {
                    "key": "Размер",
                    "value": "38"
                }
            ],
            "vendor": "New Balance",
            "seriesName": ""
        },
        {
            "productId": 758906,
            "parentId": 758906,
            "url": "https:\/\/fast.dewu.com\/page\/productDetail?sourceName=sharedetail&spuId=14061187",
            "variantId": 709491921,
            "title": " New Balance NB 530 Y2K D",
            "description": "",
            "vendorCode": "MR530SG-6",
            "categoryId": 8713,
            "vendorId": 28,
            "images": [
                "https:\/\/cdn.poizon.com\/pro-img\/origin-img\/20240723\/1b405f79b531488ea1d59e69677452d9.jpg",
                "https:\/\/cdn.poizon.com\/pro-img\/origin-img\/2025061917\/374ede3437ddef235e2df581965c571d.jpg",
                "https:\/\/cdn.poizon.com\/pro-img\/origin-img\/2025061917\/fb8c2dbb4de56218a45a7f5c1a6595b9.jpg",
                "https:\/\/cdn.poizon.com\/pro-img\/origin-img\/20240723\/d6a6f81ba5cf46ab8e360414fed0cb91.jpg",
                "https:\/\/cdn.poizon.com\/pro-img\/origin-img\/20240723\/9033905c8e7f400e941ca7739de0f40b.jpg"
            ],
            "price": 0,
            "purchasePrice": 0,
            "count": 0,
            "available": false,
            "timeDelivery": {
                "min": 15,
                "max": 24
            },
            "vat": "NO_VAT",
            "currency": "RUR",
            "params": [
                {
                    "key": "Цвет",
                    "value": "Коричневый"
                },
                {
                    "key": "Размер",
                    "value": "38.5"
                }
            ],
            "vendor": "New Balance",
            "seriesName": ""
        },
        {
            "productId": 758906,
            "parentId": 758906,
            "url": "https:\/\/fast.dewu.com\/page\/productDetail?sourceName=sharedetail&spuId=14061187",
            "variantId": 709491923,
            "title": " New Balance NB 530 Y2K D",
            "description": "",
            "vendorCode": "MR530SG-7",
            "categoryId": 8713,
            "vendorId": 28,
            "images": [
                "https:\/\/cdn.poizon.com\/pro-img\/origin-img\/20240723\/1b405f79b531488ea1d59e69677452d9.jpg",
                "https:\/\/cdn.poizon.com\/pro-img\/origin-img\/2025061917\/374ede3437ddef235e2df581965c571d.jpg",
                "https:\/\/cdn.poizon.com\/pro-img\/origin-img\/2025061917\/fb8c2dbb4de56218a45a7f5c1a6595b9.jpg",
                "https:\/\/cdn.poizon.com\/pro-img\/origin-img\/20240723\/d6a6f81ba5cf46ab8e360414fed0cb91.jpg",
                "https:\/\/cdn.poizon.com\/pro-img\/origin-img\/20240723\/9033905c8e7f400e941ca7739de0f40b.jpg"
            ],
            "price": 0,
            "purchasePrice": 0,
            "count": 0,
            "available": false,
            "timeDelivery": {
                "min": 15,
                "max": 24
            },
            "vat": "NO_VAT",
            "currency": "RUR",
            "params": [
                {
                    "key": "Цвет",
                    "value": "Коричневый"
                },
                {
                    "key": "Размер",
                    "value": "39.5"
                }
            ],
            "vendor": "New Balance",
            "seriesName": ""
        },
        {
            "productId": 758906,
            "parentId": 758906,
            "url": "https:\/\/fast.dewu.com\/page\/productDetail?sourceName=sharedetail&spuId=14061187",
            "variantId": 709491925,
            "title": " New Balance NB 530 Y2K D",
            "description": "",
            "vendorCode": "MR530SG-8",
            "categoryId": 8713,
            "vendorId": 28,
            "images": [
                "https:\/\/cdn.poizon.com\/pro-img\/origin-img\/20240723\/1b405f79b531488ea1d59e69677452d9.jpg",
                "https:\/\/cdn.poizon.com\/pro-img\/origin-img\/2025061917\/374ede3437ddef235e2df581965c571d.jpg",
                "https:\/\/cdn.poizon.com\/pro-img\/origin-img\/2025061917\/fb8c2dbb4de56218a45a7f5c1a6595b9.jpg",
                "https:\/\/cdn.poizon.com\/pro-img\/origin-img\/20240723\/d6a6f81ba5cf46ab8e360414fed0cb91.jpg",
                "https:\/\/cdn.poizon.com\/pro-img\/origin-img\/20240723\/9033905c8e7f400e941ca7739de0f40b.jpg"
            ],
            "price": 0,
            "purchasePrice": 0,
            "count": 0,
            "available": false,
            "timeDelivery": {
                "min": 15,
                "max": 24
            },
            "vat": "NO_VAT",
            "currency": "RUR",
            "params": [
                {
                    "key": "Цвет",
                    "value": "Коричневый"
                },
                {
                    "key": "Размер",
                    "value": "40"
                }
            ],
            "vendor": "New Balance",
            "seriesName": ""
        },
        {
            "productId": 758906,
            "parentId": 758906,
            "url": "https:\/\/fast.dewu.com\/page\/productDetail?sourceName=sharedetail&spuId=14061187",
            "variantId": 709491927,
            "title": " New Balance NB 530 Y2K D",
            "description": "",
            "vendorCode": "MR530SG-9",
            "categoryId": 8713,
            "vendorId": 28,
            "images": [
                "https:\/\/cdn.poizon.com\/pro-img\/origin-img\/20240723\/1b405f79b531488ea1d59e69677452d9.jpg",
                "https:\/\/cdn.poizon.com\/pro-img\/origin-img\/2025061917\/374ede3437ddef235e2df581965c571d.jpg",
                "https:\/\/cdn.poizon.com\/pro-img\/origin-img\/2025061917\/fb8c2dbb4de56218a45a7f5c1a6595b9.jpg",
                "https:\/\/cdn.poizon.com\/pro-img\/origin-img\/20240723\/d6a6f81ba5cf46ab8e360414fed0cb91.jpg",
                "https:\/\/cdn.poizon.com\/pro-img\/origin-img\/20240723\/9033905c8e7f400e941ca7739de0f40b.jpg"
            ],
            "price": 0,
            "purchasePrice": 0,
            "count": 0,
            "available": false,
            "timeDelivery": {
                "min": 15,
                "max": 24
            },
            "vat": "NO_VAT",
            "currency": "RUR",
            "params": [
                {
                    "key": "Цвет",
                    "value": "Коричневый"
                },
                {
                    "key": "Размер",
                    "value": "40.5"
                }
            ],
            "vendor": "New Balance",
            "seriesName": ""
        },
        {
            "productId": 758906,
            "parentId": 758906,
            "url": "https:\/\/fast.dewu.com\/page\/productDetail?sourceName=sharedetail&spuId=14061187",
            "variantId": 709491929,
            "title": " New Balance NB 530 Y2K D",
            "description": "",
            "vendorCode": "MR530SG-10",
            "categoryId": 8713,
            "vendorId": 28,
            "images": [
                "https:\/\/cdn.poizon.com\/pro-img\/origin-img\/20240723\/1b405f79b531488ea1d59e69677452d9.jpg",
                "https:\/\/cdn.poizon.com\/pro-img\/origin-img\/2025061917\/374ede3437ddef235e2df581965c571d.jpg",
                "https:\/\/cdn.poizon.com\/pro-img\/origin-img\/2025061917\/fb8c2dbb4de56218a45a7f5c1a6595b9.jpg",
                "https:\/\/cdn.poizon.com\/pro-img\/origin-img\/20240723\/d6a6f81ba5cf46ab8e360414fed0cb91.jpg",
                "https:\/\/cdn.poizon.com\/pro-img\/origin-img\/20240723\/9033905c8e7f400e941ca7739de0f40b.jpg"
            ],
            "price": 0,
            "purchasePrice": 0,
            "count": 0,
            "available": false,
            "timeDelivery": {
                "min": 15,
                "max": 24
            },
            "vat": "NO_VAT",
            "currency": "RUR",
            "params": [
                {
                    "key": "Цвет",
                    "value": "Коричневый"
                },
                {
                    "key": "Размер",
                    "value": "41.5"
                }
            ],
            "vendor": "New Balance",
            "seriesName": ""
        },
        {
            "productId": 758906,
            "parentId": 758906,
            "url": "https:\/\/fast.dewu.com\/page\/productDetail?sourceName=sharedetail&spuId=14061187",
            "variantId": 709491931,
            "title": " New Balance NB 530 Y2K D",
            "description": "",
            "vendorCode": "MR530SG-11",
            "categoryId": 8713,
            "vendorId": 28,
            "images": [
                "https:\/\/cdn.poizon.com\/pro-img\/origin-img\/20240723\/1b405f79b531488ea1d59e69677452d9.jpg",
                "https:\/\/cdn.poizon.com\/pro-img\/origin-img\/2025061917\/374ede3437ddef235e2df581965c571d.jpg",
                "https:\/\/cdn.poizon.com\/pro-img\/origin-img\/2025061917\/fb8c2dbb4de56218a45a7f5c1a6595b9.jpg",
                "https:\/\/cdn.poizon.com\/pro-img\/origin-img\/20240723\/d6a6f81ba5cf46ab8e360414fed0cb91.jpg",
                "https:\/\/cdn.poizon.com\/pro-img\/origin-img\/20240723\/9033905c8e7f400e941ca7739de0f40b.jpg"
            ],
            "price": 0,
            "purchasePrice": 0,
            "count": 0,
            "available": false,
            "timeDelivery": {
                "min": 15,
                "max": 24
            },
            "vat": "NO_VAT",
            "currency": "RUR",
            "params": [
                {
                    "key": "Цвет",
                    "value": "Коричневый"
                },
                {
                    "key": "Размер",
                    "value": "42"
                }
            ],
            "vendor": "New Balance",
            "seriesName": ""
        },
        {
            "productId": 758906,
            "parentId": 758906,
            "url": "https:\/\/fast.dewu.com\/page\/productDetail?sourceName=sharedetail&spuId=14061187",
            "variantId": 709491952,
            "title": " New Balance NB 530 Y2K D",
            "description": "",
            "vendorCode": "MR530SG-12",
            "categoryId": 8713,
            "vendorId": 28,
            "images": [
                "https:\/\/cdn.poizon.com\/pro-img\/origin-img\/20240723\/1b405f79b531488ea1d59e69677452d9.jpg",
                "https:\/\/cdn.poizon.com\/pro-img\/origin-img\/2025061917\/374ede3437ddef235e2df581965c571d.jpg",
                "https:\/\/cdn.poizon.com\/pro-img\/origin-img\/2025061917\/fb8c2dbb4de56218a45a7f5c1a6595b9.jpg",
                "https:\/\/cdn.poizon.com\/pro-img\/origin-img\/20240723\/d6a6f81ba5cf46ab8e360414fed0cb91.jpg",
                "https:\/\/cdn.poizon.com\/pro-img\/origin-img\/20240723\/9033905c8e7f400e941ca7739de0f40b.jpg"
            ],
            "price": 0,
            "purchasePrice": 0,
            "count": 0,
            "available": false,
            "timeDelivery": {
                "min": 15,
                "max": 24
            },
            "vat": "NO_VAT",
            "currency": "RUR",
            "params": [
                {
                    "key": "Цвет",
                    "value": "Коричневый"
                },
                {
                    "key": "Размер",
                    "value": "42.5"
                }
            ],
            "vendor": "New Balance",
            "seriesName": ""
        },
        {
            "productId": 758906,
            "parentId": 758906,
            "url": "https:\/\/fast.dewu.com\/page\/productDetail?sourceName=sharedetail&spuId=14061187",
            "variantId": 709491954,
            "title": " New Balance NB 530 Y2K D",
            "description": "",
            "vendorCode": "MR530SG-13",
            "categoryId": 8713,
            "vendorId": 28,
            "images": [
                "https:\/\/cdn.poizon.com\/pro-img\/origin-img\/20240723\/1b405f79b531488ea1d59e69677452d9.jpg",
                "https:\/\/cdn.poizon.com\/pro-img\/origin-img\/2025061917\/374ede3437ddef235e2df581965c571d.jpg",
                "https:\/\/cdn.poizon.com\/pro-img\/origin-img\/2025061917\/fb8c2dbb4de56218a45a7f5c1a6595b9.jpg",
                "https:\/\/cdn.poizon.com\/pro-img\/origin-img\/20240723\/d6a6f81ba5cf46ab8e360414fed0cb91.jpg",
                "https:\/\/cdn.poizon.com\/pro-img\/origin-img\/20240723\/9033905c8e7f400e941ca7739de0f40b.jpg"
            ],
            "price": 0,
            "purchasePrice": 0,
            "count": 0,
            "available": false,
            "timeDelivery": {
                "min": 15,
                "max": 24
            },
            "vat": "NO_VAT",
            "currency": "RUR",
            "params": [
                {
                    "key": "Цвет",
                    "value": "Коричневый"
                },
                {
                    "key": "Размер",
                    "value": "43"
                }
            ],
            "vendor": "New Balance",
            "seriesName": ""
        },
        {
            "productId": 758906,
            "parentId": 758906,
            "url": "https:\/\/fast.dewu.com\/page\/productDetail?sourceName=sharedetail&spuId=14061187",
            "variantId": 709491956,
            "title": " New Balance NB 530 Y2K D",
            "description": "",
            "vendorCode": "MR530SG-14",
            "categoryId": 8713,
            "vendorId": 28,
            "images": [
                "https:\/\/cdn.poizon.com\/pro-img\/origin-img\/20240723\/1b405f79b531488ea1d59e69677452d9.jpg",
                "https:\/\/cdn.poizon.com\/pro-img\/origin-img\/2025061917\/374ede3437ddef235e2df581965c571d.jpg",
                "https:\/\/cdn.poizon.com\/pro-img\/origin-img\/2025061917\/fb8c2dbb4de56218a45a7f5c1a6595b9.jpg",
                "https:\/\/cdn.poizon.com\/pro-img\/origin-img\/20240723\/d6a6f81ba5cf46ab8e360414fed0cb91.jpg",
                "https:\/\/cdn.poizon.com\/pro-img\/origin-img\/20240723\/9033905c8e7f400e941ca7739de0f40b.jpg"
            ],
            "price": 0,
            "purchasePrice": 0,
            "count": 0,
            "available": false,
            "timeDelivery": {
                "min": 15,
                "max": 24
            },
            "vat": "NO_VAT",
            "currency": "RUR",
            "params": [
                {
                    "key": "Цвет",
                    "value": "Коричневый"
                },
                {
                    "key": "Размер",
                    "value": "44"
                }
            ],
            "vendor": "New Balance",
            "seriesName": ""
        },
        {
            "productId": 758906,
            "parentId": 758906,
            "url": "https:\/\/fast.dewu.com\/page\/productDetail?sourceName=sharedetail&spuId=14061187",
            "variantId": 709491958,
            "title": " New Balance NB 530 Y2K D",
            "description": "",
            "vendorCode": "MR530SG-15",
            "categoryId": 8713,
            "vendorId": 28,
            "images": [
                "https:\/\/cdn.poizon.com\/pro-img\/origin-img\/20240723\/1b405f79b531488ea1d59e69677452d9.jpg",
                "https:\/\/cdn.poizon.com\/pro-img\/origin-img\/2025061917\/374ede3437ddef235e2df581965c571d.jpg",
                "https:\/\/cdn.poizon.com\/pro-img\/origin-img\/2025061917\/fb8c2dbb4de56218a45a7f5c1a6595b9.jpg",
                "https:\/\/cdn.poizon.com\/pro-img\/origin-img\/20240723\/d6a6f81ba5cf46ab8e360414fed0cb91.jpg",
                "https:\/\/cdn.poizon.com\/pro-img\/origin-img\/20240723\/9033905c8e7f400e941ca7739de0f40b.jpg"
            ],
            "price": 0,
            "purchasePrice": 0,
            "count": 0,
            "available": false,
            "timeDelivery": {
                "min": 15,
                "max": 24
            },
            "vat": "NO_VAT",
            "currency": "RUR",
            "params": [
                {
                    "key": "Цвет",
                    "value": "Коричневый"
                },
                {
                    "key": "Размер",
                    "value": "44.5"
                }
            ],
            "vendor": "New Balance",
            "seriesName": ""
        },
        {
            "productId": 758906,
            "parentId": 758906,
            "url": "https:\/\/fast.dewu.com\/page\/productDetail?sourceName=sharedetail&spuId=14061187",
            "variantId": 709491961,
            "title": " New Balance NB 530 Y2K D",
            "description": "",
            "vendorCode": "MR530SG-16",
            "categoryId": 8713,
            "vendorId": 28,
            "images": [
                "https:\/\/cdn.poizon.com\/pro-img\/origin-img\/20240723\/1b405f79b531488ea1d59e69677452d9.jpg",
                "https:\/\/cdn.poizon.com\/pro-img\/origin-img\/2025061917\/374ede3437ddef235e2df581965c571d.jpg",
                "https:\/\/cdn.poizon.com\/pro-img\/origin-img\/2025061917\/fb8c2dbb4de56218a45a7f5c1a6595b9.jpg",
                "https:\/\/cdn.poizon.com\/pro-img\/origin-img\/20240723\/d6a6f81ba5cf46ab8e360414fed0cb91.jpg",
                "https:\/\/cdn.poizon.com\/pro-img\/origin-img\/20240723\/9033905c8e7f400e941ca7739de0f40b.jpg"
            ],
            "price": 0,
            "purchasePrice": 0,
            "count": 0,
            "available": false,
            "timeDelivery": {
                "min": 15,
                "max": 24
            },
            "vat": "NO_VAT",
            "currency": "RUR",
            "params": [
                {
                    "key": "Цвет",
                    "value": "Коричневый"
                },
                {
                    "key": "Размер",
                    "value": "45"
                }
            ],
            "vendor": "New Balance",
            "seriesName": ""
        }
    ]
}
[2025-11-08 18:43:09] 
[2025-11-08 18:43:09] [229/316] Импорт:  New Balance NB 530 (ID: 758912)
[2025-11-08 18:43:09] 
═══════════════════════════════════════════════════
[2025-11-08 18:43:09] ОШИБКА #4:  New Balance NB 530
[2025-11-08 18:43:09] ═══════════════════════════════════════════════════
[2025-11-08 18:43:09] Product ID: 758912
[2025-11-08 18:43:09] Index: 229/316
[2025-11-08 18:43:09] Error: Ошибка сохранения товара: vendor_code: Товар с таким артикулом уже существует у данного бренда
[2025-11-08 18:43:09] 
Stack Trace:
[2025-11-08 18:43:09] #0 /Users/user/CascadeProjects/splitwise/commands/PoizonImportJsonController.php(271): app\commands\PoizonImportJsonController->importProduct(Array)
#1 [internal function]: app\commands\PoizonImportJsonController->actionRun('https://storage...')
#2 /Users/user/CascadeProjects/splitwise/vendor/yiisoft/yii2/base/InlineAction.php(60): call_user_func_array(Array, Array)
#3 /Users/user/CascadeProjects/splitwise/vendor/yiisoft/yii2/base/Controller.php(184): yii\base\InlineAction->runWithParams(Array)
#4 /Users/user/CascadeProjects/splitwise/vendor/yiisoft/yii2/console/Controller.php(180): yii\base\Controller->runAction('run', Array)
#5 /Users/user/CascadeProjects/splitwise/vendor/yiisoft/yii2/base/Module.php(555): yii\console\Controller->runAction('run', Array)
#6 /Users/user/CascadeProjects/splitwise/vendor/yiisoft/yii2/console/Application.php(180): yii\base\Module->runAction('poizon-import-j...', Array)
#7 /Users/user/CascadeProjects/splitwise/vendor/yiisoft/yii2/console/Application.php(147): yii\console\Application->runAction('poizon-import-j...', Array)
#8 /Users/user/CascadeProjects/splitwise/vendor/yiisoft/yii2/base/Application.php(387): yii\console\Application->handleRequest(Object(yii\console\Request))
#9 /Users/user/CascadeProjects/splitwise/yii(23): yii\base\Application->run()
#10 {main}
[2025-11-08 18:43:09] 
Product Data:
[2025-11-08 18:43:09] {
    "productId": 758912,
    "variantId": 758912,
    "url": "https:\/\/fast.dewu.com\/page\/productDetail?sourceName=sharedetail&spuId=23661356",
    "title": " New Balance NB 530",
    "description": "",
    "vendorCode": "MR530SG",
    "categoryId": 8713,
    "vendorId": 28,
    "images": [
        "https:\/\/cdn.poizon.com\/pro-img\/origin-img\/20250518\/3177dd4133bd40769a916aa34c66d8af.jpg",
        "https:\/\/cdn.poizon.com\/pro-img\/origin-img\/2025062514\/4cee45d5d73fcac9ec21ac5ffc38219a.jpg",
        "https:\/\/cdn.poizon.com\/pro-img\/origin-img\/2025062514\/5d71d47a82b885e2796a56d4fa0e5dc6.jpg",
        "https:\/\/cdn.poizon.com\/pro-img\/origin-img\/20250518\/8818cfe6411949eea90efdf4eb6829ed.jpg",
        "https:\/\/cdn.poizon.com\/pro-img\/origin-img\/20250518\/ce1ad16f030144789120e68252368232.jpg",
        "https:\/\/cdn.poizon.com\/pro-img\/origin-img\/20250518\/2c9ed8a27701438b91f2fc7ef877ad37.jpg",
        "https:\/\/cdn.poizon.com\/pro-img\/origin-img\/20250518\/7abfc02fef124ea08c2c3f1048ed7468.jpg"
    ],
    "price": 890,
    "favoriteCount": 0,
    "countryOfOrigin": "Китай",
    "properties": [
        {
            "key": "Верхняя высота",
            "value": "Низкий вырез"
        },
        {
            "key": "Стиль носка",
            "value": "Круглая голова"
        },
        {
            "key": "Функциональная",
            "value": "Износостойкий"
        },
        {
            "key": "Закрытый режим",
            "value": "Зашнуровать"
        },
        {
            "key": "Применимые сценарии",
            "value": "Отдых, поездки на работу в город"
        },
        {
            "key": "Основной цвет",
            "value": "Голубой, розовый"
        },
        {
            "key": "Общий вес обуви (приблизительно)",
            "value": "290 г\/одинарный 42 ярда\/одинарный"
        },
        {
            "key": "Верхний материал",
            "value": "Сетка, ткань, искусственная кожа"
        },
        {
            "key": "Дата выхода",
            "value": "2025.05.19"
        }
    ],
    "seriesName": "",
    "relatedProducts": [],
    "gender": "Унисекс",
    "sizes": [
        {
            "name": "Европейский кодекс ЕС",
            "delimiter": ",",
            "value": "35.5,36,37,37.5,38,38.5,39.5,40,40.5,41.5,42,42.5,43,44,44.5,45,45.5,46.5,47,47.5,49,50,51,52"
        },
        {
            "name": "Кодекс красоты США",
            "delimiter": ",",
            "value": "3.5,4,4.5,5,5.5,6,6.5,7,7.5,8,8.5,9,9.5,10,10.5,11,11.5,12,12.5,13,14,15,16,17"
        },
        {
            "name": "Английский код Великобритании",
            "delimiter": ",",
            "value": "3,3.5,4,4.5,5,5.5,6,6.5,7,7.5,8,8.5,9,9.5,10,10.5,11,11.5,12,12.5,13.5,14.5,15.5,16.5"
        },
        {
            "name": "Подходит для длины стопы",
            "delimiter": ",",
            "value": "21.5,22,22.5,23,23.5,24,24.5,25,25.5,26,26.5,27,27.5,28,28.5,29,29.5,30,30.5,31,32,33,34,35"
        }
    ],
    "vat": "NO_VAT",
    "currency": "RUR",
    "keywords": [
        "【定制球鞋】",
        "new",
        "balance",
        "530",
        "粉蓝逸彩",
        "青春校园",
        "小清新",
        "情侣款",
        "经典复古耐磨",
        "低帮跑步鞋",
        "男女同款"
    ],
    "vendor": "New Balance",
    "children": [
        {
            "productId": 758912,
            "parentId": 758912,
            "url": "https:\/\/fast.dewu.com\/page\/productDetail?sourceName=sharedetail&spuId=23661356",
            "variantId": 866283126,
            "title": " New Balance NB 530",
            "description": "",
            "vendorCode": "MR530SG-1",
            "categoryId": 8713,
            "vendorId": 28,
            "images": [
                "https:\/\/cdn.poizon.com\/pro-img\/origin-img\/20250518\/3177dd4133bd40769a916aa34c66d8af.jpg",
                "https:\/\/cdn.poizon.com\/pro-img\/origin-img\/2025062514\/4cee45d5d73fcac9ec21ac5ffc38219a.jpg",
                "https:\/\/cdn.poizon.com\/pro-img\/origin-img\/2025062514\/5d71d47a82b885e2796a56d4fa0e5dc6.jpg",
                "https:\/\/cdn.poizon.com\/pro-img\/origin-img\/20250518\/8818cfe6411949eea90efdf4eb6829ed.jpg",
                "https:\/\/cdn.poizon.com\/pro-img\/origin-img\/20250518\/ce1ad16f030144789120e68252368232.jpg",
                "https:\/\/cdn.poizon.com\/pro-img\/origin-img\/20250518\/2c9ed8a27701438b91f2fc7ef877ad37.jpg",
                "https:\/\/cdn.poizon.com\/pro-img\/origin-img\/20250518\/7abfc02fef124ea08c2c3f1048ed7468.jpg"
            ],
            "price": 990,
            "purchasePrice": 899,
            "count": 1,
            "available": true,
            "timeDelivery": {
                "min": 5,
                "max": 6
            },
            "vat": "NO_VAT",
            "currency": "RUR",
            "params": [
                {
                    "key": "Цвет",
                    "value": "Синий порошок"
                },
                {
                    "key": "Вариант",
                    "value": "D"
                },
                {
                    "key": "Размер",
                    "value": "36"
                }
            ],
            "vendor": "New Balance",
            "seriesName": ""
        },
        {
            "productId": 758912,
            "parentId": 758912,
            "url": "https:\/\/fast.dewu.com\/page\/productDetail?sourceName=sharedetail&spuId=23661356",
            "variantId": 866283127,
            "title": " New Balance NB 530",
            "description": "",
            "vendorCode": "MR530SG-2",
            "categoryId": 8713,
            "vendorId": 28,
            "images": [
                "https:\/\/cdn.poizon.com\/pro-img\/origin-img\/20250518\/3177dd4133bd40769a916aa34c66d8af.jpg",
                "https:\/\/cdn.poizon.com\/pro-img\/origin-img\/2025062514\/4cee45d5d73fcac9ec21ac5ffc38219a.jpg",
                "https:\/\/cdn.poizon.com\/pro-img\/origin-img\/2025062514\/5d71d47a82b885e2796a56d4fa0e5dc6.jpg",
                "https:\/\/cdn.poizon.com\/pro-img\/origin-img\/20250518\/8818cfe6411949eea90efdf4eb6829ed.jpg",
                "https:\/\/cdn.poizon.com\/pro-img\/origin-img\/20250518\/ce1ad16f030144789120e68252368232.jpg",
                "https:\/\/cdn.poizon.com\/pro-img\/origin-img\/20250518\/2c9ed8a27701438b91f2fc7ef877ad37.jpg",
                "https:\/\/cdn.poizon.com\/pro-img\/origin-img\/20250518\/7abfc02fef124ea08c2c3f1048ed7468.jpg"
            ],
            "price": 990,
            "purchasePrice": 899,
            "count": 1,
            "available": true,
            "timeDelivery": {
                "min": 5,
                "max": 6
            },
            "vat": "NO_VAT",
            "currency": "RUR",
            "params": [
                {
                    "key": "Цвет",
                    "value": "Синий порошок"
                },
                {
                    "key": "Вариант",
                    "value": "D"
                },
                {
                    "key": "Размер",
                    "value": "37"
                }
            ],
            "vendor": "New Balance",
            "seriesName": ""
        },
        {
            "productId": 758912,
            "parentId": 758912,
            "url": "https:\/\/fast.dewu.com\/page\/productDetail?sourceName=sharedetail&spuId=23661356",
            "variantId": 866283128,
            "title": " New Balance NB 530",
            "description": "",
            "vendorCode": "MR530SG-3",
            "categoryId": 8713,
            "vendorId": 28,
            "images": [
                "https:\/\/cdn.poizon.com\/pro-img\/origin-img\/20250518\/3177dd4133bd40769a916aa34c66d8af.jpg",
                "https:\/\/cdn.poizon.com\/pro-img\/origin-img\/2025062514\/4cee45d5d73fcac9ec21ac5ffc38219a.jpg",
                "https:\/\/cdn.poizon.com\/pro-img\/origin-img\/2025062514\/5d71d47a82b885e2796a56d4fa0e5dc6.jpg",
                "https:\/\/cdn.poizon.com\/pro-img\/origin-img\/20250518\/8818cfe6411949eea90efdf4eb6829ed.jpg",
                "https:\/\/cdn.poizon.com\/pro-img\/origin-img\/20250518\/ce1ad16f030144789120e68252368232.jpg",
                "https:\/\/cdn.poizon.com\/pro-img\/origin-img\/20250518\/2c9ed8a27701438b91f2fc7ef877ad37.jpg",
                "https:\/\/cdn.poizon.com\/pro-img\/origin-img\/20250518\/7abfc02fef124ea08c2c3f1048ed7468.jpg"
            ],
            "price": 990,
            "purchasePrice": 899,
            "count": 1,
            "available": true,
            "timeDelivery": {
                "min": 5,
                "max": 6
            },
            "vat": "NO_VAT",
            "currency": "RUR",
            "params": [
                {
                    "key": "Цвет",
                    "value": "Синий порошок"
                },
                {
                    "key": "Вариант",
                    "value": "D"
                },
                {
                    "key": "Размер",
                    "value": "37.5"
                }
            ],
            "vendor": "New Balance",
            "seriesName": ""
        },
        {
            "productId": 758912,
            "parentId": 758912,
            "url": "https:\/\/fast.dewu.com\/page\/productDetail?sourceName=sharedetail&spuId=23661356",
            "variantId": 866283129,
            "title": " New Balance NB 530",
            "description": "",
            "vendorCode": "MR530SG-4",
            "categoryId": 8713,
            "vendorId": 28,
            "images": [
                "https:\/\/cdn.poizon.com\/pro-img\/origin-img\/20250518\/3177dd4133bd40769a916aa34c66d8af.jpg",
                "https:\/\/cdn.poizon.com\/pro-img\/origin-img\/2025062514\/4cee45d5d73fcac9ec21ac5ffc38219a.jpg",
                "https:\/\/cdn.poizon.com\/pro-img\/origin-img\/2025062514\/5d71d47a82b885e2796a56d4fa0e5dc6.jpg",
                "https:\/\/cdn.poizon.com\/pro-img\/origin-img\/20250518\/8818cfe6411949eea90efdf4eb6829ed.jpg",
                "https:\/\/cdn.poizon.com\/pro-img\/origin-img\/20250518\/ce1ad16f030144789120e68252368232.jpg",
                "https:\/\/cdn.poizon.com\/pro-img\/origin-img\/20250518\/2c9ed8a27701438b91f2fc7ef877ad37.jpg",
                "https:\/\/cdn.poizon.com\/pro-img\/origin-img\/20250518\/7abfc02fef124ea08c2c3f1048ed7468.jpg"
            ],
            "price": 990,
            "purchasePrice": 899,
            "count": 1,
            "available": true,
            "timeDelivery": {
                "min": 5,
                "max": 6
            },
            "vat": "NO_VAT",
            "currency": "RUR",
            "params": [
                {
                    "key": "Цвет",
                    "value": "Синий порошок"
                },
                {
                    "key": "Вариант",
                    "value": "D"
                },
                {
                    "key": "Размер",
                    "value": "38"
                }
            ],
            "vendor": "New Balance",
            "seriesName": ""
        },
        {
            "productId": 758912,
            "parentId": 758912,
            "url": "https:\/\/fast.dewu.com\/page\/productDetail?sourceName=sharedetail&spuId=23661356",
            "variantId": 866283130,
            "title": " New Balance NB 530",
            "description": "",
            "vendorCode": "MR530SG-5",
            "categoryId": 8713,
            "vendorId": 28,
            "images": [
                "https:\/\/cdn.poizon.com\/pro-img\/origin-img\/20250518\/3177dd4133bd40769a916aa34c66d8af.jpg",
                "https:\/\/cdn.poizon.com\/pro-img\/origin-img\/2025062514\/4cee45d5d73fcac9ec21ac5ffc38219a.jpg",
                "https:\/\/cdn.poizon.com\/pro-img\/origin-img\/2025062514\/5d71d47a82b885e2796a56d4fa0e5dc6.jpg",
                "https:\/\/cdn.poizon.com\/pro-img\/origin-img\/20250518\/8818cfe6411949eea90efdf4eb6829ed.jpg",
                "https:\/\/cdn.poizon.com\/pro-img\/origin-img\/20250518\/ce1ad16f030144789120e68252368232.jpg",
                "https:\/\/cdn.poizon.com\/pro-img\/origin-img\/20250518\/2c9ed8a27701438b91f2fc7ef877ad37.jpg",
                "https:\/\/cdn.poizon.com\/pro-img\/origin-img\/20250518\/7abfc02fef124ea08c2c3f1048ed7468.jpg"
            ],
            "price": 990,
            "purchasePrice": 899,
            "count": 1,
            "available": true,
            "timeDelivery": {
                "min": 5,
                "max": 6
            },
            "vat": "NO_VAT",
            "currency": "RUR",
            "params": [
                {
                    "key": "Цвет",
                    "value": "Синий порошок"
                },
                {
                    "key": "Вариант",
                    "value": "D"
                },
                {
                    "key": "Размер",
                    "value": "38.5"
                }
            ],
            "vendor": "New Balance",
            "seriesName": ""
        },
        {
            "productId": 758912,
            "parentId": 758912,
            "url": "https:\/\/fast.dewu.com\/page\/productDetail?sourceName=sharedetail&spuId=23661356",
            "variantId": 866283131,
            "title": " New Balance NB 530",
            "description": "",
            "vendorCode": "MR530SG-6",
            "categoryId": 8713,
            "vendorId": 28,
            "images": [
                "https:\/\/cdn.poizon.com\/pro-img\/origin-img\/20250518\/3177dd4133bd40769a916aa34c66d8af.jpg",
                "https:\/\/cdn.poizon.com\/pro-img\/origin-img\/2025062514\/4cee45d5d73fcac9ec21ac5ffc38219a.jpg",
                "https:\/\/cdn.poizon.com\/pro-img\/origin-img\/2025062514\/5d71d47a82b885e2796a56d4fa0e5dc6.jpg",
                "https:\/\/cdn.poizon.com\/pro-img\/origin-img\/20250518\/8818cfe6411949eea90efdf4eb6829ed.jpg",
                "https:\/\/cdn.poizon.com\/pro-img\/origin-img\/20250518\/ce1ad16f030144789120e68252368232.jpg",
                "https:\/\/cdn.poizon.com\/pro-img\/origin-img\/20250518\/2c9ed8a27701438b91f2fc7ef877ad37.jpg",
                "https:\/\/cdn.poizon.com\/pro-img\/origin-img\/20250518\/7abfc02fef124ea08c2c3f1048ed7468.jpg"
            ],
            "price": 990,
            "purchasePrice": 899,
            "count": 1,
            "available": true,
            "timeDelivery": {
                "min": 5,
                "max": 6
            },
            "vat": "NO_VAT",
            "currency": "RUR",
            "params": [
                {
                    "key": "Цвет",
                    "value": "Синий порошок"
                },
                {
                    "key": "Вариант",
                    "value": "D"
                },
                {
                    "key": "Размер",
                    "value": "39.5"
                }
            ],
            "vendor": "New Balance",
            "seriesName": ""
        },
        {
            "productId": 758912,
            "parentId": 758912,
            "url": "https:\/\/fast.dewu.com\/page\/productDetail?sourceName=sharedetail&spuId=23661356",
            "variantId": 866283132,
            "title": " New Balance NB 530",
            "description": "",
            "vendorCode": "MR530SG-7",
            "categoryId": 8713,
            "vendorId": 28,
            "images": [
                "https:\/\/cdn.poizon.com\/pro-img\/origin-img\/20250518\/3177dd4133bd40769a916aa34c66d8af.jpg",
                "https:\/\/cdn.poizon.com\/pro-img\/origin-img\/2025062514\/4cee45d5d73fcac9ec21ac5ffc38219a.jpg",
                "https:\/\/cdn.poizon.com\/pro-img\/origin-img\/2025062514\/5d71d47a82b885e2796a56d4fa0e5dc6.jpg",
                "https:\/\/cdn.poizon.com\/pro-img\/origin-img\/20250518\/8818cfe6411949eea90efdf4eb6829ed.jpg",
                "https:\/\/cdn.poizon.com\/pro-img\/origin-img\/20250518\/ce1ad16f030144789120e68252368232.jpg",
                "https:\/\/cdn.poizon.com\/pro-img\/origin-img\/20250518\/2c9ed8a27701438b91f2fc7ef877ad37.jpg",
                "https:\/\/cdn.poizon.com\/pro-img\/origin-img\/20250518\/7abfc02fef124ea08c2c3f1048ed7468.jpg"
            ],
            "price": 990,
            "purchasePrice": 899,
            "count": 1,
            "available": true,
            "timeDelivery": {
                "min": 5,
                "max": 6
            },
            "vat": "NO_VAT",
            "currency": "RUR",
            "params": [
                {
                    "key": "Цвет",
                    "value": "Синий порошок"
                },
                {
                    "key": "Вариант",
                    "value": "D"
                },
                {
                    "key": "Размер",
                    "value": "40"
                }
            ],
            "vendor": "New Balance",
            "seriesName": ""
        },
        {
            "productId": 758912,
            "parentId": 758912,
            "url": "https:\/\/fast.dewu.com\/page\/productDetail?sourceName=sharedetail&spuId=23661356",
            "variantId": 866283133,
            "title": " New Balance NB 530",
            "description": "",
            "vendorCode": "MR530SG-8",
            "categoryId": 8713,
            "vendorId": 28,
            "images": [
                "https:\/\/cdn.poizon.com\/pro-img\/origin-img\/20250518\/3177dd4133bd40769a916aa34c66d8af.jpg",
                "https:\/\/cdn.poizon.com\/pro-img\/origin-img\/2025062514\/4cee45d5d73fcac9ec21ac5ffc38219a.jpg",
                "https:\/\/cdn.poizon.com\/pro-img\/origin-img\/2025062514\/5d71d47a82b885e2796a56d4fa0e5dc6.jpg",
                "https:\/\/cdn.poizon.com\/pro-img\/origin-img\/20250518\/8818cfe6411949eea90efdf4eb6829ed.jpg",
                "https:\/\/cdn.poizon.com\/pro-img\/origin-img\/20250518\/ce1ad16f030144789120e68252368232.jpg",
                "https:\/\/cdn.poizon.com\/pro-img\/origin-img\/20250518\/2c9ed8a27701438b91f2fc7ef877ad37.jpg",
                "https:\/\/cdn.poizon.com\/pro-img\/origin-img\/20250518\/7abfc02fef124ea08c2c3f1048ed7468.jpg"
            ],
            "price": 990,
            "purchasePrice": 899,
            "count": 1,
            "available": true,
            "timeDelivery": {
                "min": 5,
                "max": 6
            },
            "vat": "NO_VAT",
            "currency": "RUR",
            "params": [
                {
                    "key": "Цвет",
                    "value": "Синий порошок"
                },
                {
                    "key": "Вариант",
                    "value": "D"
                },
                {
                    "key": "Размер",
                    "value": "40.5"
                }
            ],
            "vendor": "New Balance",
            "seriesName": ""
        },
        {
            "productId": 758912,
            "parentId": 758912,
            "url": "https:\/\/fast.dewu.com\/page\/productDetail?sourceName=sharedetail&spuId=23661356",
            "variantId": 866283134,
            "title": " New Balance NB 530",
            "description": "",
            "vendorCode": "MR530SG-9",
            "categoryId": 8713,
            "vendorId": 28,
            "images": [
                "https:\/\/cdn.poizon.com\/pro-img\/origin-img\/20250518\/3177dd4133bd40769a916aa34c66d8af.jpg",
                "https:\/\/cdn.poizon.com\/pro-img\/origin-img\/2025062514\/4cee45d5d73fcac9ec21ac5ffc38219a.jpg",
                "https:\/\/cdn.poizon.com\/pro-img\/origin-img\/2025062514\/5d71d47a82b885e2796a56d4fa0e5dc6.jpg",
                "https:\/\/cdn.poizon.com\/pro-img\/origin-img\/20250518\/8818cfe6411949eea90efdf4eb6829ed.jpg",
                "https:\/\/cdn.poizon.com\/pro-img\/origin-img\/20250518\/ce1ad16f030144789120e68252368232.jpg",
                "https:\/\/cdn.poizon.com\/pro-img\/origin-img\/20250518\/2c9ed8a27701438b91f2fc7ef877ad37.jpg",
                "https:\/\/cdn.poizon.com\/pro-img\/origin-img\/20250518\/7abfc02fef124ea08c2c3f1048ed7468.jpg"
            ],
            "price": 990,
            "purchasePrice": 899,
            "count": 1,
            "available": true,
            "timeDelivery": {
                "min": 5,
                "max": 6
            },
            "vat": "NO_VAT",
            "currency": "RUR",
            "params": [
                {
                    "key": "Цвет",
                    "value": "Синий порошок"
                },
                {
                    "key": "Вариант",
                    "value": "D"
                },
                {
                    "key": "Размер",
                    "value": "41.5"
                }
            ],
            "vendor": "New Balance",
            "seriesName": ""
        },
        {
            "productId": 758912,
            "parentId": 758912,
            "url": "https:\/\/fast.dewu.com\/page\/productDetail?sourceName=sharedetail&spuId=23661356",
            "variantId": 866283135,
            "title": " New Balance NB 530",
            "description": "",
            "vendorCode": "MR530SG-10",
            "categoryId": 8713,
            "vendorId": 28,
            "images": [
                "https:\/\/cdn.poizon.com\/pro-img\/origin-img\/20250518\/3177dd4133bd40769a916aa34c66d8af.jpg",
                "https:\/\/cdn.poizon.com\/pro-img\/origin-img\/2025062514\/4cee45d5d73fcac9ec21ac5ffc38219a.jpg",
                "https:\/\/cdn.poizon.com\/pro-img\/origin-img\/2025062514\/5d71d47a82b885e2796a56d4fa0e5dc6.jpg",
                "https:\/\/cdn.poizon.com\/pro-img\/origin-img\/20250518\/8818cfe6411949eea90efdf4eb6829ed.jpg",
                "https:\/\/cdn.poizon.com\/pro-img\/origin-img\/20250518\/ce1ad16f030144789120e68252368232.jpg",
                "https:\/\/cdn.poizon.com\/pro-img\/origin-img\/20250518\/2c9ed8a27701438b91f2fc7ef877ad37.jpg",
                "https:\/\/cdn.poizon.com\/pro-img\/origin-img\/20250518\/7abfc02fef124ea08c2c3f1048ed7468.jpg"
            ],
            "price": 990,
            "purchasePrice": 899,
            "count": 1,
            "available": true,
            "timeDelivery": {
                "min": 5,
                "max": 6
            },
            "vat": "NO_VAT",
            "currency": "RUR",
            "params": [
                {
                    "key": "Цвет",
                    "value": "Синий порошок"
                },
                {
                    "key": "Вариант",
                    "value": "D"
                },
                {
                    "key": "Размер",
                    "value": "42"
                }
            ],
            "vendor": "New Balance",
            "seriesName": ""
        },
        {
            "productId": 758912,
            "parentId": 758912,
            "url": "https:\/\/fast.dewu.com\/page\/productDetail?sourceName=sharedetail&spuId=23661356",
            "variantId": 866283136,
            "title": " New Balance NB 530",
            "description": "",
            "vendorCode": "MR530SG-11",
            "categoryId": 8713,
            "vendorId": 28,
            "images": [
                "https:\/\/cdn.poizon.com\/pro-img\/origin-img\/20250518\/3177dd4133bd40769a916aa34c66d8af.jpg",
                "https:\/\/cdn.poizon.com\/pro-img\/origin-img\/2025062514\/4cee45d5d73fcac9ec21ac5ffc38219a.jpg",
                "https:\/\/cdn.poizon.com\/pro-img\/origin-img\/2025062514\/5d71d47a82b885e2796a56d4fa0e5dc6.jpg",
                "https:\/\/cdn.poizon.com\/pro-img\/origin-img\/20250518\/8818cfe6411949eea90efdf4eb6829ed.jpg",
                "https:\/\/cdn.poizon.com\/pro-img\/origin-img\/20250518\/ce1ad16f030144789120e68252368232.jpg",
                "https:\/\/cdn.poizon.com\/pro-img\/origin-img\/20250518\/2c9ed8a27701438b91f2fc7ef877ad37.jpg",
                "https:\/\/cdn.poizon.com\/pro-img\/origin-img\/20250518\/7abfc02fef124ea08c2c3f1048ed7468.jpg"
            ],
            "price": 990,
            "purchasePrice": 899,
            "count": 1,
            "available": true,
            "timeDelivery": {
                "min": 5,
                "max": 6
            },
            "vat": "NO_VAT",
            "currency": "RUR",
            "params": [
                {
                    "key": "Цвет",
                    "value": "Синий порошок"
                },
                {
                    "key": "Вариант",
                    "value": "D"
                },
                {
                    "key": "Размер",
                    "value": "42.5"
                }
            ],
            "vendor": "New Balance",
            "seriesName": ""
        },
        {
            "productId": 758912,
            "parentId": 758912,
            "url": "https:\/\/fast.dewu.com\/page\/productDetail?sourceName=sharedetail&spuId=23661356",
            "variantId": 866283137,
            "title": " New Balance NB 530",
            "description": "",
            "vendorCode": "MR530SG-12",
            "categoryId": 8713,
            "vendorId": 28,
            "images": [
                "https:\/\/cdn.poizon.com\/pro-img\/origin-img\/20250518\/3177dd4133bd40769a916aa34c66d8af.jpg",
                "https:\/\/cdn.poizon.com\/pro-img\/origin-img\/2025062514\/4cee45d5d73fcac9ec21ac5ffc38219a.jpg",
                "https:\/\/cdn.poizon.com\/pro-img\/origin-img\/2025062514\/5d71d47a82b885e2796a56d4fa0e5dc6.jpg",
                "https:\/\/cdn.poizon.com\/pro-img\/origin-img\/20250518\/8818cfe6411949eea90efdf4eb6829ed.jpg",
                "https:\/\/cdn.poizon.com\/pro-img\/origin-img\/20250518\/ce1ad16f030144789120e68252368232.jpg",
                "https:\/\/cdn.poizon.com\/pro-img\/origin-img\/20250518\/2c9ed8a27701438b91f2fc7ef877ad37.jpg",
                "https:\/\/cdn.poizon.com\/pro-img\/origin-img\/20250518\/7abfc02fef124ea08c2c3f1048ed7468.jpg"
            ],
            "price": 990,
            "purchasePrice": 899,
            "count": 1,
            "available": true,
            "timeDelivery": {
                "min": 5,
                "max": 6
            },
            "vat": "NO_VAT",
            "currency": "RUR",
            "params": [
                {
                    "key": "Цвет",
                    "value": "Синий порошок"
                },
                {
                    "key": "Вариант",
                    "value": "D"
                },
                {
                    "key": "Размер",
                    "value": "43"
                }
            ],
            "vendor": "New Balance",
            "seriesName": ""
        },
        {
            "productId": 758912,
            "parentId": 758912,
            "url": "https:\/\/fast.dewu.com\/page\/productDetail?sourceName=sharedetail&spuId=23661356",
            "variantId": 866283138,
            "title": " New Balance NB 530",
            "description": "",
            "vendorCode": "MR530SG-13",
            "categoryId": 8713,
            "vendorId": 28,
            "images": [
                "https:\/\/cdn.poizon.com\/pro-img\/origin-img\/20250518\/3177dd4133bd40769a916aa34c66d8af.jpg",
                "https:\/\/cdn.poizon.com\/pro-img\/origin-img\/2025062514\/4cee45d5d73fcac9ec21ac5ffc38219a.jpg",
                "https:\/\/cdn.poizon.com\/pro-img\/origin-img\/2025062514\/5d71d47a82b885e2796a56d4fa0e5dc6.jpg",
                "https:\/\/cdn.poizon.com\/pro-img\/origin-img\/20250518\/8818cfe6411949eea90efdf4eb6829ed.jpg",
                "https:\/\/cdn.poizon.com\/pro-img\/origin-img\/20250518\/ce1ad16f030144789120e68252368232.jpg",
                "https:\/\/cdn.poizon.com\/pro-img\/origin-img\/20250518\/2c9ed8a27701438b91f2fc7ef877ad37.jpg",
                "https:\/\/cdn.poizon.com\/pro-img\/origin-img\/20250518\/7abfc02fef124ea08c2c3f1048ed7468.jpg"
            ],
            "price": 890,
            "purchasePrice": 829,
            "count": 1,
            "available": true,
            "timeDelivery": {
                "min": 5,
                "max": 6
            },
            "vat": "NO_VAT",
            "currency": "RUR",
            "params": [
                {
                    "key": "Цвет",
                    "value": "Синий порошок"
                },
                {
                    "key": "Вариант",
                    "value": "D"
                },
                {
                    "key": "Размер",
                    "value": "44"
                }
            ],
            "vendor": "New Balance",
            "seriesName": ""
        }
    ]
}
[2025-11-08 18:43:09] 
[2025-11-08 18:43:09] [230/316] Импорт:  New Balance NB 530 (ID: 758913)
[2025-11-08 18:43:09] 
═══════════════════════════════════════════════════
[2025-11-08 18:43:09] ОШИБКА #5:  New Balance NB 530
[2025-11-08 18:43:09] ═══════════════════════════════════════════════════
[2025-11-08 18:43:09] Product ID: 758913
[2025-11-08 18:43:09] Index: 230/316
[2025-11-08 18:43:09] Error: Ошибка сохранения товара: vendor_code: Товар с таким артикулом уже существует у данного бренда
[2025-11-08 18:43:09] 
Stack Trace:
[2025-11-08 18:43:09] #0 /Users/user/CascadeProjects/splitwise/commands/PoizonImportJsonController.php(271): app\commands\PoizonImportJsonController->importProduct(Array)
#1 [internal function]: app\commands\PoizonImportJsonController->actionRun('https://storage...')
#2 /Users/user/CascadeProjects/splitwise/vendor/yiisoft/yii2/base/InlineAction.php(60): call_user_func_array(Array, Array)
#3 /Users/user/CascadeProjects/splitwise/vendor/yiisoft/yii2/base/Controller.php(184): yii\base\InlineAction->runWithParams(Array)
#4 /Users/user/CascadeProjects/splitwise/vendor/yiisoft/yii2/console/Controller.php(180): yii\base\Controller->runAction('run', Array)
#5 /Users/user/CascadeProjects/splitwise/vendor/yiisoft/yii2/base/Module.php(555): yii\console\Controller->runAction('run', Array)
#6 /Users/user/CascadeProjects/splitwise/vendor/yiisoft/yii2/console/Application.php(180): yii\base\Module->runAction('poizon-import-j...', Array)
#7 /Users/user/CascadeProjects/splitwise/vendor/yiisoft/yii2/console/Application.php(147): yii\console\Application->runAction('poizon-import-j...', Array)
#8 /Users/user/CascadeProjects/splitwise/vendor/yiisoft/yii2/base/Application.php(387): yii\console\Application->handleRequest(Object(yii\console\Request))
#9 /Users/user/CascadeProjects/splitwise/yii(23): yii\base\Application->run()
#10 {main}
[2025-11-08 18:43:09] 
Product Data:
[2025-11-08 18:43:09] {
    "productId": 758913,
    "variantId": 758913,
    "url": "https:\/\/fast.dewu.com\/page\/productDetail?sourceName=sharedetail&spuId=11512050",
    "title": " New Balance NB 530",
    "description": "Персонализированный контент предоставляется продавцом, а не официально настраивается брендом",
    "vendorCode": "MR530SG",
    "categoryId": 8713,
    "vendorId": 28,
    "images": [
        "https:\/\/cdn.poizon.com\/pro-img\/origin-img\/20240506\/952a123e3f0d4ceabb0abd14ceb5da79.jpg",
        "https:\/\/cdn.poizon.com\/pro-img\/origin-img\/2025061817\/3b78104a990ba8ceaecaae191b57d3d5.jpg",
        "https:\/\/cdn.poizon.com\/pro-img\/origin-img\/2025061817\/a9257e4e2a1f86b04ee850651fdba50d.jpg",
        "https:\/\/cdn.poizon.com\/pro-img\/origin-img\/20240506\/b1452f8213914a75b2ffe6f2ddcaaa23.jpg",
        "https:\/\/cdn.poizon.com\/pro-img\/origin-img\/20240506\/0a268b0dc1334a06b40e3e17a8cb3178.jpg",
        "https:\/\/cdn.poizon.com\/pro-img\/origin-img\/20240506\/dad5528b76a94534a55f6636e7f7fec2.jpg",
        "https:\/\/cdn.poizon.com\/pro-img\/origin-img\/20240506\/ee8f99b7ec02425194b080e84a57e3ef.png"
    ],
    "price": 0,
    "favoriteCount": 0,
    "countryOfOrigin": "Китай",
    "properties": [
        {
            "key": "Верхняя высота",
            "value": "Низкий вырез"
        },
        {
            "key": "Стиль носка",
            "value": "Круглая голова"
        },
        {
            "key": "Основной цвет",
            "value": "Зеленый"
        },
        {
            "key": "Применимые сценарии",
            "value": "Свободный"
        },
        {
            "key": "Функциональная",
            "value": "Нескользящий"
        },
        {
            "key": "Цена предложения",
            "value": "¥1899"
        },
        {
            "key": "Промежуточная подошва",
            "value": "Отведите тыльную сторону ладони"
        },
        {
            "key": "Дата выхода",
            "value": "2024.05.06"
        },
        {
            "key": "Товарная накладная",
            "value": "Поставляется с парой шнурков для обуви"
        }
    ],
    "seriesName": "",
    "relatedProducts": [],
    "gender": "Унисекс",
    "sizes": [
        {
            "name": "Европейский кодекс ЕС",
            "delimiter": ",",
            "value": "35,35.5,36,37,37.5,38,38.5,39.5,40,40.5,41.5,42,42.5,43,44,44.5,45,45.5,46.5,47,47.5,49,50,51,52,53"
        },
        {
            "name": "Английский код Великобритании",
            "delimiter": ",",
            "value": "2.5,3,3.5,4,4.5,5,5.5,6,6.5,7,7.5,8,8.5,9,9.5,10,10.5,11,11.5,12,12.5,13.5,14.5,15.5,16.5,17.5"
        },
        {
            "name": "Японский код JP",
            "delimiter": ",",
            "value": "21,21.5,22,22.5,23,23.5,24,24.5,25,25.5,26,26.5,27,27.5,28,28.5,29,29.5,30,30.5,31,32,33,34,35,36"
        },
        {
            "name": "Код Республики Корея",
            "delimiter": ",",
            "value": "210,215,220,225,230,235,240,245,250,255,260,265,270,275,280,285,290,295,300,305,310,320,330,340,350,360"
        },
        {
            "name": "Мужской кодекс красоты США",
            "delimiter": ",",
            "value": "3,3.5,4,4.5,5,5.5,6,6.5,7,7.5,8,8.5,9,9.5,10,10.5,11,11.5,12,12.5,13,14,15,16,17,18"
        },
        {
            "name": "Женский кодекс красоты США",
            "delimiter": ",",
            "value": "4.5,5,5.5,6,6.5,7,7.5,8,8.5,9,9.5,10,10.5,11,11.5,12,12.5,13,13.5,14,15,\/,\/,\/,\/,\/"
        },
        {
            "name": "Подходит для длины стопы",
            "delimiter": ",",
            "value": "210,215,220,225,230,235,240,245,250,255,260,265,270,275,280,285,290,295,300,305,310,320,330,340,350,360"
        }
    ],
    "vat": "NO_VAT",
    "currency": "RUR",
    "keywords": [
        "【定制球鞋】",
        "new",
        "balance",
        "530",
        "疯玩艺术",
        "洛樱粉卷",
        "少女心防滑",
        "休闲跑步鞋",
        "男女同款"
    ],
    "vendor": "New Balance",
    "children": [
        {
            "productId": 758913,
            "parentId": 758913,
            "url": "https:\/\/fast.dewu.com\/page\/productDetail?sourceName=sharedetail&spuId=11512050",
            "variantId": 676515756,
            "title": " New Balance NB 530",
            "description": "Персонализированный контент предоставляется продавцом, а не официально настраивается брендом",
            "vendorCode": "MR530SG-1",
            "categoryId": 8713,
            "vendorId": 28,
            "images": [
                "https:\/\/cdn.poizon.com\/pro-img\/origin-img\/20240506\/952a123e3f0d4ceabb0abd14ceb5da79.jpg",
                "https:\/\/cdn.poizon.com\/pro-img\/origin-img\/2025061817\/3b78104a990ba8ceaecaae191b57d3d5.jpg",
                "https:\/\/cdn.poizon.com\/pro-img\/origin-img\/2025061817\/a9257e4e2a1f86b04ee850651fdba50d.jpg",
                "https:\/\/cdn.poizon.com\/pro-img\/origin-img\/20240506\/b1452f8213914a75b2ffe6f2ddcaaa23.jpg",
                "https:\/\/cdn.poizon.com\/pro-img\/origin-img\/20240506\/0a268b0dc1334a06b40e3e17a8cb3178.jpg",
                "https:\/\/cdn.poizon.com\/pro-img\/origin-img\/20240506\/dad5528b76a94534a55f6636e7f7fec2.jpg",
                "https:\/\/cdn.poizon.com\/pro-img\/origin-img\/20240506\/ee8f99b7ec02425194b080e84a57e3ef.png"
            ],
            "price": 0,
            "purchasePrice": 0,
            "count": 0,
            "available": false,
            "timeDelivery": {
                "min": 15,
                "max": 24
            },
            "vat": "NO_VAT",
            "currency": "RUR",
            "params": [
                {
                    "key": "Цвет",
                    "value": "Зеленый"
                },
                {
                    "key": "Вариант",
                    "value": "Ширина D"
                },
                {
                    "key": "Размер",
                    "value": "36"
                }
            ],
            "vendor": "New Balance",
            "seriesName": ""
        },
        {
            "productId": 758913,
            "parentId": 758913,
            "url": "https:\/\/fast.dewu.com\/page\/productDetail?sourceName=sharedetail&spuId=11512050",
            "variantId": 676515757,
            "title": " New Balance NB 530",
            "description": "Персонализированный контент предоставляется продавцом, а не официально настраивается брендом",
            "vendorCode": "MR530SG-2",
            "categoryId": 8713,
            "vendorId": 28,
            "images": [
                "https:\/\/cdn.poizon.com\/pro-img\/origin-img\/20240506\/952a123e3f0d4ceabb0abd14ceb5da79.jpg",
                "https:\/\/cdn.poizon.com\/pro-img\/origin-img\/2025061817\/3b78104a990ba8ceaecaae191b57d3d5.jpg",
                "https:\/\/cdn.poizon.com\/pro-img\/origin-img\/2025061817\/a9257e4e2a1f86b04ee850651fdba50d.jpg",
                "https:\/\/cdn.poizon.com\/pro-img\/origin-img\/20240506\/b1452f8213914a75b2ffe6f2ddcaaa23.jpg",
                "https:\/\/cdn.poizon.com\/pro-img\/origin-img\/20240506\/0a268b0dc1334a06b40e3e17a8cb3178.jpg",
                "https:\/\/cdn.poizon.com\/pro-img\/origin-img\/20240506\/dad5528b76a94534a55f6636e7f7fec2.jpg",
                "https:\/\/cdn.poizon.com\/pro-img\/origin-img\/20240506\/ee8f99b7ec02425194b080e84a57e3ef.png"
            ],
            "price": 0,
            "purchasePrice": 0,
            "count": 0,
            "available": false,
            "timeDelivery": {
                "min": 15,
                "max": 24
            },
            "vat": "NO_VAT",
            "currency": "RUR",
            "params": [
                {
                    "key": "Цвет",
                    "value": "Зеленый"
                },
                {
                    "key": "Вариант",
                    "value": "Ширина D"
                },
                {
                    "key": "Размер",
                    "value": "37"
                }
            ],
            "vendor": "New Balance",
            "seriesName": ""
        },
        {
            "productId": 758913,
            "parentId": 758913,
            "url": "https:\/\/fast.dewu.com\/page\/productDetail?sourceName=sharedetail&spuId=11512050",
            "variantId": 676515758,
            "title": " New Balance NB 530",
            "description": "Персонализированный контент предоставляется продавцом, а не официально настраивается брендом",
            "vendorCode": "MR530SG-3",
            "categoryId": 8713,
            "vendorId": 28,
            "images": [
                "https:\/\/cdn.poizon.com\/pro-img\/origin-img\/20240506\/952a123e3f0d4ceabb0abd14ceb5da79.jpg",
                "https:\/\/cdn.poizon.com\/pro-img\/origin-img\/2025061817\/3b78104a990ba8ceaecaae191b57d3d5.jpg",
                "https:\/\/cdn.poizon.com\/pro-img\/origin-img\/2025061817\/a9257e4e2a1f86b04ee850651fdba50d.jpg",
                "https:\/\/cdn.poizon.com\/pro-img\/origin-img\/20240506\/b1452f8213914a75b2ffe6f2ddcaaa23.jpg",
                "https:\/\/cdn.poizon.com\/pro-img\/origin-img\/20240506\/0a268b0dc1334a06b40e3e17a8cb3178.jpg",
                "https:\/\/cdn.poizon.com\/pro-img\/origin-img\/20240506\/dad5528b76a94534a55f6636e7f7fec2.jpg",
                "https:\/\/cdn.poizon.com\/pro-img\/origin-img\/20240506\/ee8f99b7ec02425194b080e84a57e3ef.png"
            ],
            "price": 0,
            "purchasePrice": 0,
            "count": 0,
            "available": false,
            "timeDelivery": {
                "min": 15,
                "max": 24
            },
            "vat": "NO_VAT",
            "currency": "RUR",
            "params": [
                {
                    "key": "Цвет",
                    "value": "Зеленый"
                },
                {
                    "key": "Вариант",
                    "value": "Ширина D"
                },
                {
                    "key": "Размер",
                    "value": "37.5"
                }
            ],
            "vendor": "New Balance",
            "seriesName": ""
        },
        {
            "productId": 758913,
            "parentId": 758913,
            "url": "https:\/\/fast.dewu.com\/page\/productDetail?sourceName=sharedetail&spuId=11512050",
            "variantId": 676515759,
            "title": " New Balance NB 530",
            "description": "Персонализированный контент предоставляется продавцом, а не официально настраивается брендом",
            "vendorCode": "MR530SG-4",
            "categoryId": 8713,
            "vendorId": 28,
            "images": [
                "https:\/\/cdn.poizon.com\/pro-img\/origin-img\/20240506\/952a123e3f0d4ceabb0abd14ceb5da79.jpg",
                "https:\/\/cdn.poizon.com\/pro-img\/origin-img\/2025061817\/3b78104a990ba8ceaecaae191b57d3d5.jpg",
                "https:\/\/cdn.poizon.com\/pro-img\/origin-img\/2025061817\/a9257e4e2a1f86b04ee850651fdba50d.jpg",
                "https:\/\/cdn.poizon.com\/pro-img\/origin-img\/20240506\/b1452f8213914a75b2ffe6f2ddcaaa23.jpg",
                "https:\/\/cdn.poizon.com\/pro-img\/origin-img\/20240506\/0a268b0dc1334a06b40e3e17a8cb3178.jpg",
                "https:\/\/cdn.poizon.com\/pro-img\/origin-img\/20240506\/dad5528b76a94534a55f6636e7f7fec2.jpg",
                "https:\/\/cdn.poizon.com\/pro-img\/origin-img\/20240506\/ee8f99b7ec02425194b080e84a57e3ef.png"
            ],
            "price": 0,
            "purchasePrice": 0,
            "count": 0,
            "available": false,
            "timeDelivery": {
                "min": 15,
                "max": 24
            },
            "vat": "NO_VAT",
            "currency": "RUR",
            "params": [
                {
                    "key": "Цвет",
                    "value": "Зеленый"
                },
                {
                    "key": "Вариант",
                    "value": "Ширина D"
                },
                {
                    "key": "Размер",
                    "value": "38"
                }
            ],
            "vendor": "New Balance",
            "seriesName": ""
        },
        {
            "productId": 758913,
            "parentId": 758913,
            "url": "https:\/\/fast.dewu.com\/page\/productDetail?sourceName=sharedetail&spuId=11512050",
            "variantId": 676515760,
            "title": " New Balance NB 530",
            "description": "Персонализированный контент предоставляется продавцом, а не официально настраивается брендом",
            "vendorCode": "MR530SG-5",
            "categoryId": 8713,
            "vendorId": 28,
            "images": [
                "https:\/\/cdn.poizon.com\/pro-img\/origin-img\/20240506\/952a123e3f0d4ceabb0abd14ceb5da79.jpg",
                "https:\/\/cdn.poizon.com\/pro-img\/origin-img\/2025061817\/3b78104a990ba8ceaecaae191b57d3d5.jpg",
                "https:\/\/cdn.poizon.com\/pro-img\/origin-img\/2025061817\/a9257e4e2a1f86b04ee850651fdba50d.jpg",
                "https:\/\/cdn.poizon.com\/pro-img\/origin-img\/20240506\/b1452f8213914a75b2ffe6f2ddcaaa23.jpg",
                "https:\/\/cdn.poizon.com\/pro-img\/origin-img\/20240506\/0a268b0dc1334a06b40e3e17a8cb3178.jpg",
                "https:\/\/cdn.poizon.com\/pro-img\/origin-img\/20240506\/dad5528b76a94534a55f6636e7f7fec2.jpg",
                "https:\/\/cdn.poizon.com\/pro-img\/origin-img\/20240506\/ee8f99b7ec02425194b080e84a57e3ef.png"
            ],
            "price": 0,
            "purchasePrice": 0,
            "count": 0,
            "available": false,
            "timeDelivery": {
                "min": 15,
                "max": 24
            },
            "vat": "NO_VAT",
            "currency": "RUR",
            "params": [
                {
                    "key": "Цвет",
                    "value": "Зеленый"
                },
                {
                    "key": "Вариант",
                    "value": "Ширина D"
                },
                {
                    "key": "Размер",
                    "value": "38.5"
                }
            ],
            "vendor": "New Balance",
            "seriesName": ""
        },
        {
            "productId": 758913,
            "parentId": 758913,
            "url": "https:\/\/fast.dewu.com\/page\/productDetail?sourceName=sharedetail&spuId=11512050",
            "variantId": 676515761,
            "title": " New Balance NB 530",
            "description": "Персонализированный контент предоставляется продавцом, а не официально настраивается брендом",
            "vendorCode": "MR530SG-6",
            "categoryId": 8713,
            "vendorId": 28,
            "images": [
                "https:\/\/cdn.poizon.com\/pro-img\/origin-img\/20240506\/952a123e3f0d4ceabb0abd14ceb5da79.jpg",
                "https:\/\/cdn.poizon.com\/pro-img\/origin-img\/2025061817\/3b78104a990ba8ceaecaae191b57d3d5.jpg",
                "https:\/\/cdn.poizon.com\/pro-img\/origin-img\/2025061817\/a9257e4e2a1f86b04ee850651fdba50d.jpg",
                "https:\/\/cdn.poizon.com\/pro-img\/origin-img\/20240506\/b1452f8213914a75b2ffe6f2ddcaaa23.jpg",
                "https:\/\/cdn.poizon.com\/pro-img\/origin-img\/20240506\/0a268b0dc1334a06b40e3e17a8cb3178.jpg",
                "https:\/\/cdn.poizon.com\/pro-img\/origin-img\/20240506\/dad5528b76a94534a55f6636e7f7fec2.jpg",
                "https:\/\/cdn.poizon.com\/pro-img\/origin-img\/20240506\/ee8f99b7ec02425194b080e84a57e3ef.png"
            ],
            "price": 0,
            "purchasePrice": 0,
            "count": 0,
            "available": false,
            "timeDelivery": {
                "min": 15,
                "max": 24
            },
            "vat": "NO_VAT",
            "currency": "RUR",
            "params": [
                {
                    "key": "Цвет",
                    "value": "Зеленый"
                },
                {
                    "key": "Вариант",
                    "value": "Ширина D"
                },
                {
                    "key": "Размер",
                    "value": "39.5"
                }
            ],
            "vendor": "New Balance",
            "seriesName": ""
        },
        {
            "productId": 758913,
            "parentId": 758913,
            "url": "https:\/\/fast.dewu.com\/page\/productDetail?sourceName=sharedetail&spuId=11512050",
            "variantId": 676515762,
            "title": " New Balance NB 530",
            "description": "Персонализированный контент предоставляется продавцом, а не официально настраивается брендом",
            "vendorCode": "MR530SG-7",
            "categoryId": 8713,
            "vendorId": 28,
            "images": [
                "https:\/\/cdn.poizon.com\/pro-img\/origin-img\/20240506\/952a123e3f0d4ceabb0abd14ceb5da79.jpg",
                "https:\/\/cdn.poizon.com\/pro-img\/origin-img\/2025061817\/3b78104a990ba8ceaecaae191b57d3d5.jpg",
                "https:\/\/cdn.poizon.com\/pro-img\/origin-img\/2025061817\/a9257e4e2a1f86b04ee850651fdba50d.jpg",
                "https:\/\/cdn.poizon.com\/pro-img\/origin-img\/20240506\/b1452f8213914a75b2ffe6f2ddcaaa23.jpg",
                "https:\/\/cdn.poizon.com\/pro-img\/origin-img\/20240506\/0a268b0dc1334a06b40e3e17a8cb3178.jpg",
                "https:\/\/cdn.poizon.com\/pro-img\/origin-img\/20240506\/dad5528b76a94534a55f6636e7f7fec2.jpg",
                "https:\/\/cdn.poizon.com\/pro-img\/origin-img\/20240506\/ee8f99b7ec02425194b080e84a57e3ef.png"
            ],
            "price": 0,
            "purchasePrice": 0,
            "count": 0,
            "available": false,
            "timeDelivery": {
                "min": 15,
                "max": 24
            },
            "vat": "NO_VAT",
            "currency": "RUR",
            "params": [
                {
                    "key": "Цвет",
                    "value": "Зеленый"
                },
                {
                    "key": "Вариант",
                    "value": "Ширина D"
                },
                {
                    "key": "Размер",
                    "value": "40"
                }
            ],
            "vendor": "New Balance",
            "seriesName": ""
        },
        {
            "productId": 758913,
            "parentId": 758913,
            "url": "https:\/\/fast.dewu.com\/page\/productDetail?sourceName=sharedetail&spuId=11512050",
            "variantId": 676515763,
            "title": " New Balance NB 530",
            "description": "Персонализированный контент предоставляется продавцом, а не официально настраивается брендом",
            "vendorCode": "MR530SG-8",
            "categoryId": 8713,
            "vendorId": 28,
            "images": [
                "https:\/\/cdn.poizon.com\/pro-img\/origin-img\/20240506\/952a123e3f0d4ceabb0abd14ceb5da79.jpg",
                "https:\/\/cdn.poizon.com\/pro-img\/origin-img\/2025061817\/3b78104a990ba8ceaecaae191b57d3d5.jpg",
                "https:\/\/cdn.poizon.com\/pro-img\/origin-img\/2025061817\/a9257e4e2a1f86b04ee850651fdba50d.jpg",
                "https:\/\/cdn.poizon.com\/pro-img\/origin-img\/20240506\/b1452f8213914a75b2ffe6f2ddcaaa23.jpg",
                "https:\/\/cdn.poizon.com\/pro-img\/origin-img\/20240506\/0a268b0dc1334a06b40e3e17a8cb3178.jpg",
                "https:\/\/cdn.poizon.com\/pro-img\/origin-img\/20240506\/dad5528b76a94534a55f6636e7f7fec2.jpg",
                "https:\/\/cdn.poizon.com\/pro-img\/origin-img\/20240506\/ee8f99b7ec02425194b080e84a57e3ef.png"
            ],
            "price": 0,
            "purchasePrice": 0,
            "count": 0,
            "available": false,
            "timeDelivery": {
                "min": 15,
                "max": 24
            },
            "vat": "NO_VAT",
            "currency": "RUR",
            "params": [
                {
                    "key": "Цвет",
                    "value": "Зеленый"
                },
                {
                    "key": "Вариант",
                    "value": "Ширина D"
                },
                {
                    "key": "Размер",
                    "value": "40.5"
                }
            ],
            "vendor": "New Balance",
            "seriesName": ""
        },
        {
            "productId": 758913,
            "parentId": 758913,
            "url": "https:\/\/fast.dewu.com\/page\/productDetail?sourceName=sharedetail&spuId=11512050",
            "variantId": 676515764,
            "title": " New Balance NB 530",
            "description": "Персонализированный контент предоставляется продавцом, а не официально настраивается брендом",
            "vendorCode": "MR530SG-9",
            "categoryId": 8713,
            "vendorId": 28,
            "images": [
                "https:\/\/cdn.poizon.com\/pro-img\/origin-img\/20240506\/952a123e3f0d4ceabb0abd14ceb5da79.jpg",
                "https:\/\/cdn.poizon.com\/pro-img\/origin-img\/2025061817\/3b78104a990ba8ceaecaae191b57d3d5.jpg",
                "https:\/\/cdn.poizon.com\/pro-img\/origin-img\/2025061817\/a9257e4e2a1f86b04ee850651fdba50d.jpg",
                "https:\/\/cdn.poizon.com\/pro-img\/origin-img\/20240506\/b1452f8213914a75b2ffe6f2ddcaaa23.jpg",
                "https:\/\/cdn.poizon.com\/pro-img\/origin-img\/20240506\/0a268b0dc1334a06b40e3e17a8cb3178.jpg",
                "https:\/\/cdn.poizon.com\/pro-img\/origin-img\/20240506\/dad5528b76a94534a55f6636e7f7fec2.jpg",
                "https:\/\/cdn.poizon.com\/pro-img\/origin-img\/20240506\/ee8f99b7ec02425194b080e84a57e3ef.png"
            ],
            "price": 0,
            "purchasePrice": 0,
            "count": 0,
            "available": false,
            "timeDelivery": {
                "min": 15,
                "max": 24
            },
            "vat": "NO_VAT",
            "currency": "RUR",
            "params": [
                {
                    "key": "Цвет",
                    "value": "Зеленый"
                },
                {
                    "key": "Вариант",
                    "value": "Ширина D"
                },
                {
                    "key": "Размер",
                    "value": "41.5"
                }
            ],
            "vendor": "New Balance",
            "seriesName": ""
        },
        {
            "productId": 758913,
            "parentId": 758913,
            "url": "https:\/\/fast.dewu.com\/page\/productDetail?sourceName=sharedetail&spuId=11512050",
            "variantId": 676515765,
            "title": " New Balance NB 530",
            "description": "Персонализированный контент предоставляется продавцом, а не официально настраивается брендом",
            "vendorCode": "MR530SG-10",
            "categoryId": 8713,
            "vendorId": 28,
            "images": [
                "https:\/\/cdn.poizon.com\/pro-img\/origin-img\/20240506\/952a123e3f0d4ceabb0abd14ceb5da79.jpg",
                "https:\/\/cdn.poizon.com\/pro-img\/origin-img\/2025061817\/3b78104a990ba8ceaecaae191b57d3d5.jpg",
                "https:\/\/cdn.poizon.com\/pro-img\/origin-img\/2025061817\/a9257e4e2a1f86b04ee850651fdba50d.jpg",
                "https:\/\/cdn.poizon.com\/pro-img\/origin-img\/20240506\/b1452f8213914a75b2ffe6f2ddcaaa23.jpg",
                "https:\/\/cdn.poizon.com\/pro-img\/origin-img\/20240506\/0a268b0dc1334a06b40e3e17a8cb3178.jpg",
                "https:\/\/cdn.poizon.com\/pro-img\/origin-img\/20240506\/dad5528b76a94534a55f6636e7f7fec2.jpg",
                "https:\/\/cdn.poizon.com\/pro-img\/origin-img\/20240506\/ee8f99b7ec02425194b080e84a57e3ef.png"
            ],
            "price": 0,
            "purchasePrice": 0,
            "count": 0,
            "available": false,
            "timeDelivery": {
                "min": 15,
                "max": 24
            },
            "vat": "NO_VAT",
            "currency": "RUR",
            "params": [
                {
                    "key": "Цвет",
                    "value": "Зеленый"
                },
                {
                    "key": "Вариант",
                    "value": "Ширина D"
                },
                {
                    "key": "Размер",
                    "value": "42"
                }
            ],
            "vendor": "New Balance",
            "seriesName": ""
        },
        {
            "productId": 758913,
            "parentId": 758913,
            "url": "https:\/\/fast.dewu.com\/page\/productDetail?sourceName=sharedetail&spuId=11512050",
            "variantId": 676515766,
            "title": " New Balance NB 530",
            "description": "Персонализированный контент предоставляется продавцом, а не официально настраивается брендом",
            "vendorCode": "MR530SG-11",
            "categoryId": 8713,
            "vendorId": 28,
            "images": [
                "https:\/\/cdn.poizon.com\/pro-img\/origin-img\/20240506\/952a123e3f0d4ceabb0abd14ceb5da79.jpg",
                "https:\/\/cdn.poizon.com\/pro-img\/origin-img\/2025061817\/3b78104a990ba8ceaecaae191b57d3d5.jpg",
                "https:\/\/cdn.poizon.com\/pro-img\/origin-img\/2025061817\/a9257e4e2a1f86b04ee850651fdba50d.jpg",
                "https:\/\/cdn.poizon.com\/pro-img\/origin-img\/20240506\/b1452f8213914a75b2ffe6f2ddcaaa23.jpg",
                "https:\/\/cdn.poizon.com\/pro-img\/origin-img\/20240506\/0a268b0dc1334a06b40e3e17a8cb3178.jpg",
                "https:\/\/cdn.poizon.com\/pro-img\/origin-img\/20240506\/dad5528b76a94534a55f6636e7f7fec2.jpg",
                "https:\/\/cdn.poizon.com\/pro-img\/origin-img\/20240506\/ee8f99b7ec02425194b080e84a57e3ef.png"
            ],
            "price": 0,
            "purchasePrice": 0,
            "count": 0,
            "available": false,
            "timeDelivery": {
                "min": 15,
                "max": 24
            },
            "vat": "NO_VAT",
            "currency": "RUR",
            "params": [
                {
                    "key": "Цвет",
                    "value": "Зеленый"
                },
                {
                    "key": "Вариант",
                    "value": "Ширина D"
                },
                {
                    "key": "Размер",
                    "value": "42.5"
                }
            ],
            "vendor": "New Balance",
            "seriesName": ""
        },
        {
            "productId": 758913,
            "parentId": 758913,
            "url": "https:\/\/fast.dewu.com\/page\/productDetail?sourceName=sharedetail&spuId=11512050",
            "variantId": 676515767,
            "title": " New Balance NB 530",
            "description": "Персонализированный контент предоставляется продавцом, а не официально настраивается брендом",
            "vendorCode": "MR530SG-12",
            "categoryId": 8713,
            "vendorId": 28,
            "images": [
                "https:\/\/cdn.poizon.com\/pro-img\/origin-img\/20240506\/952a123e3f0d4ceabb0abd14ceb5da79.jpg",
                "https:\/\/cdn.poizon.com\/pro-img\/origin-img\/2025061817\/3b78104a990ba8ceaecaae191b57d3d5.jpg",
                "https:\/\/cdn.poizon.com\/pro-img\/origin-img\/2025061817\/a9257e4e2a1f86b04ee850651fdba50d.jpg",
                "https:\/\/cdn.poizon.com\/pro-img\/origin-img\/20240506\/b1452f8213914a75b2ffe6f2ddcaaa23.jpg",
                "https:\/\/cdn.poizon.com\/pro-img\/origin-img\/20240506\/0a268b0dc1334a06b40e3e17a8cb3178.jpg",
                "https:\/\/cdn.poizon.com\/pro-img\/origin-img\/20240506\/dad5528b76a94534a55f6636e7f7fec2.jpg",
                "https:\/\/cdn.poizon.com\/pro-img\/origin-img\/20240506\/ee8f99b7ec02425194b080e84a57e3ef.png"
            ],
            "price": 0,
            "purchasePrice": 0,
            "count": 0,
            "available": false,
            "timeDelivery": {
                "min": 15,
                "max": 24
            },
            "vat": "NO_VAT",
            "currency": "RUR",
            "params": [
                {
                    "key": "Цвет",
                    "value": "Зеленый"
                },
                {
                    "key": "Вариант",
                    "value": "Ширина D"
                },
                {
                    "key": "Размер",
                    "value": "43"
                }
            ],
            "vendor": "New Balance",
            "seriesName": ""
        },
        {
            "productId": 758913,
            "parentId": 758913,
            "url": "https:\/\/fast.dewu.com\/page\/productDetail?sourceName=sharedetail&spuId=11512050",
            "variantId": 676515768,
            "title": " New Balance NB 530",
            "description": "Персонализированный контент предоставляется продавцом, а не официально настраивается брендом",
            "vendorCode": "MR530SG-13",
            "categoryId": 8713,
            "vendorId": 28,
            "images": [
                "https:\/\/cdn.poizon.com\/pro-img\/origin-img\/20240506\/952a123e3f0d4ceabb0abd14ceb5da79.jpg",
                "https:\/\/cdn.poizon.com\/pro-img\/origin-img\/2025061817\/3b78104a990ba8ceaecaae191b57d3d5.jpg",
                "https:\/\/cdn.poizon.com\/pro-img\/origin-img\/2025061817\/a9257e4e2a1f86b04ee850651fdba50d.jpg",
                "https:\/\/cdn.poizon.com\/pro-img\/origin-img\/20240506\/b1452f8213914a75b2ffe6f2ddcaaa23.jpg",
                "https:\/\/cdn.poizon.com\/pro-img\/origin-img\/20240506\/0a268b0dc1334a06b40e3e17a8cb3178.jpg",
                "https:\/\/cdn.poizon.com\/pro-img\/origin-img\/20240506\/dad5528b76a94534a55f6636e7f7fec2.jpg",
                "https:\/\/cdn.poizon.com\/pro-img\/origin-img\/20240506\/ee8f99b7ec02425194b080e84a57e3ef.png"
            ],
            "price": 0,
            "purchasePrice": 0,
            "count": 0,
            "available": false,
            "timeDelivery": {
                "min": 15,
                "max": 24
            },
            "vat": "NO_VAT",
            "currency": "RUR",
            "params": [
                {
                    "key": "Цвет",
                    "value": "Зеленый"
                },
                {
                    "key": "Вариант",
                    "value": "Ширина D"
                },
                {
                    "key": "Размер",
                    "value": "44"
                }
            ],
            "vendor": "New Balance",
            "seriesName": ""
        },
        {
            "productId": 758913,
            "parentId": 758913,
            "url": "https:\/\/fast.dewu.com\/page\/productDetail?sourceName=sharedetail&spuId=11512050",
            "variantId": 676515769,
            "title": " New Balance NB 530",
            "description": "Персонализированный контент предоставляется продавцом, а не официально настраивается брендом",
            "vendorCode": "MR530SG-14",
            "categoryId": 8713,
            "vendorId": 28,
            "images": [
                "https:\/\/cdn.poizon.com\/pro-img\/origin-img\/20240506\/952a123e3f0d4ceabb0abd14ceb5da79.jpg",
                "https:\/\/cdn.poizon.com\/pro-img\/origin-img\/2025061817\/3b78104a990ba8ceaecaae191b57d3d5.jpg",
                "https:\/\/cdn.poizon.com\/pro-img\/origin-img\/2025061817\/a9257e4e2a1f86b04ee850651fdba50d.jpg",
                "https:\/\/cdn.poizon.com\/pro-img\/origin-img\/20240506\/b1452f8213914a75b2ffe6f2ddcaaa23.jpg",
                "https:\/\/cdn.poizon.com\/pro-img\/origin-img\/20240506\/0a268b0dc1334a06b40e3e17a8cb3178.jpg",
                "https:\/\/cdn.poizon.com\/pro-img\/origin-img\/20240506\/dad5528b76a94534a55f6636e7f7fec2.jpg",
                "https:\/\/cdn.poizon.com\/pro-img\/origin-img\/20240506\/ee8f99b7ec02425194b080e84a57e3ef.png"
            ],
            "price": 0,
            "purchasePrice": 0,
            "count": 0,
            "available": false,
            "timeDelivery": {
                "min": 15,
                "max": 24
            },
            "vat": "NO_VAT",
            "currency": "RUR",
            "params": [
                {
                    "key": "Цвет",
                    "value": "Зеленый"
                },
                {
                    "key": "Вариант",
                    "value": "Ширина D"
                },
                {
                    "key": "Размер",
                    "value": "44.5"
                }
            ],
            "vendor": "New Balance",
            "seriesName": ""
        },
        {
            "productId": 758913,
            "parentId": 758913,
            "url": "https:\/\/fast.dewu.com\/page\/productDetail?sourceName=sharedetail&spuId=11512050",
            "variantId": 676515770,
            "title": " New Balance NB 530",
            "description": "Персонализированный контент предоставляется продавцом, а не официально настраивается брендом",
            "vendorCode": "MR530SG-15",
            "categoryId": 8713,
            "vendorId": 28,
            "images": [
                "https:\/\/cdn.poizon.com\/pro-img\/origin-img\/20240506\/952a123e3f0d4ceabb0abd14ceb5da79.jpg",
                "https:\/\/cdn.poizon.com\/pro-img\/origin-img\/2025061817\/3b78104a990ba8ceaecaae191b57d3d5.jpg",
                "https:\/\/cdn.poizon.com\/pro-img\/origin-img\/2025061817\/a9257e4e2a1f86b04ee850651fdba50d.jpg",
                "https:\/\/cdn.poizon.com\/pro-img\/origin-img\/20240506\/b1452f8213914a75b2ffe6f2ddcaaa23.jpg",
                "https:\/\/cdn.poizon.com\/pro-img\/origin-img\/20240506\/0a268b0dc1334a06b40e3e17a8cb3178.jpg",
                "https:\/\/cdn.poizon.com\/pro-img\/origin-img\/20240506\/dad5528b76a94534a55f6636e7f7fec2.jpg",
                "https:\/\/cdn.poizon.com\/pro-img\/origin-img\/20240506\/ee8f99b7ec02425194b080e84a57e3ef.png"
            ],
            "price": 0,
            "purchasePrice": 0,
            "count": 0,
            "available": false,
            "timeDelivery": {
                "min": 15,
                "max": 24
            },
            "vat": "NO_VAT",
            "currency": "RUR",
            "params": [
                {
                    "key": "Цвет",
                    "value": "Зеленый"
                },
                {
                    "key": "Вариант",
                    "value": "Ширина D"
                },
                {
                    "key": "Размер",
                    "value": "45"
                }
            ],
            "vendor": "New Balance",
            "seriesName": ""
        }
    ]
}
[2025-11-08 18:43:09] 
[2025-11-08 18:43:09] [231/316] Импорт:  New Balance NB 530 (ID: 758914)
[2025-11-08 18:43:09] 
═══════════════════════════════════════════════════
[2025-11-08 18:43:09] ОШИБКА #6:  New Balance NB 530
[2025-11-08 18:43:09] ═══════════════════════════════════════════════════
[2025-11-08 18:43:09] Product ID: 758914
[2025-11-08 18:43:09] Index: 231/316
[2025-11-08 18:43:09] Error: Ошибка сохранения товара: vendor_code: Товар с таким артикулом уже существует у данного бренда
[2025-11-08 18:43:09] 
Stack Trace:
[2025-11-08 18:43:09] #0 /Users/user/CascadeProjects/splitwise/commands/PoizonImportJsonController.php(271): app\commands\PoizonImportJsonController->importProduct(Array)
#1 [internal function]: app\commands\PoizonImportJsonController->actionRun('https://storage...')
#2 /Users/user/CascadeProjects/splitwise/vendor/yiisoft/yii2/base/InlineAction.php(60): call_user_func_array(Array, Array)
#3 /Users/user/CascadeProjects/splitwise/vendor/yiisoft/yii2/base/Controller.php(184): yii\base\InlineAction->runWithParams(Array)
#4 /Users/user/CascadeProjects/splitwise/vendor/yiisoft/yii2/console/Controller.php(180): yii\base\Controller->runAction('run', Array)
#5 /Users/user/CascadeProjects/splitwise/vendor/yiisoft/yii2/base/Module.php(555): yii\console\Controller->runAction('run', Array)
#6 /Users/user/CascadeProjects/splitwise/vendor/yiisoft/yii2/console/Application.php(180): yii\base\Module->runAction('poizon-import-j...', Array)
#7 /Users/user/CascadeProjects/splitwise/vendor/yiisoft/yii2/console/Application.php(147): yii\console\Application->runAction('poizon-import-j...', Array)
#8 /Users/user/CascadeProjects/splitwise/vendor/yiisoft/yii2/base/Application.php(387): yii\console\Application->handleRequest(Object(yii\console\Request))
#9 /Users/user/CascadeProjects/splitwise/yii(23): yii\base\Application->run()
#10 {main}
[2025-11-08 18:43:09] 
Product Data:
[2025-11-08 18:43:09] {
    "productId": 758914,
    "variantId": 758914,
    "url": "https:\/\/fast.dewu.com\/page\/productDetail?sourceName=sharedetail&spuId=23655985",
    "title": " New Balance NB 530",
    "description": "",
    "vendorCode": "MR530SG",
    "categoryId": 8713,
    "vendorId": 28,
    "images": [
        "https:\/\/cdn.poizon.com\/pro-img\/origin-img\/20250518\/42097104d0e145c58d45e677b9a302b5.jpg",
        "https:\/\/cdn.poizon.com\/pro-img\/origin-img\/2025062514\/f1dbc4073dbd3f39c3d2f7096178605f.jpg",
        "https:\/\/cdn.poizon.com\/pro-img\/origin-img\/2025062514\/8a36d6f70b3e80dcaeeda3f5136fce5d.jpg",
        "https:\/\/cdn.poizon.com\/pro-img\/origin-img\/20250518\/13f715d29b644f1e9e3533a5c554935f.jpg",
        "https:\/\/cdn.poizon.com\/pro-img\/origin-img\/20250518\/d6e7e66e705342c4a7d1e1105e73b01d.jpg",
        "https:\/\/cdn.poizon.com\/pro-img\/origin-img\/20250518\/b4f16fa66e9d43949c3a27ba7e1586a5.jpg"
    ],
    "price": 890,
    "favoriteCount": 0,
    "countryOfOrigin": "Китай",
    "properties": [
        {
            "key": "Верхняя высота",
            "value": "Низкий вырез"
        },
        {
            "key": "Стиль носка",
            "value": "Круглая голова"
        },
        {
            "key": "Применимый сезон",
            "value": "Весна, лето, осень, зима"
        },
        {
            "key": "Функциональная",
            "value": "Износостойкий"
        },
        {
            "key": "Закрытый режим",
            "value": "Зашнуровать"
        },
        {
            "key": "Общий вес обуви (приблизительно)",
            "value": "290 г\/одинарный 42 ярда\/одинарный"
        },
        {
            "key": "Верхний материал",
            "value": "Сетка, ткань, искусственная кожа"
        },
        {
            "key": "Дата выхода",
            "value": "2025.05.19"
        },
        {
            "key": "Основной цвет",
            "value": "Бежевый, красный"
        }
    ],
    "seriesName": "",
    "relatedProducts": [],
    "gender": "Унисекс",
    "sizes": [
        {
            "name": "Европейский кодекс ЕС",
            "delimiter": ",",
            "value": "35.5,36,37,37.5,38,38.5,39.5,40,40.5,41.5,42,42.5,43,44,44.5,45,45.5,46.5,47,47.5,49,50,51,52"
        },
        {
            "name": "Кодекс красоты США",
            "delimiter": ",",
            "value": "3.5,4,4.5,5,5.5,6,6.5,7,7.5,8,8.5,9,9.5,10,10.5,11,11.5,12,12.5,13,14,15,16,17"
        },
        {
            "name": "Английский код Великобритании",
            "delimiter": ",",
            "value": "3,3.5,4,4.5,5,5.5,6,6.5,7,7.5,8,8.5,9,9.5,10,10.5,11,11.5,12,12.5,13.5,14.5,15.5,16.5"
        },
        {
            "name": "Подходит для длины стопы",
            "delimiter": ",",
            "value": "21.5,22,22.5,23,23.5,24,24.5,25,25.5,26,26.5,27,27.5,28,28.5,29,29.5,30,30.5,31,32,33,34,35"
        }
    ],
    "vat": "NO_VAT",
    "currency": "RUR",
    "keywords": [
        "【定制球鞋】",
        "new",
        "balance",
        "530",
        "绯彩跃动",
        "学生党",
        "校园风",
        "复古做旧",
        "机能风",
        "情侣款",
        "低帮跑步鞋",
        "男女同款"
    ],
    "vendor": "New Balance",
    "children": [
        {
            "productId": 758914,
            "parentId": 758914,
            "url": "https:\/\/fast.dewu.com\/page\/productDetail?sourceName=sharedetail&spuId=23655985",
            "variantId": 866295040,
            "title": " New Balance NB 530",
            "description": "",
            "vendorCode": "MR530SG-1",
            "categoryId": 8713,
            "vendorId": 28,
            "images": [
                "https:\/\/cdn.poizon.com\/pro-img\/origin-img\/20250518\/42097104d0e145c58d45e677b9a302b5.jpg",
                "https:\/\/cdn.poizon.com\/pro-img\/origin-img\/2025062514\/f1dbc4073dbd3f39c3d2f7096178605f.jpg",
                "https:\/\/cdn.poizon.com\/pro-img\/origin-img\/2025062514\/8a36d6f70b3e80dcaeeda3f5136fce5d.jpg",
                "https:\/\/cdn.poizon.com\/pro-img\/origin-img\/20250518\/13f715d29b644f1e9e3533a5c554935f.jpg",
                "https:\/\/cdn.poizon.com\/pro-img\/origin-img\/20250518\/d6e7e66e705342c4a7d1e1105e73b01d.jpg",
                "https:\/\/cdn.poizon.com\/pro-img\/origin-img\/20250518\/b4f16fa66e9d43949c3a27ba7e1586a5.jpg"
            ],
            "price": 890,
            "purchasePrice": 829,
            "count": 1,
            "available": true,
            "timeDelivery": {
                "min": 5,
                "max": 6
            },
            "vat": "NO_VAT",
            "currency": "RUR",
            "params": [
                {
                    "key": "Цвет",
                    "value": "Красный рис"
                },
                {
                    "key": "Вариант",
                    "value": "D"
                },
                {
                    "key": "Размер",
                    "value": "36"
                }
            ],
            "vendor": "New Balance",
            "seriesName": ""
        },
        {
            "productId": 758914,
            "parentId": 758914,
            "url": "https:\/\/fast.dewu.com\/page\/productDetail?sourceName=sharedetail&spuId=23655985",
            "variantId": 866295041,
            "title": " New Balance NB 530",
            "description": "",
            "vendorCode": "MR530SG-2",
            "categoryId": 8713,
            "vendorId": 28,
            "images": [
                "https:\/\/cdn.poizon.com\/pro-img\/origin-img\/20250518\/42097104d0e145c58d45e677b9a302b5.jpg",
                "https:\/\/cdn.poizon.com\/pro-img\/origin-img\/2025062514\/f1dbc4073dbd3f39c3d2f7096178605f.jpg",
                "https:\/\/cdn.poizon.com\/pro-img\/origin-img\/2025062514\/8a36d6f70b3e80dcaeeda3f5136fce5d.jpg",
                "https:\/\/cdn.poizon.com\/pro-img\/origin-img\/20250518\/13f715d29b644f1e9e3533a5c554935f.jpg",
                "https:\/\/cdn.poizon.com\/pro-img\/origin-img\/20250518\/d6e7e66e705342c4a7d1e1105e73b01d.jpg",
                "https:\/\/cdn.poizon.com\/pro-img\/origin-img\/20250518\/b4f16fa66e9d43949c3a27ba7e1586a5.jpg"
            ],
            "price": 990,
            "purchasePrice": 929,
            "count": 1,
            "available": true,
            "timeDelivery": {
                "min": 5,
                "max": 6
            },
            "vat": "NO_VAT",
            "currency": "RUR",
            "params": [
                {
                    "key": "Цвет",
                    "value": "Красный рис"
                },
                {
                    "key": "Вариант",
                    "value": "D"
                },
                {
                    "key": "Размер",
                    "value": "37"
                }
            ],
            "vendor": "New Balance",
            "seriesName": ""
        },
        {
            "productId": 758914,
            "parentId": 758914,
            "url": "https:\/\/fast.dewu.com\/page\/productDetail?sourceName=sharedetail&spuId=23655985",
            "variantId": 866295042,
            "title": " New Balance NB 530",
            "description": "",
            "vendorCode": "MR530SG-3",
            "categoryId": 8713,
            "vendorId": 28,
            "images": [
                "https:\/\/cdn.poizon.com\/pro-img\/origin-img\/20250518\/42097104d0e145c58d45e677b9a302b5.jpg",
                "https:\/\/cdn.poizon.com\/pro-img\/origin-img\/2025062514\/f1dbc4073dbd3f39c3d2f7096178605f.jpg",
                "https:\/\/cdn.poizon.com\/pro-img\/origin-img\/2025062514\/8a36d6f70b3e80dcaeeda3f5136fce5d.jpg",
                "https:\/\/cdn.poizon.com\/pro-img\/origin-img\/20250518\/13f715d29b644f1e9e3533a5c554935f.jpg",
                "https:\/\/cdn.poizon.com\/pro-img\/origin-img\/20250518\/d6e7e66e705342c4a7d1e1105e73b01d.jpg",
                "https:\/\/cdn.poizon.com\/pro-img\/origin-img\/20250518\/b4f16fa66e9d43949c3a27ba7e1586a5.jpg"
            ],
            "price": 990,
            "purchasePrice": 929,
            "count": 1,
            "available": true,
            "timeDelivery": {
                "min": 5,
                "max": 6
            },
            "vat": "NO_VAT",
            "currency": "RUR",
            "params": [
                {
                    "key": "Цвет",
                    "value": "Красный рис"
                },
                {
                    "key": "Вариант",
                    "value": "D"
                },
                {
                    "key": "Размер",
                    "value": "37.5"
                }
            ],
            "vendor": "New Balance",
            "seriesName": ""
        },
        {
            "productId": 758914,
            "parentId": 758914,
            "url": "https:\/\/fast.dewu.com\/page\/productDetail?sourceName=sharedetail&spuId=23655985",
            "variantId": 866295043,
            "title": " New Balance NB 530",
            "description": "",
            "vendorCode": "MR530SG-4",
            "categoryId": 8713,
            "vendorId": 28,
            "images": [
                "https:\/\/cdn.poizon.com\/pro-img\/origin-img\/20250518\/42097104d0e145c58d45e677b9a302b5.jpg",
                "https:\/\/cdn.poizon.com\/pro-img\/origin-img\/2025062514\/f1dbc4073dbd3f39c3d2f7096178605f.jpg",
                "https:\/\/cdn.poizon.com\/pro-img\/origin-img\/2025062514\/8a36d6f70b3e80dcaeeda3f5136fce5d.jpg",
                "https:\/\/cdn.poizon.com\/pro-img\/origin-img\/20250518\/13f715d29b644f1e9e3533a5c554935f.jpg",
                "https:\/\/cdn.poizon.com\/pro-img\/origin-img\/20250518\/d6e7e66e705342c4a7d1e1105e73b01d.jpg",
                "https:\/\/cdn.poizon.com\/pro-img\/origin-img\/20250518\/b4f16fa66e9d43949c3a27ba7e1586a5.jpg"
            ],
            "price": 990,
            "purchasePrice": 929,
            "count": 1,
            "available": true,
            "timeDelivery": {
                "min": 5,
                "max": 6
            },
            "vat": "NO_VAT",
            "currency": "RUR",
            "params": [
                {
                    "key": "Цвет",
                    "value": "Красный рис"
                },
                {
                    "key": "Вариант",
                    "value": "D"
                },
                {
                    "key": "Размер",
                    "value": "38"
                }
            ],
            "vendor": "New Balance",
            "seriesName": ""
        },
        {
            "productId": 758914,
            "parentId": 758914,
            "url": "https:\/\/fast.dewu.com\/page\/productDetail?sourceName=sharedetail&spuId=23655985",
            "variantId": 866295044,
            "title": " New Balance NB 530",
            "description": "",
            "vendorCode": "MR530SG-5",
            "categoryId": 8713,
            "vendorId": 28,
            "images": [
                "https:\/\/cdn.poizon.com\/pro-img\/origin-img\/20250518\/42097104d0e145c58d45e677b9a302b5.jpg",
                "https:\/\/cdn.poizon.com\/pro-img\/origin-img\/2025062514\/f1dbc4073dbd3f39c3d2f7096178605f.jpg",
                "https:\/\/cdn.poizon.com\/pro-img\/origin-img\/2025062514\/8a36d6f70b3e80dcaeeda3f5136fce5d.jpg",
                "https:\/\/cdn.poizon.com\/pro-img\/origin-img\/20250518\/13f715d29b644f1e9e3533a5c554935f.jpg",
                "https:\/\/cdn.poizon.com\/pro-img\/origin-img\/20250518\/d6e7e66e705342c4a7d1e1105e73b01d.jpg",
                "https:\/\/cdn.poizon.com\/pro-img\/origin-img\/20250518\/b4f16fa66e9d43949c3a27ba7e1586a5.jpg"
            ],
            "price": 990,
            "purchasePrice": 929,
            "count": 1,
            "available": true,
            "timeDelivery": {
                "min": 5,
                "max": 6
            },
            "vat": "NO_VAT",
            "currency": "RUR",
            "params": [
                {
                    "key": "Цвет",
                    "value": "Красный рис"
                },
                {
                    "key": "Вариант",
                    "value": "D"
                },
                {
                    "key": "Размер",
                    "value": "38.5"
                }
            ],
            "vendor": "New Balance",
            "seriesName": ""
        },
        {
            "productId": 758914,
            "parentId": 758914,
            "url": "https:\/\/fast.dewu.com\/page\/productDetail?sourceName=sharedetail&spuId=23655985",
            "variantId": 866295045,
            "title": " New Balance NB 530",
            "description": "",
            "vendorCode": "MR530SG-6",
            "categoryId": 8713,
            "vendorId": 28,
            "images": [
                "https:\/\/cdn.poizon.com\/pro-img\/origin-img\/20250518\/42097104d0e145c58d45e677b9a302b5.jpg",
                "https:\/\/cdn.poizon.com\/pro-img\/origin-img\/2025062514\/f1dbc4073dbd3f39c3d2f7096178605f.jpg",
                "https:\/\/cdn.poizon.com\/pro-img\/origin-img\/2025062514\/8a36d6f70b3e80dcaeeda3f5136fce5d.jpg",
                "https:\/\/cdn.poizon.com\/pro-img\/origin-img\/20250518\/13f715d29b644f1e9e3533a5c554935f.jpg",
                "https:\/\/cdn.poizon.com\/pro-img\/origin-img\/20250518\/d6e7e66e705342c4a7d1e1105e73b01d.jpg",
                "https:\/\/cdn.poizon.com\/pro-img\/origin-img\/20250518\/b4f16fa66e9d43949c3a27ba7e1586a5.jpg"
            ],
            "price": 990,
            "purchasePrice": 929,
            "count": 1,
            "available": true,
            "timeDelivery": {
                "min": 5,
                "max": 6
            },
            "vat": "NO_VAT",
            "currency": "RUR",
            "params": [
                {
                    "key": "Цвет",
                    "value": "Красный рис"
                },
                {
                    "key": "Вариант",
                    "value": "D"
                },
                {
                    "key": "Размер",
                    "value": "39.5"
                }
            ],
            "vendor": "New Balance",
            "seriesName": ""
        },
        {
            "productId": 758914,
            "parentId": 758914,
            "url": "https:\/\/fast.dewu.com\/page\/productDetail?sourceName=sharedetail&spuId=23655985",
            "variantId": 866295046,
            "title": " New Balance NB 530",
            "description": "",
            "vendorCode": "MR530SG-7",
            "categoryId": 8713,
            "vendorId": 28,
            "images": [
                "https:\/\/cdn.poizon.com\/pro-img\/origin-img\/20250518\/42097104d0e145c58d45e677b9a302b5.jpg",
                "https:\/\/cdn.poizon.com\/pro-img\/origin-img\/2025062514\/f1dbc4073dbd3f39c3d2f7096178605f.jpg",
                "https:\/\/cdn.poizon.com\/pro-img\/origin-img\/2025062514\/8a36d6f70b3e80dcaeeda3f5136fce5d.jpg",
                "https:\/\/cdn.poizon.com\/pro-img\/origin-img\/20250518\/13f715d29b644f1e9e3533a5c554935f.jpg",
                "https:\/\/cdn.poizon.com\/pro-img\/origin-img\/20250518\/d6e7e66e705342c4a7d1e1105e73b01d.jpg",
                "https:\/\/cdn.poizon.com\/pro-img\/origin-img\/20250518\/b4f16fa66e9d43949c3a27ba7e1586a5.jpg"
            ],
            "price": 990,
            "purchasePrice": 929,
            "count": 1,
            "available": true,
            "timeDelivery": {
                "min": 5,
                "max": 6
            },
            "vat": "NO_VAT",
            "currency": "RUR",
            "params": [
                {
                    "key": "Цвет",
                    "value": "Красный рис"
                },
                {
                    "key": "Вариант",
                    "value": "D"
                },
                {
                    "key": "Размер",
                    "value": "40"
                }
            ],
            "vendor": "New Balance",
            "seriesName": ""
        },
        {
            "productId": 758914,
            "parentId": 758914,
            "url": "https:\/\/fast.dewu.com\/page\/productDetail?sourceName=sharedetail&spuId=23655985",
            "variantId": 866295047,
            "title": " New Balance NB 530",
            "description": "",
            "vendorCode": "MR530SG-8",
            "categoryId": 8713,
            "vendorId": 28,
            "images": [
                "https:\/\/cdn.poizon.com\/pro-img\/origin-img\/20250518\/42097104d0e145c58d45e677b9a302b5.jpg",
                "https:\/\/cdn.poizon.com\/pro-img\/origin-img\/2025062514\/f1dbc4073dbd3f39c3d2f7096178605f.jpg",
                "https:\/\/cdn.poizon.com\/pro-img\/origin-img\/2025062514\/8a36d6f70b3e80dcaeeda3f5136fce5d.jpg",
                "https:\/\/cdn.poizon.com\/pro-img\/origin-img\/20250518\/13f715d29b644f1e9e3533a5c554935f.jpg",
                "https:\/\/cdn.poizon.com\/pro-img\/origin-img\/20250518\/d6e7e66e705342c4a7d1e1105e73b01d.jpg",
                "https:\/\/cdn.poizon.com\/pro-img\/origin-img\/20250518\/b4f16fa66e9d43949c3a27ba7e1586a5.jpg"
            ],
            "price": 990,
            "purchasePrice": 929,
            "count": 1,
            "available": true,
            "timeDelivery": {
                "min": 5,
                "max": 6
            },
            "vat": "NO_VAT",
            "currency": "RUR",
            "params": [
                {
                    "key": "Цвет",
                    "value": "Красный рис"
                },
                {
                    "key": "Вариант",
                    "value": "D"
                },
                {
                    "key": "Размер",
                    "value": "40.5"
                }
            ],
            "vendor": "New Balance",
            "seriesName": ""
        },
        {
            "productId": 758914,
            "parentId": 758914,
            "url": "https:\/\/fast.dewu.com\/page\/productDetail?sourceName=sharedetail&spuId=23655985",
            "variantId": 866295048,
            "title": " New Balance NB 530",
            "description": "",
            "vendorCode": "MR530SG-9",
            "categoryId": 8713,
            "vendorId": 28,
            "images": [
                "https:\/\/cdn.poizon.com\/pro-img\/origin-img\/20250518\/42097104d0e145c58d45e677b9a302b5.jpg",
                "https:\/\/cdn.poizon.com\/pro-img\/origin-img\/2025062514\/f1dbc4073dbd3f39c3d2f7096178605f.jpg",
                "https:\/\/cdn.poizon.com\/pro-img\/origin-img\/2025062514\/8a36d6f70b3e80dcaeeda3f5136fce5d.jpg",
                "https:\/\/cdn.poizon.com\/pro-img\/origin-img\/20250518\/13f715d29b644f1e9e3533a5c554935f.jpg",
                "https:\/\/cdn.poizon.com\/pro-img\/origin-img\/20250518\/d6e7e66e705342c4a7d1e1105e73b01d.jpg",
                "https:\/\/cdn.poizon.com\/pro-img\/origin-img\/20250518\/b4f16fa66e9d43949c3a27ba7e1586a5.jpg"
            ],
            "price": 990,
            "purchasePrice": 929,
            "count": 1,
            "available": true,
            "timeDelivery": {
                "min": 5,
                "max": 6
            },
            "vat": "NO_VAT",
            "currency": "RUR",
            "params": [
                {
                    "key": "Цвет",
                    "value": "Красный рис"
                },
                {
                    "key": "Вариант",
                    "value": "D"
                },
                {
                    "key": "Размер",
                    "value": "41.5"
                }
            ],
            "vendor": "New Balance",
            "seriesName": ""
        },
        {
            "productId": 758914,
            "parentId": 758914,
            "url": "https:\/\/fast.dewu.com\/page\/productDetail?sourceName=sharedetail&spuId=23655985",
            "variantId": 866295049,
            "title": " New Balance NB 530",
            "description": "",
            "vendorCode": "MR530SG-10",
            "categoryId": 8713,
            "vendorId": 28,
            "images": [
                "https:\/\/cdn.poizon.com\/pro-img\/origin-img\/20250518\/42097104d0e145c58d45e677b9a302b5.jpg",
                "https:\/\/cdn.poizon.com\/pro-img\/origin-img\/2025062514\/f1dbc4073dbd3f39c3d2f7096178605f.jpg",
                "https:\/\/cdn.poizon.com\/pro-img\/origin-img\/2025062514\/8a36d6f70b3e80dcaeeda3f5136fce5d.jpg",
                "https:\/\/cdn.poizon.com\/pro-img\/origin-img\/20250518\/13f715d29b644f1e9e3533a5c554935f.jpg",
                "https:\/\/cdn.poizon.com\/pro-img\/origin-img\/20250518\/d6e7e66e705342c4a7d1e1105e73b01d.jpg",
                "https:\/\/cdn.poizon.com\/pro-img\/origin-img\/20250518\/b4f16fa66e9d43949c3a27ba7e1586a5.jpg"
            ],
            "price": 990,
            "purchasePrice": 929,
            "count": 1,
            "available": true,
            "timeDelivery": {
                "min": 5,
                "max": 6
            },
            "vat": "NO_VAT",
            "currency": "RUR",
            "params": [
                {
                    "key": "Цвет",
                    "value": "Красный рис"
                },
                {
                    "key": "Вариант",
                    "value": "D"
                },
                {
                    "key": "Размер",
                    "value": "42"
                }
            ],
            "vendor": "New Balance",
            "seriesName": ""
        },
        {
            "productId": 758914,
            "parentId": 758914,
            "url": "https:\/\/fast.dewu.com\/page\/productDetail?sourceName=sharedetail&spuId=23655985",
            "variantId": 866295050,
            "title": " New Balance NB 530",
            "description": "",
            "vendorCode": "MR530SG-11",
            "categoryId": 8713,
            "vendorId": 28,
            "images": [
                "https:\/\/cdn.poizon.com\/pro-img\/origin-img\/20250518\/42097104d0e145c58d45e677b9a302b5.jpg",
                "https:\/\/cdn.poizon.com\/pro-img\/origin-img\/2025062514\/f1dbc4073dbd3f39c3d2f7096178605f.jpg",
                "https:\/\/cdn.poizon.com\/pro-img\/origin-img\/2025062514\/8a36d6f70b3e80dcaeeda3f5136fce5d.jpg",
                "https:\/\/cdn.poizon.com\/pro-img\/origin-img\/20250518\/13f715d29b644f1e9e3533a5c554935f.jpg",
                "https:\/\/cdn.poizon.com\/pro-img\/origin-img\/20250518\/d6e7e66e705342c4a7d1e1105e73b01d.jpg",
                "https:\/\/cdn.poizon.com\/pro-img\/origin-img\/20250518\/b4f16fa66e9d43949c3a27ba7e1586a5.jpg"
            ],
            "price": 990,
            "purchasePrice": 929,
            "count": 1,
            "available": true,
            "timeDelivery": {
                "min": 5,
                "max": 6
            },
            "vat": "NO_VAT",
            "currency": "RUR",
            "params": [
                {
                    "key": "Цвет",
                    "value": "Красный рис"
                },
                {
                    "key": "Вариант",
                    "value": "D"
                },
                {
                    "key": "Размер",
                    "value": "42.5"
                }
            ],
            "vendor": "New Balance",
            "seriesName": ""
        },
        {
            "productId": 758914,
            "parentId": 758914,
            "url": "https:\/\/fast.dewu.com\/page\/productDetail?sourceName=sharedetail&spuId=23655985",
            "variantId": 866295051,
            "title": " New Balance NB 530",
            "description": "",
            "vendorCode": "MR530SG-12",
            "categoryId": 8713,
            "vendorId": 28,
            "images": [
                "https:\/\/cdn.poizon.com\/pro-img\/origin-img\/20250518\/42097104d0e145c58d45e677b9a302b5.jpg",
                "https:\/\/cdn.poizon.com\/pro-img\/origin-img\/2025062514\/f1dbc4073dbd3f39c3d2f7096178605f.jpg",
                "https:\/\/cdn.poizon.com\/pro-img\/origin-img\/2025062514\/8a36d6f70b3e80dcaeeda3f5136fce5d.jpg",
                "https:\/\/cdn.poizon.com\/pro-img\/origin-img\/20250518\/13f715d29b644f1e9e3533a5c554935f.jpg",
                "https:\/\/cdn.poizon.com\/pro-img\/origin-img\/20250518\/d6e7e66e705342c4a7d1e1105e73b01d.jpg",
                "https:\/\/cdn.poizon.com\/pro-img\/origin-img\/20250518\/b4f16fa66e9d43949c3a27ba7e1586a5.jpg"
            ],
            "price": 990,
            "purchasePrice": 929,
            "count": 1,
            "available": true,
            "timeDelivery": {
                "min": 5,
                "max": 6
            },
            "vat": "NO_VAT",
            "currency": "RUR",
            "params": [
                {
                    "key": "Цвет",
                    "value": "Красный рис"
                },
                {
                    "key": "Вариант",
                    "value": "D"
                },
                {
                    "key": "Размер",
                    "value": "43"
                }
            ],
            "vendor": "New Balance",
            "seriesName": ""
        },
        {
            "productId": 758914,
            "parentId": 758914,
            "url": "https:\/\/fast.dewu.com\/page\/productDetail?sourceName=sharedetail&spuId=23655985",
            "variantId": 866295052,
            "title": " New Balance NB 530",
            "description": "",
            "vendorCode": "MR530SG-13",
            "categoryId": 8713,
            "vendorId": 28,
            "images": [
                "https:\/\/cdn.poizon.com\/pro-img\/origin-img\/20250518\/42097104d0e145c58d45e677b9a302b5.jpg",
                "https:\/\/cdn.poizon.com\/pro-img\/origin-img\/2025062514\/f1dbc4073dbd3f39c3d2f7096178605f.jpg",
                "https:\/\/cdn.poizon.com\/pro-img\/origin-img\/2025062514\/8a36d6f70b3e80dcaeeda3f5136fce5d.jpg",
                "https:\/\/cdn.poizon.com\/pro-img\/origin-img\/20250518\/13f715d29b644f1e9e3533a5c554935f.jpg",
                "https:\/\/cdn.poizon.com\/pro-img\/origin-img\/20250518\/d6e7e66e705342c4a7d1e1105e73b01d.jpg",
                "https:\/\/cdn.poizon.com\/pro-img\/origin-img\/20250518\/b4f16fa66e9d43949c3a27ba7e1586a5.jpg"
            ],
            "price": 990,
            "purchasePrice": 929,
            "count": 1,
            "available": true,
            "timeDelivery": {
                "min": 5,
                "max": 6
            },
            "vat": "NO_VAT",
            "currency": "RUR",
            "params": [
                {
                    "key": "Цвет",
                    "value": "Красный рис"
                },
                {
                    "key": "Вариант",
                    "value": "D"
                },
                {
                    "key": "Размер",
                    "value": "44"
                }
            ],
            "vendor": "New Balance",
            "seriesName": ""
        }
    ]
}
[2025-11-08 18:43:09] 
[2025-11-08 18:43:09] [232/316] Импорт:  New Balance NB 530 (ID: 758921)
[2025-11-08 18:43:09] Батч-вставка размеров: 15 шт для product_id=276
[2025-11-08 18:43:09] Импортировано изображений вариантов: 120 для product_id=276
[2025-11-08 18:43:09]      Успешно импортирован
[2025-11-08 18:43:09] [233/316] Импорт:  New Balance NB 530 811 D (ID: 758965)
[2025-11-08 18:43:09] 
═══════════════════════════════════════════════════
[2025-11-08 18:43:09] ОШИБКА #7:  New Balance NB 530 811 D
[2025-11-08 18:43:09] ═══════════════════════════════════════════════════
[2025-11-08 18:43:09] Product ID: 758965
[2025-11-08 18:43:09] Index: 233/316
[2025-11-08 18:43:09] Error: Ошибка сохранения товара: vendor_code: Товар с таким артикулом уже существует у данного бренда
[2025-11-08 18:43:09] 
Stack Trace:
[2025-11-08 18:43:09] #0 /Users/user/CascadeProjects/splitwise/commands/PoizonImportJsonController.php(271): app\commands\PoizonImportJsonController->importProduct(Array)
#1 [internal function]: app\commands\PoizonImportJsonController->actionRun('https://storage...')
#2 /Users/user/CascadeProjects/splitwise/vendor/yiisoft/yii2/base/InlineAction.php(60): call_user_func_array(Array, Array)
#3 /Users/user/CascadeProjects/splitwise/vendor/yiisoft/yii2/base/Controller.php(184): yii\base\InlineAction->runWithParams(Array)
#4 /Users/user/CascadeProjects/splitwise/vendor/yiisoft/yii2/console/Controller.php(180): yii\base\Controller->runAction('run', Array)
#5 /Users/user/CascadeProjects/splitwise/vendor/yiisoft/yii2/base/Module.php(555): yii\console\Controller->runAction('run', Array)
#6 /Users/user/CascadeProjects/splitwise/vendor/yiisoft/yii2/console/Application.php(180): yii\base\Module->runAction('poizon-import-j...', Array)
#7 /Users/user/CascadeProjects/splitwise/vendor/yiisoft/yii2/console/Application.php(147): yii\console\Application->runAction('poizon-import-j...', Array)
#8 /Users/user/CascadeProjects/splitwise/vendor/yiisoft/yii2/base/Application.php(387): yii\console\Application->handleRequest(Object(yii\console\Request))
#9 /Users/user/CascadeProjects/splitwise/yii(23): yii\base\Application->run()
#10 {main}
[2025-11-08 18:43:09] 
Product Data:
[2025-11-08 18:43:09] {
    "productId": 758965,
    "variantId": 758965,
    "url": "https:\/\/fast.dewu.com\/page\/productDetail?sourceName=sharedetail&spuId=14393998",
    "title": " New Balance NB 530 811 D",
    "description": "",
    "vendorCode": "MR530SG",
    "categoryId": 8713,
    "vendorId": 28,
    "images": [
        "https:\/\/cdn.poizon.com\/pro-img\/origin-img\/20250122\/a26bcf4821324769add9ace10c69b382.jpg",
        "https:\/\/cdn.poizon.com\/pro-img\/origin-img\/2025061920\/eecce6b21dfc33e7bd5d0a61f13ce4a5.jpg",
        "https:\/\/cdn.poizon.com\/pro-img\/origin-img\/2025061920\/cb321631937b1361f32114050780e334.jpg",
        "https:\/\/cdn.poizon.com\/pro-img\/origin-img\/20240801\/665c290ec9e9440eab5db97a21f41b9d.jpg",
        "https:\/\/cdn.poizon.com\/pro-img\/origin-img\/20240801\/ee9f3ed5c31441ad9f89e2c99804ab6e.jpg",
        "https:\/\/cdn.poizon.com\/pro-img\/origin-img\/20240801\/90a8caebd96044a898ff0a37238e57f7.jpg",
        "https:\/\/cdn.poizon.com\/stark\/stark-web\/72361999\/cc331be36320c40f89d8ab9d415e9ae5.png"
    ],
    "price": 1190,
    "favoriteCount": 0,
    "countryOfOrigin": "Китай",
    "properties": [
        {
            "key": "Верхняя высота",
            "value": "Низкий вырез"
        },
        {
            "key": "Стиль носка",
            "value": "Круглая голова"
        },
        {
            "key": "Закрытый режим",
            "value": "Зашнуровать"
        },
        {
            "key": "Дата выхода",
            "value": "2024.08.01"
        },
        {
            "key": "Применимые сценарии",
            "value": "Свободный"
        },
        {
            "key": "Основной цвет",
            "value": "Белый, серебристый"
        },
        {
            "key": "Функциональная",
            "value": "Амортизирующий, нескользящий, дышащий"
        },
        {
            "key": "Цена предложения",
            "value": "¥1109"
        },
        {
            "key": "Товарная накладная",
            "value": "Поставляется со специальной коробкой для обуви"
        }
    ],
    "seriesName": "",
    "relatedProducts": [],
    "gender": "Унисекс",
    "sizes": [
        {
            "name": "Европейский кодекс ЕС",
            "delimiter": ",",
            "value": "35,35.5,36,37,37.5,38,38.5,39.5,40,40.5,41.5,42,42.5,43,44,44.5,45,45.5,46.5,47,47.5,49,50,51,52,53"
        },
        {
            "name": "Английский код Великобритании",
            "delimiter": ",",
            "value": "2.5,3,3.5,4,4.5,5,5.5,6,6.5,7,7.5,8,8.5,9,9.5,10,10.5,11,11.5,12,12.5,13.5,14.5,15.5,16.5,17.5"
        },
        {
            "name": "Японский код JP",
            "delimiter": ",",
            "value": "21,21.5,22,22.5,23,23.5,24,24.5,25,25.5,26,26.5,27,27.5,28,28.5,29,29.5,30,30.5,31,32,33,34,35,36"
        },
        {
            "name": "Код Республики Корея",
            "delimiter": ",",
            "value": "210,215,220,225,230,235,240,245,250,255,260,265,270,275,280,285,290,295,300,305,310,320,330,340,350,360"
        },
        {
            "name": "Мужской кодекс красоты США",
            "delimiter": ",",
            "value": "3,3.5,4,4.5,5,5.5,6,6.5,7,7.5,8,8.5,9,9.5,10,10.5,11,11.5,12,12.5,13,14,15,16,17,18"
        },
        {
            "name": "Женский кодекс красоты США",
            "delimiter": ",",
            "value": "4.5,5,5.5,6,6.5,7,7.5,8,8.5,9,9.5,10,10.5,11,11.5,12,12.5,13,13.5,14,15,\/,\/,\/,\/,\/"
        },
        {
            "name": "Подходит для длины стопы",
            "delimiter": ",",
            "value": "210,215,220,225,230,235,240,245,250,255,260,265,270,275,280,285,290,295,300,305,310,320,330,340,350,360"
        }
    ],
    "vat": "NO_VAT",
    "currency": "RUR",
    "keywords": [
        "【定制球鞋】",
        "new",
        "balance",
        "530",
        "811制造",
        "无糖苏打浅蓝",
        "特殊鞋盒",
        "少年感减震防滑透气",
        "低帮跑步鞋",
        "男女同款",
        "白银蓝"
    ],
    "vendor": "New Balance",
    "children": [
        {
            "productId": 758965,
            "parentId": 758965,
            "url": "https:\/\/fast.dewu.com\/page\/productDetail?sourceName=sharedetail&spuId=14393998",
            "variantId": 714667099,
            "title": " New Balance NB 530 811 D",
            "description": "",
            "vendorCode": "MR530SG-1",
            "categoryId": 8713,
            "vendorId": 28,
            "images": [
                "https:\/\/cdn.poizon.com\/pro-img\/origin-img\/20250122\/a26bcf4821324769add9ace10c69b382.jpg",
                "https:\/\/cdn.poizon.com\/pro-img\/origin-img\/2025061920\/eecce6b21dfc33e7bd5d0a61f13ce4a5.jpg",
                "https:\/\/cdn.poizon.com\/pro-img\/origin-img\/2025061920\/cb321631937b1361f32114050780e334.jpg",
                "https:\/\/cdn.poizon.com\/pro-img\/origin-img\/20240801\/665c290ec9e9440eab5db97a21f41b9d.jpg",
                "https:\/\/cdn.poizon.com\/pro-img\/origin-img\/20240801\/ee9f3ed5c31441ad9f89e2c99804ab6e.jpg",
                "https:\/\/cdn.poizon.com\/pro-img\/origin-img\/20240801\/90a8caebd96044a898ff0a37238e57f7.jpg",
                "https:\/\/cdn.poizon.com\/stark\/stark-web\/72361999\/cc331be36320c40f89d8ab9d415e9ae5.png"
            ],
            "price": 1190,
            "purchasePrice": 1149,
            "count": 1,
            "available": true,
            "timeDelivery": {
                "min": 5,
                "max": 6
            },
            "vat": "NO_VAT",
            "currency": "RUR",
            "params": [
                {
                    "key": "Цвет",
                    "value": "Серебристо-голубой"
                },
                {
                    "key": "Размер",
                    "value": "36"
                }
            ],
            "vendor": "New Balance",
            "seriesName": ""
        },
        {
            "productId": 758965,
            "parentId": 758965,
            "url": "https:\/\/fast.dewu.com\/page\/productDetail?sourceName=sharedetail&spuId=14393998",
            "variantId": 714667100,
            "title": " New Balance NB 530 811 D",
            "description": "",
            "vendorCode": "MR530SG-2",
            "categoryId": 8713,
            "vendorId": 28,
            "images": [
                "https:\/\/cdn.poizon.com\/pro-img\/origin-img\/20250122\/a26bcf4821324769add9ace10c69b382.jpg",
                "https:\/\/cdn.poizon.com\/pro-img\/origin-img\/2025061920\/eecce6b21dfc33e7bd5d0a61f13ce4a5.jpg",
                "https:\/\/cdn.poizon.com\/pro-img\/origin-img\/2025061920\/cb321631937b1361f32114050780e334.jpg",
                "https:\/\/cdn.poizon.com\/pro-img\/origin-img\/20240801\/665c290ec9e9440eab5db97a21f41b9d.jpg",
                "https:\/\/cdn.poizon.com\/pro-img\/origin-img\/20240801\/ee9f3ed5c31441ad9f89e2c99804ab6e.jpg",
                "https:\/\/cdn.poizon.com\/pro-img\/origin-img\/20240801\/90a8caebd96044a898ff0a37238e57f7.jpg",
                "https:\/\/cdn.poizon.com\/stark\/stark-web\/72361999\/cc331be36320c40f89d8ab9d415e9ae5.png"
            ],
            "price": 1190,
            "purchasePrice": 1149,
            "count": 1,
            "available": true,
            "timeDelivery": {
                "min": 5,
                "max": 6
            },
            "vat": "NO_VAT",
            "currency": "RUR",
            "params": [
                {
                    "key": "Цвет",
                    "value": "Серебристо-голубой"
                },
                {
                    "key": "Размер",
                    "value": "37"
                }
            ],
            "vendor": "New Balance",
            "seriesName": ""
        },
        {
            "productId": 758965,
            "parentId": 758965,
            "url": "https:\/\/fast.dewu.com\/page\/productDetail?sourceName=sharedetail&spuId=14393998",
            "variantId": 714667101,
            "title": " New Balance NB 530 811 D",
            "description": "",
            "vendorCode": "MR530SG-3",
            "categoryId": 8713,
            "vendorId": 28,
            "images": [
                "https:\/\/cdn.poizon.com\/pro-img\/origin-img\/20250122\/a26bcf4821324769add9ace10c69b382.jpg",
                "https:\/\/cdn.poizon.com\/pro-img\/origin-img\/2025061920\/eecce6b21dfc33e7bd5d0a61f13ce4a5.jpg",
                "https:\/\/cdn.poizon.com\/pro-img\/origin-img\/2025061920\/cb321631937b1361f32114050780e334.jpg",
                "https:\/\/cdn.poizon.com\/pro-img\/origin-img\/20240801\/665c290ec9e9440eab5db97a21f41b9d.jpg",
                "https:\/\/cdn.poizon.com\/pro-img\/origin-img\/20240801\/ee9f3ed5c31441ad9f89e2c99804ab6e.jpg",
                "https:\/\/cdn.poizon.com\/pro-img\/origin-img\/20240801\/90a8caebd96044a898ff0a37238e57f7.jpg",
                "https:\/\/cdn.poizon.com\/stark\/stark-web\/72361999\/cc331be36320c40f89d8ab9d415e9ae5.png"
            ],
            "price": 1190,
            "purchasePrice": 1149,
            "count": 1,
            "available": true,
            "timeDelivery": {
                "min": 5,
                "max": 6
            },
            "vat": "NO_VAT",
            "currency": "RUR",
            "params": [
                {
                    "key": "Цвет",
                    "value": "Серебристо-голубой"
                },
                {
                    "key": "Размер",
                    "value": "37.5"
                }
            ],
            "vendor": "New Balance",
            "seriesName": ""
        },
        {
            "productId": 758965,
            "parentId": 758965,
            "url": "https:\/\/fast.dewu.com\/page\/productDetail?sourceName=sharedetail&spuId=14393998",
            "variantId": 714667102,
            "title": " New Balance NB 530 811 D",
            "description": "",
            "vendorCode": "MR530SG-4",
            "categoryId": 8713,
            "vendorId": 28,
            "images": [
                "https:\/\/cdn.poizon.com\/pro-img\/origin-img\/20250122\/a26bcf4821324769add9ace10c69b382.jpg",
                "https:\/\/cdn.poizon.com\/pro-img\/origin-img\/2025061920\/eecce6b21dfc33e7bd5d0a61f13ce4a5.jpg",
                "https:\/\/cdn.poizon.com\/pro-img\/origin-img\/2025061920\/cb321631937b1361f32114050780e334.jpg",
                "https:\/\/cdn.poizon.com\/pro-img\/origin-img\/20240801\/665c290ec9e9440eab5db97a21f41b9d.jpg",
                "https:\/\/cdn.poizon.com\/pro-img\/origin-img\/20240801\/ee9f3ed5c31441ad9f89e2c99804ab6e.jpg",
                "https:\/\/cdn.poizon.com\/pro-img\/origin-img\/20240801\/90a8caebd96044a898ff0a37238e57f7.jpg",
                "https:\/\/cdn.poizon.com\/stark\/stark-web\/72361999\/cc331be36320c40f89d8ab9d415e9ae5.png"
            ],
            "price": 1190,
            "purchasePrice": 1149,
            "count": 1,
            "available": true,
            "timeDelivery": {
                "min": 5,
                "max": 6
            },
            "vat": "NO_VAT",
            "currency": "RUR",
            "params": [
                {
                    "key": "Цвет",
                    "value": "Серебристо-голубой"
                },
                {
                    "key": "Размер",
                    "value": "38"
                }
            ],
            "vendor": "New Balance",
            "seriesName": ""
        },
        {
            "productId": 758965,
            "parentId": 758965,
            "url": "https:\/\/fast.dewu.com\/page\/productDetail?sourceName=sharedetail&spuId=14393998",
            "variantId": 714667103,
            "title": " New Balance NB 530 811 D",
            "description": "",
            "vendorCode": "MR530SG-5",
            "categoryId": 8713,
            "vendorId": 28,
            "images": [
                "https:\/\/cdn.poizon.com\/pro-img\/origin-img\/20250122\/a26bcf4821324769add9ace10c69b382.jpg",
                "https:\/\/cdn.poizon.com\/pro-img\/origin-img\/2025061920\/eecce6b21dfc33e7bd5d0a61f13ce4a5.jpg",
                "https:\/\/cdn.poizon.com\/pro-img\/origin-img\/2025061920\/cb321631937b1361f32114050780e334.jpg",
                "https:\/\/cdn.poizon.com\/pro-img\/origin-img\/20240801\/665c290ec9e9440eab5db97a21f41b9d.jpg",
                "https:\/\/cdn.poizon.com\/pro-img\/origin-img\/20240801\/ee9f3ed5c31441ad9f89e2c99804ab6e.jpg",
                "https:\/\/cdn.poizon.com\/pro-img\/origin-img\/20240801\/90a8caebd96044a898ff0a37238e57f7.jpg",
                "https:\/\/cdn.poizon.com\/stark\/stark-web\/72361999\/cc331be36320c40f89d8ab9d415e9ae5.png"
            ],
            "price": 1190,
            "purchasePrice": 1149,
            "count": 1,
            "available": true,
            "timeDelivery": {
                "min": 5,
                "max": 6
            },
            "vat": "NO_VAT",
            "currency": "RUR",
            "params": [
                {
                    "key": "Цвет",
                    "value": "Серебристо-голубой"
                },
                {
                    "key": "Размер",
                    "value": "38.5"
                }
            ],
            "vendor": "New Balance",
            "seriesName": ""
        },
        {
            "productId": 758965,
            "parentId": 758965,
            "url": "https:\/\/fast.dewu.com\/page\/productDetail?sourceName=sharedetail&spuId=14393998",
            "variantId": 714667104,
            "title": " New Balance NB 530 811 D",
            "description": "",
            "vendorCode": "MR530SG-6",
            "categoryId": 8713,
            "vendorId": 28,
            "images": [
                "https:\/\/cdn.poizon.com\/pro-img\/origin-img\/20250122\/a26bcf4821324769add9ace10c69b382.jpg",
                "https:\/\/cdn.poizon.com\/pro-img\/origin-img\/2025061920\/eecce6b21dfc33e7bd5d0a61f13ce4a5.jpg",
                "https:\/\/cdn.poizon.com\/pro-img\/origin-img\/2025061920\/cb321631937b1361f32114050780e334.jpg",
                "https:\/\/cdn.poizon.com\/pro-img\/origin-img\/20240801\/665c290ec9e9440eab5db97a21f41b9d.jpg",
                "https:\/\/cdn.poizon.com\/pro-img\/origin-img\/20240801\/ee9f3ed5c31441ad9f89e2c99804ab6e.jpg",
                "https:\/\/cdn.poizon.com\/pro-img\/origin-img\/20240801\/90a8caebd96044a898ff0a37238e57f7.jpg",
                "https:\/\/cdn.poizon.com\/stark\/stark-web\/72361999\/cc331be36320c40f89d8ab9d415e9ae5.png"
            ],
            "price": 1190,
            "purchasePrice": 1149,
            "count": 1,
            "available": true,
            "timeDelivery": {
                "min": 5,
                "max": 6
            },
            "vat": "NO_VAT",
            "currency": "RUR",
            "params": [
                {
                    "key": "Цвет",
                    "value": "Серебристо-голубой"
                },
                {
                    "key": "Размер",
                    "value": "39.5"
                }
            ],
            "vendor": "New Balance",
            "seriesName": ""
        },
        {
            "productId": 758965,
            "parentId": 758965,
            "url": "https:\/\/fast.dewu.com\/page\/productDetail?sourceName=sharedetail&spuId=14393998",
            "variantId": 714667105,
            "title": " New Balance NB 530 811 D",
            "description": "",
            "vendorCode": "MR530SG-7",
            "categoryId": 8713,
            "vendorId": 28,
            "images": [
                "https:\/\/cdn.poizon.com\/pro-img\/origin-img\/20250122\/a26bcf4821324769add9ace10c69b382.jpg",
                "https:\/\/cdn.poizon.com\/pro-img\/origin-img\/2025061920\/eecce6b21dfc33e7bd5d0a61f13ce4a5.jpg",
                "https:\/\/cdn.poizon.com\/pro-img\/origin-img\/2025061920\/cb321631937b1361f32114050780e334.jpg",
                "https:\/\/cdn.poizon.com\/pro-img\/origin-img\/20240801\/665c290ec9e9440eab5db97a21f41b9d.jpg",
                "https:\/\/cdn.poizon.com\/pro-img\/origin-img\/20240801\/ee9f3ed5c31441ad9f89e2c99804ab6e.jpg",
                "https:\/\/cdn.poizon.com\/pro-img\/origin-img\/20240801\/90a8caebd96044a898ff0a37238e57f7.jpg",
                "https:\/\/cdn.poizon.com\/stark\/stark-web\/72361999\/cc331be36320c40f89d8ab9d415e9ae5.png"
            ],
            "price": 1190,
            "purchasePrice": 1149,
            "count": 1,
            "available": true,
            "timeDelivery": {
                "min": 5,
                "max": 6
            },
            "vat": "NO_VAT",
            "currency": "RUR",
            "params": [
                {
                    "key": "Цвет",
                    "value": "Серебристо-голубой"
                },
                {
                    "key": "Размер",
                    "value": "40"
                }
            ],
            "vendor": "New Balance",
            "seriesName": ""
        },
        {
            "productId": 758965,
            "parentId": 758965,
            "url": "https:\/\/fast.dewu.com\/page\/productDetail?sourceName=sharedetail&spuId=14393998",
            "variantId": 714667106,
            "title": " New Balance NB 530 811 D",
            "description": "",
            "vendorCode": "MR530SG-8",
            "categoryId": 8713,
            "vendorId": 28,
            "images": [
                "https:\/\/cdn.poizon.com\/pro-img\/origin-img\/20250122\/a26bcf4821324769add9ace10c69b382.jpg",
                "https:\/\/cdn.poizon.com\/pro-img\/origin-img\/2025061920\/eecce6b21dfc33e7bd5d0a61f13ce4a5.jpg",
                "https:\/\/cdn.poizon.com\/pro-img\/origin-img\/2025061920\/cb321631937b1361f32114050780e334.jpg",
                "https:\/\/cdn.poizon.com\/pro-img\/origin-img\/20240801\/665c290ec9e9440eab5db97a21f41b9d.jpg",
                "https:\/\/cdn.poizon.com\/pro-img\/origin-img\/20240801\/ee9f3ed5c31441ad9f89e2c99804ab6e.jpg",
                "https:\/\/cdn.poizon.com\/pro-img\/origin-img\/20240801\/90a8caebd96044a898ff0a37238e57f7.jpg",
                "https:\/\/cdn.poizon.com\/stark\/stark-web\/72361999\/cc331be36320c40f89d8ab9d415e9ae5.png"
            ],
            "price": 1190,
            "purchasePrice": 1149,
            "count": 1,
            "available": true,
            "timeDelivery": {
                "min": 5,
                "max": 6
            },
            "vat": "NO_VAT",
            "currency": "RUR",
            "params": [
                {
                    "key": "Цвет",
                    "value": "Серебристо-голубой"
                },
                {
                    "key": "Размер",
                    "value": "40.5"
                }
            ],
            "vendor": "New Balance",
            "seriesName": ""
        },
        {
            "productId": 758965,
            "parentId": 758965,
            "url": "https:\/\/fast.dewu.com\/page\/productDetail?sourceName=sharedetail&spuId=14393998",
            "variantId": 714667107,
            "title": " New Balance NB 530 811 D",
            "description": "",
            "vendorCode": "MR530SG-9",
            "categoryId": 8713,
            "vendorId": 28,
            "images": [
                "https:\/\/cdn.poizon.com\/pro-img\/origin-img\/20250122\/a26bcf4821324769add9ace10c69b382.jpg",
                "https:\/\/cdn.poizon.com\/pro-img\/origin-img\/2025061920\/eecce6b21dfc33e7bd5d0a61f13ce4a5.jpg",
                "https:\/\/cdn.poizon.com\/pro-img\/origin-img\/2025061920\/cb321631937b1361f32114050780e334.jpg",
                "https:\/\/cdn.poizon.com\/pro-img\/origin-img\/20240801\/665c290ec9e9440eab5db97a21f41b9d.jpg",
                "https:\/\/cdn.poizon.com\/pro-img\/origin-img\/20240801\/ee9f3ed5c31441ad9f89e2c99804ab6e.jpg",
                "https:\/\/cdn.poizon.com\/pro-img\/origin-img\/20240801\/90a8caebd96044a898ff0a37238e57f7.jpg",
                "https:\/\/cdn.poizon.com\/stark\/stark-web\/72361999\/cc331be36320c40f89d8ab9d415e9ae5.png"
            ],
            "price": 1190,
            "purchasePrice": 1149,
            "count": 1,
            "available": true,
            "timeDelivery": {
                "min": 5,
                "max": 6
            },
            "vat": "NO_VAT",
            "currency": "RUR",
            "params": [
                {
                    "key": "Цвет",
                    "value": "Серебристо-голубой"
                },
                {
                    "key": "Размер",
                    "value": "41.5"
                }
            ],
            "vendor": "New Balance",
            "seriesName": ""
        },
        {
            "productId": 758965,
            "parentId": 758965,
            "url": "https:\/\/fast.dewu.com\/page\/productDetail?sourceName=sharedetail&spuId=14393998",
            "variantId": 714667108,
            "title": " New Balance NB 530 811 D",
            "description": "",
            "vendorCode": "MR530SG-10",
            "categoryId": 8713,
            "vendorId": 28,
            "images": [
                "https:\/\/cdn.poizon.com\/pro-img\/origin-img\/20250122\/a26bcf4821324769add9ace10c69b382.jpg",
                "https:\/\/cdn.poizon.com\/pro-img\/origin-img\/2025061920\/eecce6b21dfc33e7bd5d0a61f13ce4a5.jpg",
                "https:\/\/cdn.poizon.com\/pro-img\/origin-img\/2025061920\/cb321631937b1361f32114050780e334.jpg",
                "https:\/\/cdn.poizon.com\/pro-img\/origin-img\/20240801\/665c290ec9e9440eab5db97a21f41b9d.jpg",
                "https:\/\/cdn.poizon.com\/pro-img\/origin-img\/20240801\/ee9f3ed5c31441ad9f89e2c99804ab6e.jpg",
                "https:\/\/cdn.poizon.com\/pro-img\/origin-img\/20240801\/90a8caebd96044a898ff0a37238e57f7.jpg",
                "https:\/\/cdn.poizon.com\/stark\/stark-web\/72361999\/cc331be36320c40f89d8ab9d415e9ae5.png"
            ],
            "price": 1190,
            "purchasePrice": 1149,
            "count": 1,
            "available": true,
            "timeDelivery": {
                "min": 5,
                "max": 6
            },
            "vat": "NO_VAT",
            "currency": "RUR",
            "params": [
                {
                    "key": "Цвет",
                    "value": "Серебристо-голубой"
                },
                {
                    "key": "Размер",
                    "value": "42"
                }
            ],
            "vendor": "New Balance",
            "seriesName": ""
        },
        {
            "productId": 758965,
            "parentId": 758965,
            "url": "https:\/\/fast.dewu.com\/page\/productDetail?sourceName=sharedetail&spuId=14393998",
            "variantId": 714667109,
            "title": " New Balance NB 530 811 D",
            "description": "",
            "vendorCode": "MR530SG-11",
            "categoryId": 8713,
            "vendorId": 28,
            "images": [
                "https:\/\/cdn.poizon.com\/pro-img\/origin-img\/20250122\/a26bcf4821324769add9ace10c69b382.jpg",
                "https:\/\/cdn.poizon.com\/pro-img\/origin-img\/2025061920\/eecce6b21dfc33e7bd5d0a61f13ce4a5.jpg",
                "https:\/\/cdn.poizon.com\/pro-img\/origin-img\/2025061920\/cb321631937b1361f32114050780e334.jpg",
                "https:\/\/cdn.poizon.com\/pro-img\/origin-img\/20240801\/665c290ec9e9440eab5db97a21f41b9d.jpg",
                "https:\/\/cdn.poizon.com\/pro-img\/origin-img\/20240801\/ee9f3ed5c31441ad9f89e2c99804ab6e.jpg",
                "https:\/\/cdn.poizon.com\/pro-img\/origin-img\/20240801\/90a8caebd96044a898ff0a37238e57f7.jpg",
                "https:\/\/cdn.poizon.com\/stark\/stark-web\/72361999\/cc331be36320c40f89d8ab9d415e9ae5.png"
            ],
            "price": 1190,
            "purchasePrice": 1149,
            "count": 1,
            "available": true,
            "timeDelivery": {
                "min": 5,
                "max": 6
            },
            "vat": "NO_VAT",
            "currency": "RUR",
            "params": [
                {
                    "key": "Цвет",
                    "value": "Серебристо-голубой"
                },
                {
                    "key": "Размер",
                    "value": "42.5"
                }
            ],
            "vendor": "New Balance",
            "seriesName": ""
        },
        {
            "productId": 758965,
            "parentId": 758965,
            "url": "https:\/\/fast.dewu.com\/page\/productDetail?sourceName=sharedetail&spuId=14393998",
            "variantId": 714667110,
            "title": " New Balance NB 530 811 D",
            "description": "",
            "vendorCode": "MR530SG-12",
            "categoryId": 8713,
            "vendorId": 28,
            "images": [
                "https:\/\/cdn.poizon.com\/pro-img\/origin-img\/20250122\/a26bcf4821324769add9ace10c69b382.jpg",
                "https:\/\/cdn.poizon.com\/pro-img\/origin-img\/2025061920\/eecce6b21dfc33e7bd5d0a61f13ce4a5.jpg",
                "https:\/\/cdn.poizon.com\/pro-img\/origin-img\/2025061920\/cb321631937b1361f32114050780e334.jpg",
                "https:\/\/cdn.poizon.com\/pro-img\/origin-img\/20240801\/665c290ec9e9440eab5db97a21f41b9d.jpg",
                "https:\/\/cdn.poizon.com\/pro-img\/origin-img\/20240801\/ee9f3ed5c31441ad9f89e2c99804ab6e.jpg",
                "https:\/\/cdn.poizon.com\/pro-img\/origin-img\/20240801\/90a8caebd96044a898ff0a37238e57f7.jpg",
                "https:\/\/cdn.poizon.com\/stark\/stark-web\/72361999\/cc331be36320c40f89d8ab9d415e9ae5.png"
            ],
            "price": 1190,
            "purchasePrice": 1149,
            "count": 1,
            "available": true,
            "timeDelivery": {
                "min": 5,
                "max": 6
            },
            "vat": "NO_VAT",
            "currency": "RUR",
            "params": [
                {
                    "key": "Цвет",
                    "value": "Серебристо-голубой"
                },
                {
                    "key": "Размер",
                    "value": "43"
                }
            ],
            "vendor": "New Balance",
            "seriesName": ""
        },
        {
            "productId": 758965,
            "parentId": 758965,
            "url": "https:\/\/fast.dewu.com\/page\/productDetail?sourceName=sharedetail&spuId=14393998",
            "variantId": 714667111,
            "title": " New Balance NB 530 811 D",
            "description": "",
            "vendorCode": "MR530SG-13",
            "categoryId": 8713,
            "vendorId": 28,
            "images": [
                "https:\/\/cdn.poizon.com\/pro-img\/origin-img\/20250122\/a26bcf4821324769add9ace10c69b382.jpg",
                "https:\/\/cdn.poizon.com\/pro-img\/origin-img\/2025061920\/eecce6b21dfc33e7bd5d0a61f13ce4a5.jpg",
                "https:\/\/cdn.poizon.com\/pro-img\/origin-img\/2025061920\/cb321631937b1361f32114050780e334.jpg",
                "https:\/\/cdn.poizon.com\/pro-img\/origin-img\/20240801\/665c290ec9e9440eab5db97a21f41b9d.jpg",
                "https:\/\/cdn.poizon.com\/pro-img\/origin-img\/20240801\/ee9f3ed5c31441ad9f89e2c99804ab6e.jpg",
                "https:\/\/cdn.poizon.com\/pro-img\/origin-img\/20240801\/90a8caebd96044a898ff0a37238e57f7.jpg",
                "https:\/\/cdn.poizon.com\/stark\/stark-web\/72361999\/cc331be36320c40f89d8ab9d415e9ae5.png"
            ],
            "price": 1190,
            "purchasePrice": 1149,
            "count": 1,
            "available": true,
            "timeDelivery": {
                "min": 5,
                "max": 6
            },
            "vat": "NO_VAT",
            "currency": "RUR",
            "params": [
                {
                    "key": "Цвет",
                    "value": "Серебристо-голубой"
                },
                {
                    "key": "Размер",
                    "value": "44"
                }
            ],
            "vendor": "New Balance",
            "seriesName": ""
        },
        {
            "productId": 758965,
            "parentId": 758965,
            "url": "https:\/\/fast.dewu.com\/page\/productDetail?sourceName=sharedetail&spuId=14393998",
            "variantId": 714667112,
            "title": " New Balance NB 530 811 D",
            "description": "",
            "vendorCode": "MR530SG-14",
            "categoryId": 8713,
            "vendorId": 28,
            "images": [
                "https:\/\/cdn.poizon.com\/pro-img\/origin-img\/20250122\/a26bcf4821324769add9ace10c69b382.jpg",
                "https:\/\/cdn.poizon.com\/pro-img\/origin-img\/2025061920\/eecce6b21dfc33e7bd5d0a61f13ce4a5.jpg",
                "https:\/\/cdn.poizon.com\/pro-img\/origin-img\/2025061920\/cb321631937b1361f32114050780e334.jpg",
                "https:\/\/cdn.poizon.com\/pro-img\/origin-img\/20240801\/665c290ec9e9440eab5db97a21f41b9d.jpg",
                "https:\/\/cdn.poizon.com\/pro-img\/origin-img\/20240801\/ee9f3ed5c31441ad9f89e2c99804ab6e.jpg",
                "https:\/\/cdn.poizon.com\/pro-img\/origin-img\/20240801\/90a8caebd96044a898ff0a37238e57f7.jpg",
                "https:\/\/cdn.poizon.com\/stark\/stark-web\/72361999\/cc331be36320c40f89d8ab9d415e9ae5.png"
            ],
            "price": 1190,
            "purchasePrice": 1149,
            "count": 1,
            "available": true,
            "timeDelivery": {
                "min": 5,
                "max": 6
            },
            "vat": "NO_VAT",
            "currency": "RUR",
            "params": [
                {
                    "key": "Цвет",
                    "value": "Серебристо-голубой"
                },
                {
                    "key": "Размер",
                    "value": "44.5"
                }
            ],
            "vendor": "New Balance",
            "seriesName": ""
        },
        {
            "productId": 758965,
            "parentId": 758965,
            "url": "https:\/\/fast.dewu.com\/page\/productDetail?sourceName=sharedetail&spuId=14393998",
            "variantId": 714667113,
            "title": " New Balance NB 530 811 D",
            "description": "",
            "vendorCode": "MR530SG-15",
            "categoryId": 8713,
            "vendorId": 28,
            "images": [
                "https:\/\/cdn.poizon.com\/pro-img\/origin-img\/20250122\/a26bcf4821324769add9ace10c69b382.jpg",
                "https:\/\/cdn.poizon.com\/pro-img\/origin-img\/2025061920\/eecce6b21dfc33e7bd5d0a61f13ce4a5.jpg",
                "https:\/\/cdn.poizon.com\/pro-img\/origin-img\/2025061920\/cb321631937b1361f32114050780e334.jpg",
                "https:\/\/cdn.poizon.com\/pro-img\/origin-img\/20240801\/665c290ec9e9440eab5db97a21f41b9d.jpg",
                "https:\/\/cdn.poizon.com\/pro-img\/origin-img\/20240801\/ee9f3ed5c31441ad9f89e2c99804ab6e.jpg",
                "https:\/\/cdn.poizon.com\/pro-img\/origin-img\/20240801\/90a8caebd96044a898ff0a37238e57f7.jpg",
                "https:\/\/cdn.poizon.com\/stark\/stark-web\/72361999\/cc331be36320c40f89d8ab9d415e9ae5.png"
            ],
            "price": 1190,
            "purchasePrice": 1149,
            "count": 1,
            "available": true,
            "timeDelivery": {
                "min": 5,
                "max": 6
            },
            "vat": "NO_VAT",
            "currency": "RUR",
            "params": [
                {
                    "key": "Цвет",
                    "value": "Серебристо-голубой"
                },
                {
                    "key": "Размер",
                    "value": "45"
                }
            ],
            "vendor": "New Balance",
            "seriesName": ""
        }
    ]
}
[2025-11-08 18:43:09] 
[2025-11-08 18:43:09] [234/316] Импорт:  New Balance NB 530 (ID: 758966)
[2025-11-08 18:43:10] Батч-вставка размеров: 13 шт для product_id=277
[2025-11-08 18:43:10] Импортировано изображений вариантов: 91 для product_id=277
[2025-11-08 18:43:10]      Успешно импортирован
[2025-11-08 18:43:10] [235/316] Импорт: New Balance NB 2002R (ID: 759076)
[2025-11-08 18:43:10] Батч-вставка размеров: 21 шт для product_id=278
[2025-11-08 18:43:10] Импортировано изображений вариантов: 105 для product_id=278
[2025-11-08 18:43:10]      Успешно импортирован
[2025-11-08 18:43:10] [236/316] Импорт: New Balance NB 2002R (ID: 759077)
[2025-11-08 18:43:10] Батч-вставка размеров: 21 шт для product_id=279
[2025-11-08 18:43:10] Импортировано изображений вариантов: 84 для product_id=279
[2025-11-08 18:43:10]      Успешно импортирован
[2025-11-08 18:43:10] [237/316] Импорт: New Balance NB 2002R (ID: 759078)
[2025-11-08 18:43:10] Батч-вставка размеров: 20 шт для product_id=280
[2025-11-08 18:43:10] Импортировано изображений вариантов: 100 для product_id=280
[2025-11-08 18:43:10]      Успешно импортирован
[2025-11-08 18:43:10] [238/316] Импорт: New Balance NB 2002R (ID: 759079)
[2025-11-08 18:43:10] Батч-вставка размеров: 24 шт для product_id=281
[2025-11-08 18:43:10] Импортировано изображений вариантов: 96 для product_id=281
[2025-11-08 18:43:10]      Успешно импортирован
[2025-11-08 18:43:10] [239/316] Импорт: New Balance NB 2002R (ID: 759081)
[2025-11-08 18:43:10] Батч-вставка размеров: 21 шт для product_id=282
[2025-11-08 18:43:10] Импортировано изображений вариантов: 105 для product_id=282
[2025-11-08 18:43:10]      Успешно импортирован
[2025-11-08 18:43:10] [240/316] Импорт: New Balance NB 2002R (ID: 759082)
[2025-11-08 18:43:10] Батч-вставка размеров: 7 шт для product_id=283
[2025-11-08 18:43:10] Импортировано изображений вариантов: 21 для product_id=283
[2025-11-08 18:43:10]      Успешно импортирован
[2025-11-08 18:43:10] [241/316] Импорт: New Balance 1906 (ID: 759084)
[2025-11-08 18:43:10] Батч-вставка размеров: 8 шт для product_id=284
[2025-11-08 18:43:10] Импортировано изображений вариантов: 40 для product_id=284
[2025-11-08 18:43:10]      Успешно импортирован
[2025-11-08 18:43:10] [242/316] Импорт: New Balance NB 577 Red Black (ID: 759085)
[2025-11-08 18:43:10] Батч-вставка размеров: 21 шт для product_id=285
[2025-11-08 18:43:10] Импортировано изображений вариантов: 84 для product_id=285
[2025-11-08 18:43:10]      Успешно импортирован
[2025-11-08 18:43:10] [243/316] Импорт: New Balance NB 5740 (ID: 759086)
[2025-11-08 18:43:10] Батч-вставка размеров: 10 шт для product_id=286
[2025-11-08 18:43:10] Импортировано изображений вариантов: 20 для product_id=286
[2025-11-08 18:43:10]      Успешно импортирован
[2025-11-08 18:43:10] [244/316] Импорт: New Balance NB 9060 (ID: 759088)
[2025-11-08 18:43:10] Батч-вставка размеров: 21 шт для product_id=287
[2025-11-08 18:43:10] Импортировано изображений вариантов: 105 для product_id=287
[2025-11-08 18:43:10]      Успешно импортирован
[2025-11-08 18:43:10] [245/316] Импорт: New Balance NB 530 (ID: 759089)
[2025-11-08 18:43:10] Батч-вставка размеров: 17 шт для product_id=288
[2025-11-08 18:43:10] Импортировано изображений вариантов: 85 для product_id=288
[2025-11-08 18:43:10]      Успешно импортирован
[2025-11-08 18:43:10] [246/316] Импорт: New Balance NB 9060 (ID: 759091)
[2025-11-08 18:43:10] Батч-вставка размеров: 20 шт для product_id=289
[2025-11-08 18:43:10] Импортировано изображений вариантов: 40 для product_id=289
[2025-11-08 18:43:10]      Успешно импортирован
[2025-11-08 18:43:10] [247/316] Импорт: New Balance NB 997H (ID: 759092)
[2025-11-08 18:43:10] Батч-вставка размеров: 9 шт для product_id=290
[2025-11-08 18:43:10] Импортировано изображений вариантов: 45 для product_id=290
[2025-11-08 18:43:10]      Успешно импортирован
[2025-11-08 18:43:10] [248/316] Импорт: New Balance Minimus Trail 2E (ID: 759093)
[2025-11-08 18:43:10] Батч-вставка размеров: 9 шт для product_id=291
[2025-11-08 18:43:10] Импортировано изображений вариантов: 45 для product_id=291
[2025-11-08 18:43:10]      Успешно импортирован
[2025-11-08 18:43:10] [249/316] Импорт: New Balance NB 2002R (ID: 759094)
[2025-11-08 18:43:10] Батч-вставка размеров: 21 шт для product_id=292
[2025-11-08 18:43:10] Импортировано изображений вариантов: 63 для product_id=292
[2025-11-08 18:43:10]      Успешно импортирован
[2025-11-08 18:43:10] [250/316] Импорт: New Balance NB 2002R (ID: 759095)
[2025-11-08 18:43:10] Батч-вставка размеров: 15 шт для product_id=293
[2025-11-08 18:43:10] Импортировано изображений вариантов: 30 для product_id=293
[2025-11-08 18:43:10]      Успешно импортирован
[2025-11-08 18:43:10] [251/316] Импорт: New Balance NB 2002R (ID: 759096)
[2025-11-08 18:43:10] Батч-вставка размеров: 24 шт для product_id=294
[2025-11-08 18:43:10] Импортировано изображений вариантов: 144 для product_id=294
[2025-11-08 18:43:10]      Успешно импортирован
[2025-11-08 18:43:10] [252/316] Импорт: New Balance NB 2002R (ID: 759097)
[2025-11-08 18:43:10] Батч-вставка размеров: 8 шт для product_id=295
[2025-11-08 18:43:10] Импортировано изображений вариантов: 32 для product_id=295
[2025-11-08 18:43:10]      Успешно импортирован
[2025-11-08 18:43:10] [253/316] Импорт: New Balance NB 2002R (ID: 759098)
[2025-11-08 18:43:10] Батч-вставка размеров: 18 шт для product_id=296
[2025-11-08 18:43:10] Импортировано изображений вариантов: 72 для product_id=296
[2025-11-08 18:43:10]      Успешно импортирован
[2025-11-08 18:43:10] [254/316] Импорт: New Balance NB 2002R (ID: 759099)
[2025-11-08 18:43:10] Батч-вставка размеров: 26 шт для product_id=297
[2025-11-08 18:43:10] Импортировано изображений вариантов: 52 для product_id=297
[2025-11-08 18:43:10]      Успешно импортирован
[2025-11-08 18:43:10] [255/316] Импорт: New Balance NB 2002R (ID: 759100)
[2025-11-08 18:43:10] Батч-вставка размеров: 24 шт для product_id=298
[2025-11-08 18:43:11] Импортировано изображений вариантов: 120 для product_id=298
[2025-11-08 18:43:11]      Успешно импортирован
[2025-11-08 18:43:11] [256/316] Импорт: New Balance NB 2002R (ID: 759101)
[2025-11-08 18:43:11] Батч-вставка размеров: 23 шт для product_id=299
[2025-11-08 18:43:11] Импортировано изображений вариантов: 69 для product_id=299
[2025-11-08 18:43:11]      Успешно импортирован
[2025-11-08 18:43:11] [257/316] Импорт: New Balance NB 2002R (ID: 759102)
[2025-11-08 18:43:11] Батч-вставка размеров: 20 шт для product_id=300
[2025-11-08 18:43:11] Импортировано изображений вариантов: 100 для product_id=300
[2025-11-08 18:43:11]      Успешно импортирован
[2025-11-08 18:43:11] [258/316] Импорт: New Balance NB 2002R (ID: 759103)
[2025-11-08 18:43:11] Батч-вставка размеров: 24 шт для product_id=301
[2025-11-08 18:43:11] Импортировано изображений вариантов: 120 для product_id=301
[2025-11-08 18:43:11]      Успешно импортирован
[2025-11-08 18:43:11] [259/316] Импорт: New Balance NB 2002R RFA “Pastel Blue” (ID: 759104)
[2025-11-08 18:43:11] Батч-вставка размеров: 24 шт для product_id=302
[2025-11-08 18:43:11] Импортировано изображений вариантов: 96 для product_id=302
[2025-11-08 18:43:11]      Успешно импортирован
[2025-11-08 18:43:11] [260/316] Импорт: New Balance NB 2002R (ID: 759105)
[2025-11-08 18:43:11] Батч-вставка размеров: 24 шт для product_id=303
[2025-11-08 18:43:11] Импортировано изображений вариантов: 96 для product_id=303
[2025-11-08 18:43:11]      Успешно импортирован
[2025-11-08 18:43:11] [261/316] Импорт: New Balance NB 597 (ID: 759107)
[2025-11-08 18:43:11] Батч-вставка размеров: 20 шт для product_id=304
[2025-11-08 18:43:11] Импортировано изображений вариантов: 40 для product_id=304
[2025-11-08 18:43:11]      Успешно импортирован
[2025-11-08 18:43:11] [262/316] Импорт:  New Balance NB 1906R (ID: 759111)
[2025-11-08 18:43:11] Батч-вставка размеров: 13 шт для product_id=305
[2025-11-08 18:43:11] Импортировано изображений вариантов: 78 для product_id=305
[2025-11-08 18:43:11]      Успешно импортирован
[2025-11-08 18:43:11] [263/316] Импорт: New Balance NB 1906R (ID: 759113)
[2025-11-08 18:43:11] Батч-вставка размеров: 20 шт для product_id=306
[2025-11-08 18:43:11] Импортировано изображений вариантов: 100 для product_id=306
[2025-11-08 18:43:11]      Успешно импортирован
[2025-11-08 18:43:11] [264/316] Импорт: New Balance NB 1906R (ID: 759114)
[2025-11-08 18:43:11] Батч-вставка размеров: 20 шт для product_id=307
[2025-11-08 18:43:11] Импортировано изображений вариантов: 40 для product_id=307
[2025-11-08 18:43:11]      Успешно импортирован
[2025-11-08 18:43:11] [265/316] Импорт: New Balance NB 1906R (ID: 759115)
[2025-11-08 18:43:11] Батч-вставка размеров: 23 шт для product_id=308
[2025-11-08 18:43:11] Импортировано изображений вариантов: 46 для product_id=308
[2025-11-08 18:43:11]      Успешно импортирован
[2025-11-08 18:43:11] [266/316] Импорт: New Balance NB 1906R (ID: 759117)
[2025-11-08 18:43:11] Батч-вставка размеров: 23 шт для product_id=309
[2025-11-08 18:43:11] Импортировано изображений вариантов: 92 для product_id=309
[2025-11-08 18:43:11]      Успешно импортирован
[2025-11-08 18:43:11] [267/316] Импорт: New Balance 574 "Outdoor Pack" (ID: 759236)
[2025-11-08 18:43:11] Батч-вставка размеров: 7 шт для product_id=310
[2025-11-08 18:43:11] Импортировано изображений вариантов: 28 для product_id=310
[2025-11-08 18:43:11]      Успешно импортирован
[2025-11-08 18:43:11] [268/316] Импорт: New Balance 574 (ID: 759237)
[2025-11-08 18:43:11] Батч-вставка размеров: 27 шт для product_id=311
[2025-11-08 18:43:11] Импортировано изображений вариантов: 108 для product_id=311
[2025-11-08 18:43:11]      Успешно импортирован
[2025-11-08 18:43:11] [269/316] Импорт: New Balance NB 574 (ID: 759238)
[2025-11-08 18:43:11] Батч-вставка размеров: 19 шт для product_id=312
[2025-11-08 18:43:11] Импортировано изображений вариантов: 95 для product_id=312
[2025-11-08 18:43:11]      Успешно импортирован
[2025-11-08 18:43:11] [270/316] Импорт: New Balance NB 574+ (ID: 759239)
[2025-11-08 18:43:11] Батч-вставка размеров: 13 шт для product_id=313
[2025-11-08 18:43:11] Импортировано изображений вариантов: 65 для product_id=313
[2025-11-08 18:43:11]      Успешно импортирован
[2025-11-08 18:43:11] [271/316] Импорт: New Balance 574 Fresh Foam Leather (ID: 759240)
[2025-11-08 18:43:11] Батч-вставка размеров: 8 шт для product_id=314
[2025-11-08 18:43:11] Импортировано изображений вариантов: 32 для product_id=314
[2025-11-08 18:43:11]      Успешно импортирован
[2025-11-08 18:43:11] [272/316] Импорт: New Balance NB 574 (ID: 759242)
[2025-11-08 18:43:11] Батч-вставка размеров: 20 шт для product_id=315
[2025-11-08 18:43:11] Импортировано изображений вариантов: 100 для product_id=315
[2025-11-08 18:43:11]      Успешно импортирован
[2025-11-08 18:43:11] [273/316] Импорт: New Balance NB 574 (ID: 759243)
[2025-11-08 18:43:11] Батч-вставка размеров: 21 шт для product_id=316
[2025-11-08 18:43:11] Импортировано изображений вариантов: 189 для product_id=316
[2025-11-08 18:43:11]      Успешно импортирован
[2025-11-08 18:43:11] [274/316] Импорт: New Balance NB 574 (ID: 759244)
[2025-11-08 18:43:11] Батч-вставка размеров: 21 шт для product_id=317
[2025-11-08 18:43:12] Импортировано изображений вариантов: 126 для product_id=317
[2025-11-08 18:43:12]      Успешно импортирован
[2025-11-08 18:43:12] [275/316] Импорт: New Balance NB 574 (ID: 759245)
[2025-11-08 18:43:12] Батч-вставка размеров: 20 шт для product_id=318
[2025-11-08 18:43:12] Импортировано изображений вариантов: 100 для product_id=318
[2025-11-08 18:43:12]      Успешно импортирован
[2025-11-08 18:43:12] [276/316] Импорт: New Balance NB 574 (ID: 759246)
[2025-11-08 18:43:12] Батч-вставка размеров: 14 шт для product_id=319
[2025-11-08 18:43:12] Импортировано изображений вариантов: 84 для product_id=319
[2025-11-08 18:43:12]      Успешно импортирован
[2025-11-08 18:43:12] [277/316] Импорт: New Balance NB 574 (ID: 759248)
[2025-11-08 18:43:12] Батч-вставка размеров: 18 шт для product_id=320
[2025-11-08 18:43:12] Импортировано изображений вариантов: 54 для product_id=320
[2025-11-08 18:43:12]      Успешно импортирован
[2025-11-08 18:43:12] [278/316] Импорт: New Balance NB 574 (ID: 759250)
[2025-11-08 18:43:12] Батч-вставка размеров: 20 шт для product_id=321
[2025-11-08 18:43:12] Импортировано изображений вариантов: 120 для product_id=321
[2025-11-08 18:43:12]      Успешно импортирован
[2025-11-08 18:43:12] [279/316] Импорт: New Balance NB 574 (ID: 759251)
[2025-11-08 18:43:12] Батч-вставка размеров: 8 шт для product_id=322
[2025-11-08 18:43:12] Импортировано изображений вариантов: 40 для product_id=322
[2025-11-08 18:43:12]      Успешно импортирован
[2025-11-08 18:43:12] [280/316] Импорт: New Balance 574 (ID: 759253)
[2025-11-08 18:43:12] Батч-вставка размеров: 9 шт для product_id=323
[2025-11-08 18:43:12] Импортировано изображений вариантов: 45 для product_id=323
[2025-11-08 18:43:12]      Успешно импортирован
[2025-11-08 18:43:12] [281/316] Импорт: New Balance NB 550 “Foot Locker 50 ” (ID: 759254)
[2025-11-08 18:43:12] Батч-вставка размеров: 11 шт для product_id=324
[2025-11-08 18:43:12] Импортировано изображений вариантов: 55 для product_id=324
[2025-11-08 18:43:12]      Успешно импортирован
[2025-11-08 18:43:12] [282/316] Импорт: New Balance NB 1906R (ID: 759350)
[2025-11-08 18:43:12] Батч-вставка размеров: 24 шт для product_id=325
[2025-11-08 18:43:12] Импортировано изображений вариантов: 120 для product_id=325
[2025-11-08 18:43:12]      Успешно импортирован
[2025-11-08 18:43:12] [283/316] Импорт: New Balance NB 1906R (ID: 759351)
[2025-11-08 18:43:12] Батч-вставка размеров: 18 шт для product_id=326
[2025-11-08 18:43:12] Импортировано изображений вариантов: 90 для product_id=326
[2025-11-08 18:43:12]      Успешно импортирован
[2025-11-08 18:43:12] [284/316] Импорт: New Balance NB 1906R (ID: 759352)
[2025-11-08 18:43:12] Батч-вставка размеров: 23 шт для product_id=327
[2025-11-08 18:43:12] Импортировано изображений вариантов: 138 для product_id=327
[2025-11-08 18:43:12]      Успешно импортирован
[2025-11-08 18:43:12] [285/316] Импорт: New Balance NB 1906R (ID: 759353)
[2025-11-08 18:43:12] Батч-вставка размеров: 22 шт для product_id=328
[2025-11-08 18:43:12] Импортировано изображений вариантов: 44 для product_id=328
[2025-11-08 18:43:12]      Успешно импортирован
[2025-11-08 18:43:12] [286/316] Импорт: New Balance NB 1906R (ID: 759354)
[2025-11-08 18:43:12] Батч-вставка размеров: 20 шт для product_id=329
[2025-11-08 18:43:12] Импортировано изображений вариантов: 100 для product_id=329
[2025-11-08 18:43:12]      Успешно импортирован
[2025-11-08 18:43:12] [287/316] Импорт: New Balance NB 1906R (ID: 759355)
[2025-11-08 18:43:12] Батч-вставка размеров: 5 шт для product_id=330
[2025-11-08 18:43:12] Импортировано изображений вариантов: 30 для product_id=330
[2025-11-08 18:43:12]      Успешно импортирован
[2025-11-08 18:43:12] [288/316] Импорт: Tyrese Maxey x New Balance NB 1906R (ID: 759356)
[2025-11-08 18:43:12] Батч-вставка размеров: 20 шт для product_id=331
[2025-11-08 18:43:12] Импортировано изображений вариантов: 120 для product_id=331
[2025-11-08 18:43:12]      Успешно импортирован
[2025-11-08 18:43:12] [289/316] Импорт: New Balance NB 1906R (ID: 759357)
[2025-11-08 18:43:12] Батч-вставка размеров: 18 шт для product_id=332
[2025-11-08 18:43:12] Импортировано изображений вариантов: 108 для product_id=332
[2025-11-08 18:43:12]      Успешно импортирован
[2025-11-08 18:43:12] [290/316] Импорт: New Balance NB 1906R (ID: 759358)
[2025-11-08 18:43:12] Батч-вставка размеров: 22 шт для product_id=333
[2025-11-08 18:43:12] Импортировано изображений вариантов: 66 для product_id=333
[2025-11-08 18:43:12]      Успешно импортирован
[2025-11-08 18:43:12] [291/316] Импорт: New Balance NB 1906R (ID: 759359)
[2025-11-08 18:43:12] Батч-вставка размеров: 24 шт для product_id=334
[2025-11-08 18:43:12] Импортировано изображений вариантов: 72 для product_id=334
[2025-11-08 18:43:12]      Успешно импортирован
[2025-11-08 18:43:12] [292/316] Импорт: New Balance NB 9060 (ID: 759360)
[2025-11-08 18:43:12] Батч-вставка размеров: 24 шт для product_id=335
[2025-11-08 18:43:12] Импортировано изображений вариантов: 96 для product_id=335
[2025-11-08 18:43:12]      Успешно импортирован
[2025-11-08 18:43:12] [293/316] Импорт: New Balance NB 9060 (ID: 759361)
[2025-11-08 18:43:13]      Успешно импортирован
[2025-11-08 18:43:13] [294/316] Импорт: New Balance NB 9060 (ID: 759363)
[2025-11-08 18:43:13] Батч-вставка размеров: 16 шт для product_id=337
[2025-11-08 18:43:13] Импортировано изображений вариантов: 64 для product_id=337
[2025-11-08 18:43:13]      Успешно импортирован
[2025-11-08 18:43:13] [295/316] Импорт: New Balance NB 9060 (ID: 759364)
[2025-11-08 18:43:13] Батч-вставка размеров: 23 шт для product_id=338
[2025-11-08 18:43:13] Импортировано изображений вариантов: 69 для product_id=338
[2025-11-08 18:43:13]      Успешно импортирован
[2025-11-08 18:43:13] [296/316] Импорт: New Balance NB 9060 (ID: 759365)
[2025-11-08 18:43:13] Батч-вставка размеров: 24 шт для product_id=339
[2025-11-08 18:43:13] Импортировано изображений вариантов: 96 для product_id=339
[2025-11-08 18:43:13]      Успешно импортирован
[2025-11-08 18:43:13] [297/316] Импорт: New Balance NB 574 "Picnic Pack" (ID: 759427)
[2025-11-08 18:43:13] Батч-вставка размеров: 9 шт для product_id=340
[2025-11-08 18:43:13] Импортировано изображений вариантов: 36 для product_id=340
[2025-11-08 18:43:13]      Успешно импортирован
[2025-11-08 18:43:13] [298/316] Импорт: New Balance NB 840 (ID: 759439)
[2025-11-08 18:43:13] Батч-вставка размеров: 7 шт для product_id=341
[2025-11-08 18:43:13] Импортировано изображений вариантов: 28 для product_id=341
[2025-11-08 18:43:13]      Успешно импортирован
[2025-11-08 18:43:13] [299/316] Импорт: Kim Dohee x New Balance NB 509 (ID: 759466)
[2025-11-08 18:43:13] Батч-вставка размеров: 18 шт для product_id=342
[2025-11-08 18:43:13] Импортировано изображений вариантов: 90 для product_id=342
[2025-11-08 18:43:13]      Успешно импортирован
[2025-11-08 18:43:13] [300/316] Импорт: New Balance NB 1300 JP 2025 (ID: 759485)
[2025-11-08 18:43:13] Батч-вставка размеров: 18 шт для product_id=343
[2025-11-08 18:43:13] Импортировано изображений вариантов: 90 для product_id=343
[2025-11-08 18:43:13]      Успешно импортирован
[2025-11-08 18:43:13] [301/316] Импорт: New Balance NB 996 (ID: 759578)
[2025-11-08 18:43:13] Батч-вставка размеров: 20 шт для product_id=344
[2025-11-08 18:43:13] Импортировано изображений вариантов: 120 для product_id=344
[2025-11-08 18:43:13]      Успешно импортирован
[2025-11-08 18:43:13] [302/316] Импорт: New Balance NB OMN1S Return Of The Fun Guy (ID: 759590)
[2025-11-08 18:43:13] Батч-вставка размеров: 13 шт для product_id=345
[2025-11-08 18:43:13] Импортировано изображений вариантов: 52 для product_id=345
[2025-11-08 18:43:13]      Успешно импортирован
[2025-11-08 18:43:13] [303/316] Импорт: New Balance NB 996 Logo (ID: 759649)
[2025-11-08 18:43:13] Батч-вставка размеров: 11 шт для product_id=346
[2025-11-08 18:43:13] Импортировано изображений вариантов: 44 для product_id=346
[2025-11-08 18:43:13]      Успешно импортирован
[2025-11-08 18:43:13] [304/316] Импорт: New Balance NB 480 (ID: 759666)
[2025-11-08 18:43:13] Батч-вставка размеров: 17 шт для product_id=347
[2025-11-08 18:43:13] Импортировано изображений вариантов: 68 для product_id=347
[2025-11-08 18:43:13]      Успешно импортирован
[2025-11-08 18:43:13] [305/316] Импорт: New Balance NB 730 (ID: 759670)
[2025-11-08 18:43:13] Батч-вставка размеров: 20 шт для product_id=348
[2025-11-08 18:43:13] Импортировано изображений вариантов: 120 для product_id=348
[2025-11-08 18:43:13]      Успешно импортирован
[2025-11-08 18:43:13] [306/316] Импорт: New Balance NB 576 "Reptile" (ID: 759697)
[2025-11-08 18:43:13] Батч-вставка размеров: 13 шт для product_id=349
[2025-11-08 18:43:13] Импортировано изображений вариантов: 65 для product_id=349
[2025-11-08 18:43:13]      Успешно импортирован
[2025-11-08 18:43:13] [307/316] Импорт: New Balance NB 515 v3 (ID: 759700)
[2025-11-08 18:43:13] Батч-вставка размеров: 9 шт для product_id=350
[2025-11-08 18:43:13] Импортировано изображений вариантов: 36 для product_id=350
[2025-11-08 18:43:13]      Успешно импортирован
[2025-11-08 18:43:13] [308/316] Импорт:  niko and ... x New Balance NB 725 (ID: 759717)
[2025-11-08 18:43:13] Батч-вставка размеров: 14 шт для product_id=351
[2025-11-08 18:43:13] Импортировано изображений вариантов: 126 для product_id=351
[2025-11-08 18:43:13]      Успешно импортирован
[2025-11-08 18:43:13] [309/316] Импорт: New Balance NB 5740 (ID: 759732)
[2025-11-08 18:43:13] Батч-вставка размеров: 12 шт для product_id=352
[2025-11-08 18:43:13] Импортировано изображений вариантов: 48 для product_id=352
[2025-11-08 18:43:13]      Успешно импортирован
[2025-11-08 18:43:13] [310/316] Импорт: New Balance Sigma Aria (ID: 759736)
[2025-11-08 18:43:13] Батч-вставка размеров: 10 шт для product_id=353
[2025-11-08 18:43:13] Импортировано изображений вариантов: 40 для product_id=353
[2025-11-08 18:43:13]      Успешно импортирован
[2025-11-08 18:43:13] [311/316] Импорт: Andrew Reynolds x New Balance NB Numeric 933 (ID: 759747)
[2025-11-08 18:43:13] Батч-вставка размеров: 23 шт для product_id=354
[2025-11-08 18:43:13] Импортировано изображений вариантов: 138 для product_id=354
[2025-11-08 18:43:13]      Успешно импортирован
[2025-11-08 18:43:13] [312/316] Импорт: New Balance NB 840 (ID: 759791)
[2025-11-08 18:43:13] Батч-вставка размеров: 13 шт для product_id=355
[2025-11-08 18:43:13] Импортировано изображений вариантов: 78 для product_id=355
[2025-11-08 18:43:13]      Успешно импортирован
[2025-11-08 18:43:13] [313/316] Импорт: District Vision x New Balance MT10 Cloud (ID: 759829)
[2025-11-08 18:43:13] Батч-вставка размеров: 24 шт для product_id=356
[2025-11-08 18:43:13] Импортировано изображений вариантов: 144 для product_id=356
[2025-11-08 18:43:13]      Успешно импортирован
[2025-11-08 18:43:13] [314/316] Импорт: New Balance NB 247 Breathe (ID: 759850)
[2025-11-08 18:43:13] Батч-вставка размеров: 18 шт для product_id=357
[2025-11-08 18:43:13] Импортировано изображений вариантов: 72 для product_id=357
[2025-11-08 18:43:13]      Успешно импортирован
[2025-11-08 18:43:13] [315/316] Импорт: New Balance NB 373 (ID: 809603)
[2025-11-08 18:43:13] Батч-вставка размеров: 13 шт для product_id=358
[2025-11-08 18:43:13] Импортировано изображений вариантов: 65 для product_id=358
[2025-11-08 18:43:13]      Успешно импортирован
[2025-11-08 18:43:13] [316/316] Импорт: New Balance NB 707 (ID: 809604)
[2025-11-08 18:43:13] Батч-вставка размеров: 9 шт для product_id=359
[2025-11-08 18:43:13] Импортировано изображений вариантов: 45 для product_id=359
[2025-11-08 18:43:13]      Успешно импортирован
[2025-11-08 18:43:13] 
🎉 Импорт завершен!
[2025-11-08 18:43:13] Лог сохранен: /Users/user/CascadeProjects/splitwise/runtime/logs/poizon-import-2025-11-08_18-42-14.log
