╔══════════════════════════════════════════════════════╗
║  🚀 ИМПОРТ ТОВАРОВ ИЗ POIZON JSON                  ║
╚══════════════════════════════════════════════════════╝

💾 Лог сохраняется в: /Users/user/CascadeProjects/splitwise/runtime/logs/poizon-import-2025-11-08_18-42-14.log


╔══════════════════════════════════════════════════════╗
║  🚀 ИМПОРТ ТОВАРОВ ИЗ POIZON JSON                  ║
╚══════════════════════════════════════════════════════╝

📡 Загружаю JSON из: https://storage.yandexcloud.net/poizon-exports/site/ff614c7e-25d9-4990-b3ce-5c309c04f859/3f85114c-627a-4f0b-b4c7-a01e3f4b7b75/Export.json
📡 Загружаю JSON из: https://storage.yandexcloud.net/poizon-exports/site/ff614c7e-25d9-4990-b3ce-5c309c04f859/3f85114c-627a-4f0b-b4c7-a01e3f4b7b75/Export.json
   Проверяю доступность...
   Тип: URL
Проверка URL: https://storage.yandexcloud.net/poizon-exports/site/ff614c7e-25d9-4990-b3ce-5c309c04f859/3f85114c-627a-4f0b-b4c7-a01e3f4b7b75/Export.json
   ✅ URL доступен
URL доступен: HTTP/1.1 200 OK
✅ JSON загружен (5.32 MB)
JSON загружен. Размер: 5582569 bytes
   Парсинг JSON...
✅ JSON успешно распарсен
JSON распарсен успешно
   Проверяю структуру JSON...
   📂 Категорий в JSON: 3
   🏷️  Брендов в JSON: 1
   📦 Товаров в JSON: 316
Структура JSON: categories=3, brands=1, products=316

📂 Импортирую категории...
Начинаю импорт категорий
✅ Категорий создано: 0

Категории импортированы: 0
🏷️  Импортирую бренды...
Начинаю импорт брендов
✅ Брендов создано: 0

Бренды импортированы: 0
📦 Импортирую товары... (всего: 316)
Начинаю импорт товаров. Всего: 316
⚡ Загружаю кэш брендов и категорий...
Кэш инициализирован: brands=8, categories=5
   ✅ Загружено брендов: 8, категорий: 5
   Режим: VERBOSE (детальный вывод)

  🔄 [1/316] Импортирую: New Balance XC-72 (ID: 701351)...
[1/316] Импорт: New Balance XC-72 (ID: 701351)
Батч-вставка размеров: 15 шт для product_id=51
Импортировано изображений вариантов: 75 для product_id=51
     ✅ Успешно (создано вариантов: 15)
     Успешно импортирован
  🔄 [2/316] Импортирую: New Balance NB 480 (ID: 701352)...
[2/316] Импорт: New Balance NB 480 (ID: 701352)
Батч-вставка размеров: 34 шт для product_id=52
Импортировано изображений вариантов: 408 для product_id=52
     ✅ Успешно (создано вариантов: 49)
     Успешно импортирован
  🔄 [3/316] Импортирую: New Balance NB FCFL (ID: 701355)...
[3/316] Импорт: New Balance NB FCFL (ID: 701355)
Батч-вставка размеров: 14 шт для product_id=53
Импортировано изображений вариантов: 70 для product_id=53
     ✅ Успешно (создано вариантов: 63)
     Успешно импортирован
  🔄 [4/316] Импортирую: New Balance XC-72 (ID: 701358)...
[4/316] Импорт: New Balance XC-72 (ID: 701358)
Батч-вставка размеров: 17 шт для product_id=54
Импортировано изображений вариантов: 170 для product_id=54
     ✅ Успешно (создано вариантов: 80)
     Успешно импортирован
  🔄 [5/316] Импортирую: New Balance NB 5740 (ID: 701359)...
[5/316] Импорт: New Balance NB 5740 (ID: 701359)
Батч-вставка размеров: 15 шт для product_id=55
Импортировано изображений вариантов: 90 для product_id=55
     ✅ Успешно (создано вариантов: 95)
     Успешно импортирован
  🔄 [6/316] Импортирую: New Balance NB 574 (ID: 701360)...
[6/316] Импорт: New Balance NB 574 (ID: 701360)
Батч-вставка размеров: 9 шт для product_id=56
Импортировано изображений вариантов: 36 для product_id=56
     ✅ Успешно (создано вариантов: 104)
     Успешно импортирован
  🔄 [7/316] Импортирую: New Balance NB 580 (ID: 701361)...
[7/316] Импорт: New Balance NB 580 (ID: 701361)
Батч-вставка размеров: 17 шт для product_id=57
Импортировано изображений вариантов: 170 для product_id=57
     ✅ Успешно (создано вариантов: 121)
     Успешно импортирован
  🔄 [8/316] Импортирую: New Balance DynaSoft Nitrel V5 (ID: 701362)...
[8/316] Импорт: New Balance DynaSoft Nitrel V5 (ID: 701362)
Батч-вставка размеров: 30 шт для product_id=58
Импортировано изображений вариантов: 150 для product_id=58
     ✅ Успешно (создано вариантов: 151)
     Успешно импортирован
  🔄 [9/316] Импортирую: New Balance Rebel V3 (ID: 701363)...
[9/316] Импорт: New Balance Rebel V3 (ID: 701363)
Батч-вставка размеров: 26 шт для product_id=59
Импортировано изображений вариантов: 156 для product_id=59
     ✅ Успешно (создано вариантов: 177)
     Успешно импортирован
  🔄 [10/316] Импортирую: New Balance NB 580 (ID: 701364)...
[10/316] Импорт: New Balance NB 580 (ID: 701364)
Батч-вставка размеров: 14 шт для product_id=60
Импортировано изображений вариантов: 84 для product_id=60
     ✅ Успешно (создано вариантов: 191)
     Успешно импортирован
  🔄 [11/316] Импортирую: New Balance NB OMN1S (ID: 701365)...
[11/316] Импорт: New Balance NB OMN1S (ID: 701365)
Батч-вставка размеров: 9 шт для product_id=61
Импортировано изображений вариантов: 45 для product_id=61
     ✅ Успешно (создано вариантов: 200)
     Успешно импортирован
  🔄 [12/316] Импортирую: New Balance Kawhi 1 1 (ID: 701382)...
[12/316] Импорт: New Balance Kawhi 1 1 (ID: 701382)
Батч-вставка размеров: 11 шт для product_id=62
Импортировано изображений вариантов: 44 для product_id=62
     ✅ Успешно (создано вариантов: 211)
     Успешно импортирован
  🔄 [13/316] Импортирую: Thisisneverthat x New Balance NB 827 (ID: 701385)...
[13/316] Импорт: Thisisneverthat x New Balance NB 827 (ID: 701385)
Батч-вставка размеров: 17 шт для product_id=63
Импортировано изображений вариантов: 102 для product_id=63
     ✅ Успешно (создано вариантов: 228)
     Успешно импортирован
  🔄 [14/316] Импортирую: New Balance NB 828 (ID: 701389)...
[14/316] Импорт: New Balance NB 828 (ID: 701389)
Батч-вставка размеров: 16 шт для product_id=64
Импортировано изображений вариантов: 96 для product_id=64
     ✅ Успешно (создано вариантов: 244)
     Успешно импортирован
  🔄 [15/316] Импортирую: AIME LEON DORE x New Balance NB 650 (ID: 701390)...
[15/316] Импорт: AIME LEON DORE x New Balance NB 650 (ID: 701390)
Батч-вставка размеров: 18 шт для product_id=65
Импортировано изображений вариантов: 126 для product_id=65
     ✅ Успешно (создано вариантов: 262)
     Успешно импортирован
  🔄 [16/316] Импортирую: New Balance NB 320 (ID: 701391)...
[16/316] Импорт: New Balance NB 320 (ID: 701391)
Батч-вставка размеров: 19 шт для product_id=66
Импортировано изображений вариантов: 95 для product_id=66
     ✅ Успешно (создано вариантов: 281)
     Успешно импортирован
  🔄 [17/316] Импортирую: New Balance Rebel V3 (ID: 701392)...
[17/316] Импорт: New Balance Rebel V3 (ID: 701392)
Батч-вставка размеров: 17 шт для product_id=67
Импортировано изображений вариантов: 170 для product_id=67
     ✅ Успешно (создано вариантов: 298)
     Успешно импортирован
  🔄 [18/316] Импортирую: New Balance NB 5740 (ID: 701393)...
[18/316] Импорт: New Balance NB 5740 (ID: 701393)
Батч-вставка размеров: 17 шт для product_id=68
Импортировано изображений вариантов: 119 для product_id=68
     ✅ Успешно (создано вариантов: 315)
     Успешно импортирован
  🔄 [19/316] Импортирую: New Balance NB 300 v3 (ID: 701394)...
[19/316] Импорт: New Balance NB 300 v3 (ID: 701394)
Батч-вставка размеров: 18 шт для product_id=69
Импортировано изображений вариантов: 90 для product_id=69
     ✅ Успешно (создано вариантов: 333)
     Успешно импортирован
  🔄 [20/316] Импортирую: New Balance NB Numeric Tiago Lemos 808 (ID: 701395)...
[20/316] Импорт: New Balance NB Numeric Tiago Lemos 808 (ID: 701395)
Батч-вставка размеров: 20 шт для product_id=70
Импортировано изображений вариантов: 220 для product_id=70
     ✅ Успешно (создано вариантов: 353)
     Успешно импортирован
  🔄 [21/316] Импортирую: New Balance NB 300 (ID: 701397)...
[21/316] Импорт: New Balance NB 300 (ID: 701397)
Батч-вставка размеров: 13 шт для product_id=71
Импортировано изображений вариантов: 65 для product_id=71
     ✅ Успешно (создано вариантов: 366)
     Успешно импортирован
  🔄 [22/316] Импортирую: New Balance NB 996 (ID: 701398)...
[22/316] Импорт: New Balance NB 996 (ID: 701398)
Батч-вставка размеров: 8 шт для product_id=72
Импортировано изображений вариантов: 32 для product_id=72
     ✅ Успешно (создано вариантов: 374)
     Успешно импортирован
  🔄 [23/316] Импортирую: New Balance NB 580 (ID: 701399)...
[23/316] Импорт: New Balance NB 580 (ID: 701399)
Батч-вставка размеров: 11 шт для product_id=73
Импортировано изображений вариантов: 55 для product_id=73
     ✅ Успешно (создано вариантов: 385)
     Успешно импортирован
  🔄 [24/316] Импортирую: Aimé Leon Dore x New Balance NB 650 (ID: 701402)...
[24/316] Импорт: Aimé Leon Dore x New Balance NB 650 (ID: 701402)
Батч-вставка размеров: 19 шт для product_id=74
Импортировано изображений вариантов: 133 для product_id=74
     ✅ Успешно (создано вариантов: 404)
     Успешно импортирован
  🔄 [25/316] Импортирую: New Balance NB Pro Court (ID: 701403)...
[25/316] Импорт: New Balance NB Pro Court (ID: 701403)
Батч-вставка размеров: 14 шт для product_id=75
Импортировано изображений вариантов: 70 для product_id=75
     ✅ Успешно (создано вариантов: 418)
     Успешно импортирован
  🔄 [26/316] Импортирую: New Balance NB 5740 (ID: 701404)...
[26/316] Импорт: New Balance NB 5740 (ID: 701404)
Батч-вставка размеров: 20 шт для product_id=76
Импортировано изображений вариантов: 120 для product_id=76
     ✅ Успешно (создано вариантов: 438)
     Успешно импортирован
  🔄 [27/316] Импортирую: New Balance NB 580 (ID: 701405)...
[27/316] Импорт: New Balance NB 580 (ID: 701405)
Батч-вставка размеров: 15 шт для product_id=77
Импортировано изображений вариантов: 60 для product_id=77
     ✅ Успешно (создано вариантов: 453)
     Успешно импортирован
  🔄 [28/316] Импортирую: New Balance Numeric Tiago Lemos 808 (ID: 701406)...
[28/316] Импорт: New Balance Numeric Tiago Lemos 808 (ID: 701406)
Батч-вставка размеров: 18 шт для product_id=78
Импортировано изображений вариантов: 198 для product_id=78
     ✅ Успешно (создано вариантов: 471)
     Успешно импортирован
  🔄 [29/316] Импортирую: New Balance NB 237 (ID: 701410)...
[29/316] Импорт: New Balance NB 237 (ID: 701410)
Батч-вставка размеров: 9 шт для product_id=79
Импортировано изображений вариантов: 36 для product_id=79
     ✅ Успешно (создано вариантов: 480)
     Успешно импортирован
  🔄 [30/316] Импортирую: New Balance NB 580 (ID: 701411)...
[30/316] Импорт: New Balance NB 580 (ID: 701411)
Батч-вставка размеров: 14 шт для product_id=80
Импортировано изображений вариантов: 70 для product_id=80
     ✅ Успешно (создано вариантов: 494)
     Успешно импортирован
  🔄 [31/316] Импортирую: New Balance NB 574 (ID: 701412)...
[31/316] Импорт: New Balance NB 574 (ID: 701412)
Батч-вставка размеров: 14 шт для product_id=81
Импортировано изображений вариантов: 70 для product_id=81
     ✅ Успешно (создано вариантов: 508)
     Успешно импортирован
  🔄 [32/316] Импортирую: Randomevent x New Balance NB 580 “REBIRTH ” (ID: 701415)...
[32/316] Импорт: Randomevent x New Balance NB 580 “REBIRTH ” (ID: 701415)
Батч-вставка размеров: 17 шт для product_id=82
Импортировано изображений вариантов: 68 для product_id=82
     ✅ Успешно (создано вариантов: 525)
     Успешно импортирован
  🔄 [33/316] Импортирую: New Balance NB 300 (ID: 701416)...
[33/316] Импорт: New Balance NB 300 (ID: 701416)
Батч-вставка размеров: 15 шт для product_id=83
Импортировано изображений вариантов: 60 для product_id=83
     ✅ Успешно (создано вариантов: 540)
     Успешно импортирован
  🔄 [34/316] Импортирую: New Balance NB Fresh Foam Hierro (ID: 701417)...
[34/316] Импорт: New Balance NB Fresh Foam Hierro (ID: 701417)
Батч-вставка размеров: 10 шт для product_id=84
Импортировано изображений вариантов: 40 для product_id=84
     ✅ Успешно (создано вариантов: 550)
     Успешно импортирован
  🔄 [35/316] Импортирую: New Balance Kawhi 1 "The Kawhi" 4 Bounces (ID: 701418)...
[35/316] Импорт: New Balance Kawhi 1 "The Kawhi" 4 Bounces (ID: 701418)
Батч-вставка размеров: 13 шт для product_id=85
Импортировано изображений вариантов: 65 для product_id=85
     ✅ Успешно (создано вариантов: 563)
     Успешно импортирован
  🔄 [36/316] Импортирую: New Balance NB OMN1S (ID: 701420)...
[36/316] Импорт: New Balance NB OMN1S (ID: 701420)
Батч-вставка размеров: 10 шт для product_id=86
Импортировано изображений вариантов: 50 для product_id=86
     ✅ Успешно (создано вариантов: 573)
     Успешно импортирован
  🔄 [37/316] Импортирую: New Balance NB FuelCore Coast (ID: 701421)...
[37/316] Импорт: New Balance NB FuelCore Coast (ID: 701421)
Батч-вставка размеров: 8 шт для product_id=87
Импортировано изображений вариантов: 40 для product_id=87
     ✅ Успешно (создано вариантов: 581)
     Успешно импортирован
  🔄 [38/316] Импортирую: New Balance NB 45X (ID: 701422)...
[38/316] Импорт: New Balance NB 45X (ID: 701422)
Батч-вставка размеров: 14 шт для product_id=88
Импортировано изображений вариантов: 70 для product_id=88
     ✅ Успешно (создано вариантов: 595)
     Успешно импортирован
  🔄 [39/316] Импортирую: New Balance NB 2WXY 1 Low (ID: 701423)...
[39/316] Импорт: New Balance NB 2WXY 1 Low (ID: 701423)
Батч-вставка размеров: 10 шт для product_id=89
Импортировано изображений вариантов: 60 для product_id=89
     ✅ Успешно (создано вариантов: 605)
     Успешно импортирован
  🔄 [40/316] Импортирую: New Balance NB 498 (ID: 701424)...
[40/316] Импорт: New Balance NB 498 (ID: 701424)
Батч-вставка размеров: 9 шт для product_id=90
Импортировано изображений вариантов: 45 для product_id=90
     ✅ Успешно (создано вариантов: 614)
     Успешно импортирован
  🔄 [41/316] Импортирую: New Balance NB 2WXY 1 Low (ID: 701425)...
[41/316] Импорт: New Balance NB 2WXY 1 Low (ID: 701425)
Батч-вставка размеров: 10 шт для product_id=91
Импортировано изображений вариантов: 50 для product_id=91
     ✅ Успешно (создано вариантов: 624)
     Успешно импортирован
  🔄 [42/316] Импортирую: Noritake x New Balance NB FCFL (ID: 701426)...
[42/316] Импорт: Noritake x New Balance NB FCFL (ID: 701426)
Батч-вставка размеров: 8 шт для product_id=92
Импортировано изображений вариантов: 32 для product_id=92
     ✅ Успешно (создано вариантов: 632)
     Успешно импортирован
  🔄 [43/316] Импортирую: New Balance NB 480 (ID: 701428)...
[43/316] Импорт: New Balance NB 480 (ID: 701428)
Батч-вставка размеров: 18 шт для product_id=93
Импортировано изображений вариантов: 90 для product_id=93
     ✅ Успешно (создано вариантов: 650)
     Успешно импортирован
  🔄 [44/316] Импортирую: New Balance NB Comp 100 (ID: 701430)...
[44/316] Импорт: New Balance NB Comp 100 (ID: 701430)
Батч-вставка размеров: 8 шт для product_id=94
Импортировано изображений вариантов: 40 для product_id=94
     ✅ Успешно (создано вариантов: 658)
     Успешно импортирован
  🔄 [45/316] Импортирую: New Balance NB 565 D (ID: 701431)...
[45/316] Импорт: New Balance NB 565 D (ID: 701431)
Батч-вставка размеров: 17 шт для product_id=95
Импортировано изображений вариантов: 85 для product_id=95
     ✅ Успешно (создано вариантов: 675)
     Успешно импортирован
  🔄 [46/316] Импортирую: New Balance NB 520 (ID: 701435)...
[46/316] Импорт: New Balance NB 520 (ID: 701435)
Батч-вставка размеров: 11 шт для product_id=96
Импортировано изображений вариантов: 55 для product_id=96
     ✅ Успешно (создано вариантов: 686)
     Успешно импортирован
  🔄 [47/316] Импортирую: New Balance NB 996 (ID: 701439)...
[47/316] Импорт: New Balance NB 996 (ID: 701439)
Батч-вставка размеров: 14 шт для product_id=97
Импортировано изображений вариантов: 70 для product_id=97
     ✅ Успешно (создано вариантов: 700)
     Успешно импортирован
  🔄 [48/316] Импортирую: Herschel Supply CO. x New Balance NB 801 (ID: 701440)...
[48/316] Импорт: Herschel Supply CO. x New Balance NB 801 (ID: 701440)
Батч-вставка размеров: 14 шт для product_id=98
Импортировано изображений вариантов: 70 для product_id=98
     ✅ Успешно (создано вариантов: 714)
     Успешно импортирован
  🔄 [49/316] Импортирую: New Balance NB 360 D (ID: 701441)...
[49/316] Импорт: New Balance NB 360 D (ID: 701441)
Батч-вставка размеров: 17 шт для product_id=99
Импортировано изображений вариантов: 85 для product_id=99
     ✅ Успешно (создано вариантов: 731)
     Успешно импортирован
  🔄 [50/316] Импортирую: Noritake x New Balance NB Comp 100 (ID: 701442)...
[50/316] Импорт: Noritake x New Balance NB Comp 100 (ID: 701442)
Батч-вставка размеров: 16 шт для product_id=100
Импортировано изображений вариантов: 80 для product_id=100
     ✅ Успешно (создано вариантов: 747)
     Успешно импортирован
  🔄 [51/316] Импортирую: New Balance NB 1978 (ID: 701443)...
[51/316] Импорт: New Balance NB 1978 (ID: 701443)
Батч-вставка размеров: 14 шт для product_id=101
Импортировано изображений вариантов: 56 для product_id=101
     ✅ Успешно (создано вариантов: 761)
     Успешно импортирован
  🔄 [52/316] Импортирую: New Balance NB 2WXY 1 Low (ID: 701444)...
[52/316] Импорт: New Balance NB 2WXY 1 Low (ID: 701444)
Батч-вставка размеров: 10 шт для product_id=102
Импортировано изображений вариантов: 50 для product_id=102
     ✅ Успешно (создано вариантов: 771)
     Успешно импортирован
  🔄 [53/316] Импортирую: New Balance RC30 (ID: 701448)...
[53/316] Импорт: New Balance RC30 (ID: 701448)
Батч-вставка размеров: 18 шт для product_id=103
Импортировано изображений вариантов: 90 для product_id=103
     ✅ Успешно (создано вариантов: 789)
     Успешно импортирован
  🔄 [54/316] Импортирую: New Balance NB 373 (ID: 701449)...
[54/316] Импорт: New Balance NB 373 (ID: 701449)
Батч-вставка размеров: 17 шт для product_id=104
Импортировано изображений вариантов: 68 для product_id=104
     ✅ Успешно (создано вариантов: 806)
     Успешно импортирован
  🔄 [55/316] Импортирую: New Balance NB Pro Court (ID: 701450)...
[55/316] Импорт: New Balance NB Pro Court (ID: 701450)
Батч-вставка размеров: 14 шт для product_id=105
Импортировано изображений вариантов: 70 для product_id=105
     ✅ Успешно (создано вариантов: 820)
     Успешно импортирован
  🔄 [56/316] Импортирую: New Balance NB 850 D (ID: 701451)...
[56/316] Импорт: New Balance NB 850 D (ID: 701451)
Батч-вставка размеров: 17 шт для product_id=106
Импортировано изображений вариантов: 85 для product_id=106
     ✅ Успешно (создано вариантов: 837)
     Успешно импортирован
  🔄 [57/316] Импортирую: New Balance NB 997S (ID: 701452)...
[57/316] Импорт: New Balance NB 997S (ID: 701452)
Батч-вставка размеров: 16 шт для product_id=107
Импортировано изображений вариантов: 64 для product_id=107
     ✅ Успешно (создано вариантов: 853)
     Успешно импортирован
  🔄 [58/316] Импортирую: New Balance NB 5740 (ID: 701453)...
[58/316] Импорт: New Balance NB 5740 (ID: 701453)
Батч-вставка размеров: 17 шт для product_id=108
Импортировано изображений вариантов: 119 для product_id=108
     ✅ Успешно (создано вариантов: 870)
     Успешно импортирован
  🔄 [59/316] Импортирую: New Balance XC-72 (ID: 701456)...
[59/316] Импорт: New Balance XC-72 (ID: 701456)
Батч-вставка размеров: 14 шт для product_id=109
Импортировано изображений вариантов: 84 для product_id=109
     ✅ Успешно (создано вариантов: 884)
     Успешно импортирован
  🔄 [60/316] Импортирую: New Balance NB 996 (ID: 701457)...
[60/316] Импорт: New Balance NB 996 (ID: 701457)
Батч-вставка размеров: 30 шт для product_id=110
Импортировано изображений вариантов: 120 для product_id=110
     ✅ Успешно (создано вариантов: 914)
     Успешно импортирован
  🔄 [61/316] Импортирую: New Balance NB 2WXY (ID: 701459)...
[61/316] Импорт: New Balance NB 2WXY (ID: 701459)
Батч-вставка размеров: 10 шт для product_id=111
Импортировано изображений вариантов: 60 для product_id=111
     ✅ Успешно (создано вариантов: 924)
     Успешно импортирован
  🔄 [62/316] Импортирую: New Balance NB 576 (ID: 701460)...
[62/316] Импорт: New Balance NB 576 (ID: 701460)
Батч-вставка размеров: 10 шт для product_id=112
Импортировано изображений вариантов: 50 для product_id=112
     ✅ Успешно (создано вариантов: 934)
     Успешно импортирован
  🔄 [63/316] Импортирую: New Balance NB 373 (ID: 701461)...
[63/316] Импорт: New Balance NB 373 (ID: 701461)
Батч-вставка размеров: 14 шт для product_id=113
Импортировано изображений вариантов: 70 для product_id=113
     ✅ Успешно (создано вариантов: 948)
     Успешно импортирован
  🔄 [64/316] Импортирую: New Balance NB 574 (ID: 701462)...
[64/316] Импорт: New Balance NB 574 (ID: 701462)
Батч-вставка размеров: 32 шт для product_id=114
Импортировано изображений вариантов: 160 для product_id=114
     ✅ Успешно (создано вариантов: 980)
     Успешно импортирован
  🔄 [65/316] Импортирую: New Balance NB 580 D (ID: 701463)...
[65/316] Импорт: New Balance NB 580 D (ID: 701463)
Батч-вставка размеров: 14 шт для product_id=115
Импортировано изображений вариантов: 70 для product_id=115
     ✅ Успешно (создано вариантов: 994)
     Успешно импортирован
  🔄 [66/316] Импортирую: New Balance NB 5740 (ID: 701464)...
[66/316] Импорт: New Balance NB 5740 (ID: 701464)
Батч-вставка размеров: 17 шт для product_id=116
Импортировано изображений вариантов: 85 для product_id=116
     ✅ Успешно (создано вариантов: 1011)
     Успешно импортирован
  🔄 [67/316] Импортирую: AIME LEON DORE x New Balance 860 (ID: 701465)...
[67/316] Импорт: AIME LEON DORE x New Balance 860 (ID: 701465)
Батч-вставка размеров: 22 шт для product_id=117
Импортировано изображений вариантов: 110 для product_id=117
     ✅ Успешно (создано вариантов: 1033)
     Успешно импортирован
  🔄 [68/316] Импортирую: Aimé Leon Dore x New Balance NB 650 (ID: 701466)...
[68/316] Импорт: Aimé Leon Dore x New Balance NB 650 (ID: 701466)
Батч-вставка размеров: 18 шт для product_id=118
Импортировано изображений вариантов: 126 для product_id=118
     ✅ Успешно (создано вариантов: 1051)
     Успешно импортирован
  🔄 [69/316] Импортирую: New Balance NB OMN1S (ID: 701468)...
[69/316] Импорт: New Balance NB OMN1S (ID: 701468)
Батч-вставка размеров: 11 шт для product_id=119
Импортировано изображений вариантов: 55 для product_id=119
     ✅ Успешно (создано вариантов: 1062)
     Успешно импортирован
  🔄 [70/316] Импортирую: New Balance NB 5740 (ID: 701469)...
[70/316] Импорт: New Balance NB 5740 (ID: 701469)
Батч-вставка размеров: 20 шт для product_id=120
Импортировано изображений вариантов: 120 для product_id=120
     ✅ Успешно (создано вариантов: 1082)
     Успешно импортирован
  🔄 [71/316] Импортирую: New Balance Kawhi 1 New Money (ID: 701471)...
[71/316] Импорт: New Balance Kawhi 1 New Money (ID: 701471)
Батч-вставка размеров: 11 шт для product_id=121
Импортировано изображений вариантов: 66 для product_id=121
     ✅ Успешно (создано вариантов: 1093)
     Успешно импортирован
  🔄 [72/316] Импортирую: District Vision x New Balance NB FuelCell RC Elite v2 (ID: 701472)...
[72/316] Импорт: District Vision x New Balance NB FuelCell RC Elite v2 (ID: 701472)
Батч-вставка размеров: 13 шт для product_id=122
Импортировано изображений вариантов: 65 для product_id=122
     ✅ Успешно (создано вариантов: 1106)
     Успешно импортирован
  🔄 [73/316] Импортирую: New Balance NB 565 (ID: 701473)...
[73/316] Импорт: New Balance NB 565 (ID: 701473)
Батч-вставка размеров: 8 шт для product_id=123
Импортировано изображений вариантов: 40 для product_id=123
     ✅ Успешно (создано вариантов: 1114)
     Успешно импортирован
  🔄 [74/316] Импортирую: New Balance NB 480 (ID: 701474)...
[74/316] Импорт: New Balance NB 480 (ID: 701474)
Батч-вставка размеров: 15 шт для product_id=124
Импортировано изображений вариантов: 75 для product_id=124
     ✅ Успешно (создано вариантов: 1129)
     Успешно импортирован
  🔄 [75/316] Импортирую: New Balance NB 5740 (ID: 701475)...
[75/316] Импорт: New Balance NB 5740 (ID: 701475)
Батч-вставка размеров: 15 шт для product_id=125
Импортировано изображений вариантов: 90 для product_id=125
     ✅ Успешно (создано вариантов: 1144)
     Успешно импортирован
  🔄 [76/316] Импортирую: New Balance XC-72 (ID: 701477)...
[76/316] Импорт: New Balance XC-72 (ID: 701477)
Батч-вставка размеров: 18 шт для product_id=126
Импортировано изображений вариантов: 72 для product_id=126
     ✅ Успешно (создано вариантов: 1162)
     Успешно импортирован
  🔄 [77/316] Импортирую: New Balance NB 237 (ID: 701478)...
[77/316] Импорт: New Balance NB 237 (ID: 701478)
Батч-вставка размеров: 19 шт для product_id=127
Импортировано изображений вариантов: 114 для product_id=127
     ✅ Успешно (создано вариантов: 1181)
     Успешно импортирован
  🔄 [78/316] Импортирую: AIME LEON DORE x New Balance 860 (ID: 701480)...
[78/316] Импорт: AIME LEON DORE x New Balance 860 (ID: 701480)
Батч-вставка размеров: 22 шт для product_id=128
Импортировано изображений вариантов: 110 для product_id=128
     ✅ Успешно (создано вариантов: 1203)
     Успешно импортирован
  🔄 [79/316] Импортирую: New Balance NB 5740 (ID: 701481)...
[79/316] Импорт: New Balance NB 5740 (ID: 701481)
Батч-вставка размеров: 15 шт для product_id=129
Импортировано изображений вариантов: 60 для product_id=129
     ✅ Успешно (создано вариантов: 1218)
     Успешно импортирован
  🔄 [80/316] Импортирую: New Balance NB 574 (ID: 701482)...
[80/316] Импорт: New Balance NB 574 (ID: 701482)
Батч-вставка размеров: 18 шт для product_id=130
Импортировано изображений вариантов: 72 для product_id=130
     ✅ Успешно (создано вариантов: 1236)
     Успешно импортирован
  🔄 [81/316] Импортирую: New Balance NB 425 (ID: 701488)...
[81/316] Импорт: New Balance NB 425 (ID: 701488)
Батч-вставка размеров: 9 шт для product_id=131
Импортировано изображений вариантов: 36 для product_id=131
     ✅ Успешно (создано вариантов: 1245)
     Успешно импортирован
  🔄 [82/316] Импортирую: New Balance NB 574 (ID: 701489)...
[82/316] Импорт: New Balance NB 574 (ID: 701489)
Батч-вставка размеров: 8 шт для product_id=132
Импортировано изображений вариантов: 32 для product_id=132
     ✅ Успешно (создано вариантов: 1253)
     Успешно импортирован
  🔄 [83/316] Импортирую: New Balance NB 860 D (ID: 701490)...
[83/316] Импорт: New Balance NB 860 D (ID: 701490)
Батч-вставка размеров: 15 шт для product_id=133
Импортировано изображений вариантов: 75 для product_id=133
     ✅ Успешно (создано вариантов: 1268)
     Успешно импортирован
  🔄 [84/316] Импортирую: New Balance NB 247 (ID: 701491)...
[84/316] Импорт: New Balance NB 247 (ID: 701491)
Батч-вставка размеров: 16 шт для product_id=134
Импортировано изображений вариантов: 64 для product_id=134
     ✅ Успешно (создано вариантов: 1284)
     Успешно импортирован
  🔄 [85/316] Импортирую: New Balance NB 300 (ID: 701492)...
[85/316] Импорт: New Balance NB 300 (ID: 701492)
Батч-вставка размеров: 16 шт для product_id=135
Импортировано изображений вариантов: 64 для product_id=135
     ✅ Успешно (создано вариантов: 1300)
     Успешно импортирован
  🔄 [86/316] Импортирую: New Balance NB 574 (ID: 701500)...
[86/316] Импорт: New Balance NB 574 (ID: 701500)
Батч-вставка размеров: 14 шт для product_id=136
Импортировано изображений вариантов: 70 для product_id=136
     ✅ Успешно (создано вариантов: 1314)
     Успешно импортирован
  🔄 [87/316] Импортирую: New Balance NB 580 D (ID: 701502)...
[87/316] Импорт: New Balance NB 580 D (ID: 701502)
Батч-вставка размеров: 15 шт для product_id=137
Импортировано изображений вариантов: 75 для product_id=137
     ✅ Успешно (создано вариантов: 1329)
     Успешно импортирован
  🔄 [88/316] Импортирую: New Balance NB 580 D (ID: 701503)...
[88/316] Импорт: New Balance NB 580 D (ID: 701503)
Батч-вставка размеров: 15 шт для product_id=138
Импортировано изображений вариантов: 75 для product_id=138
     ✅ Успешно (создано вариантов: 1344)
     Успешно импортирован
  🔄 [89/316] Импортирую: New Balance NB OMN1S (ID: 701504)...
[89/316] Импорт: New Balance NB OMN1S (ID: 701504)
Батч-вставка размеров: 9 шт для product_id=139
Импортировано изображений вариантов: 45 для product_id=139
     ✅ Успешно (создано вариантов: 1353)
     Успешно импортирован
  🔄 [90/316] Импортирую: New Balance Numeric Tiago Lemos 808 (ID: 701506)...
[90/316] Импорт: New Balance Numeric Tiago Lemos 808 (ID: 701506)

  ❌ ОШИБКА [90/316]: New Balance Numeric Tiago Lemos 808 (ID: 701506)
     Ошибка сохранения товара: vendor_code: Товар с таким артикулом уже существует у данного бренда
     Trace: #0 /Users/user/CascadeProjects/splitwise/commands/PoizonImportJsonController.php(271): app\commands\PoizonImportJsonController->importProduct(Array)
#1 [internal function]: app\commands\PoizonImportJsonController->actionRun('https://storage...')
#2 /Users/user/CascadeProjects/splitwise/vendor/yiisoft/yii2/base/InlineAction.php(60): call_user_func_array(Array, Array)
#3 /Users/user/CascadeProjects/splitwise/vendor/yiisoft/yii2/base/Controller.php(184): yii\base\InlineAction->runWithParams(Array)
...

═══════════════════════════════════════════════════
ОШИБКА #1: New Balance Numeric Tiago Lemos 808
═══════════════════════════════════════════════════
Product ID: 701506
Index: 90/316
Error: Ошибка сохранения товара: vendor_code: Товар с таким артикулом уже существует у данного бренда

Stack Trace:
#0 /Users/user/CascadeProjects/splitwise/commands/PoizonImportJsonController.php(271): app\commands\PoizonImportJsonController->importProduct(Array)
#1 [internal function]: app\commands\PoizonImportJsonController->actionRun('https://storage...')
#2 /Users/user/CascadeProjects/splitwise/vendor/yiisoft/yii2/base/InlineAction.php(60): call_user_func_array(Array, Array)
#3 /Users/user/CascadeProjects/splitwise/vendor/yiisoft/yii2/base/Controller.php(184): yii\base\InlineAction->runWithParams(Array)
#4 /Users/user/CascadeProjects/splitwise/vendor/yiisoft/yii2/console/Controller.php(180): yii\base\Controller->runAction('run', Array)
#5 /Users/user/CascadeProjects/splitwise/vendor/yiisoft/yii2/base/Module.php(555): yii\console\Controller->runAction('run', Array)
#6 /Users/user/CascadeProjects/splitwise/vendor/yiisoft/yii2/console/Application.php(180): yii\base\Module->runAction('poizon-import-j...', Array)
#7 /Users/user/CascadeProjects/splitwise/vendor/yiisoft/yii2/console/Application.php(147): yii\console\Application->runAction('poizon-import-j...', Array)
#8 /Users/user/CascadeProjects/splitwise/vendor/yiisoft/yii2/base/Application.php(387): yii\console\Application->handleRequest(Object(yii\console\Request))
#9 /Users/user/CascadeProjects/splitwise/yii(23): yii\base\Application->run()
#10 {main}

Product Data:
{
    "productId": 701506,
    "variantId": 701506,
    "url": "https:\/\/fast.dewu.com\/page\/productDetail?sourceName=sharedetail&spuId=5395906",
    "title": "New Balance Numeric Tiago Lemos 808",
    "description": "【Первоначальная цена приложения Get Things будет объявлена 23 июля 2023 года】",
    "vendorCode": "NM808WBY",
    "categoryId": 8713,
    "vendorId": 28,
    "images": [
        "https:\/\/cdn.poizon.com\/pro-img\/origin-img\/20230710\/7dc730b0076740af9501cc6357d35544.jpg",
        "https:\/\/cdn.poizon.com\/pro-img\/origin-img\/2025061523\/cfaf3191c0ecceffa5cce68098b79160.jpg",
        "https:\/\/cdn.poizon.com\/pro-img\/origin-img\/2025061523\/b6283ab860efadd9d45c461420912f58.jpg",
        "https:\/\/cdn.poizon.com\/pro-img\/origin-img\/20230710\/3df1374639034a94b8bb9f2948e17c27.jpg",
        "https:\/\/cdn.poizon.com\/pro-img\/origin-img\/20230710\/653ed5125bc04873afa6679162dc1f30.jpg",
        "https:\/\/cdn.poizon.com\/pro-img\/origin-img\/20230710\/1f21ba184ec849f783a0a1f9aef30ecb.jpg",
        "https:\/\/cdn.poizon.com\/pro-img\/origin-img\/20230710\/691b784b637e42a79cbf6a9db1212aa2.jpg",
        "https:\/\/cdn.poizon.com\/pro-img\/origin-img\/20230710\/0dadf484476b401193ddafc463a6a01c.jpg",
        "https:\/\/cdn.poizon.com\/stark\/stark-web\/1740513263\/72e02250b00d932fc80e2fdc5c22635a.jpg",
        "https:\/\/cdn.poizon.com\/stark\/stark-web\/1740513263\/16ce9c345a9e669ddcbbd260e50d2f5a.jpg",
        "https:\/\/cdn.poizon.com\/stark\/stark-web\/1740513263\/c7de56b991d9b0643adb549594dd0a6b.jpg",
        "https:\/\/cdn.poizon.com\/stark\/stark-web\/1740513263\/6fa399d7092985a3cb3ee8e5a58a5da9.jpg"
    ],
    "price": 890,
    "favoriteCount": 0,
    "countryOfOrigin": "Китай",
    "properties": [
        {
            "key": "Верхняя высота",
            "value": "Низкий вырез"
        },
        {
            "key": "Стиль носка",
            "value": "Круглая голова"
        },
        {
            "key": "Применимый сезон",
            "value": "Весна, лето, осень, зима"
        },
        {
            "key": "Тип каблука",
            "value": "Плоский каблук"
        },
        {
            "key": "Основной цвет",
            "value": "Белое"
        },
        {
            "key": "Цена предложения",
            "value": "¥899"
        },
        {
            "key": "Дата выхода",
            "value": "2023.07"
        },
        {
            "key": "Функциональная",
            "value": "Легкий"
        },
        {
            "key": "Дополнительный цвет",
            "value": "Серый, синий"
        }
    ],
    "seriesName": "",
    "relatedProducts": [],
    "gender": "Унисекс",
    "sizes": [
        {
            "name": "Европейский кодекс ЕС",
            "delimiter": ",",
            "value": "35,35.5,36,37,37.5,38,38.5,39.5,40,40.5,41.5,42,42.5,43,44,44.5,45,45.5,46.5,47,47.5,49,50,51,52,53,54,55"
        },
        {
            "name": "Кодекс красоты США",
            "delimiter": ",",
            "value": "3,3.5,4,4.5,5,5.5,6,6.5,7,7.5,8,8.5,9,9.5,10,10.5,11,11.5,12,12.5,13,14,15,16,17,18,19,20"
        },
        {
            "name": "Английский код Великобритании",
            "delimiter": ",",
            "value": "2.5,3,3.5,4,4.5,5,5.5,6,6.5,7,7.5,8,8.5,9,9.5,10,10.5,11,11.5,12,12.5,13.5,14.5,15.5,16.5,17.5,18.5,19.5"
        },
        {
            "name": "Японский код JP",
            "delimiter": ",",
            "value": "21,21.5,22,22.5,23,23.5,24,24.5,25,25.5,26,26.5,27,27.5,28,28.5,29,29.5,30,30.5,31,32,33,34,35,36,37,38"
        },
        {
            "name": "Подходит для длины стопы",
            "delimiter": ",",
            "value": "210,215,220,225,230,235,240,245,250,255,260,265,270,275,280,285,290,295,300,305,310,320,330,340,350,360,370,380"
        }
    ],
    "vat": "NO_VAT",
    "currency": "RUR",
    "keywords": [
        "new",
        "balance",
        "numeric",
        "tiago",
        "lemos",
        "808",
        "舒适百搭",
        "男女同款",
        "白灰色"
    ],
    "vendor": "New Balance",
    "children": [
        {
            "productId": 701506,
            "parentId": 701506,
            "url": "https:\/\/fast.dewu.com\/page\/productDetail?sourceName=sharedetail&spuId=5395906",
            "variantId": 626807553,
            "title": "New Balance Numeric Tiago Lemos 808",
            "description": "【Первоначальная цена приложения Get Things будет объявлена 23 июля 2023 года】",
            "vendorCode": "NM808WBY -1",
            "categoryId": 8713,
            "vendorId": 28,
            "images": [
                "https:\/\/cdn.poizon.com\/pro-img\/origin-img\/20230710\/7dc730b0076740af9501cc6357d35544.jpg",
                "https:\/\/cdn.poizon.com\/pro-img\/origin-img\/2025061523\/cfaf3191c0ecceffa5cce68098b79160.jpg",
                "https:\/\/cdn.poizon.com\/pro-img\/origin-img\/2025061523\/b6283ab860efadd9d45c461420912f58.jpg",
                "https:\/\/cdn.poizon.com\/pro-img\/origin-img\/20230710\/3df1374639034a94b8bb9f2948e17c27.jpg",
                "https:\/\/cdn.poizon.com\/pro-img\/origin-img\/20230710\/653ed5125bc04873afa6679162dc1f30.jpg",
                "https:\/\/cdn.poizon.com\/pro-img\/origin-img\/20230710\/1f21ba184ec849f783a0a1f9aef30ecb.jpg",
                "https:\/\/cdn.poizon.com\/pro-img\/origin-img\/20230710\/691b784b637e42a79cbf6a9db1212aa2.jpg",
                "https:\/\/cdn.poizon.com\/pro-img\/origin-img\/20230710\/0dadf484476b401193ddafc463a6a01c.jpg",
                "https:\/\/cdn.poizon.com\/stark\/stark-web\/1740513263\/72e02250b00d932fc80e2fdc5c22635a.jpg",
                "https:\/\/cdn.poizon.com\/stark\/stark-web\/1740513263\/16ce9c345a9e669ddcbbd260e50d2f5a.jpg",
                "https:\/\/cdn.poizon.com\/stark\/stark-web\/1740513263\/c7de56b991d9b0643adb549594dd0a6b.jpg",
                "https:\/\/cdn.poizon.com\/stark\/stark-web\/1740513263\/6fa399d7092985a3cb3ee8e5a58a5da9.jpg"
            ],
            "price": 1090,
            "purchasePrice": 999,
            "count": 1,
            "available": true,
            "timeDelivery": {
                "min": 5,
                "max": 6
            },
            "vat": "NO_VAT",
            "currency": "RUR",
            "params": [
                {
                    "key": "Цвет",
                    "value": "Белый серый"
                },
                {
                    "key": "Вариант",
                    "value": "Ширина D"
                },
                {
                    "key": "Размер",
                    "value": "36"
                }
            ],
            "vendor": "New Balance",
            "seriesName": ""
        },
        {
            "productId": 701506,
            "parentId": 701506,
            "url": "https:\/\/fast.dewu.com\/page\/productDetail?sourceName=sharedetail&spuId=5395906",
            "variantId": 626807554,
            "title": "New Balance Numeric Tiago Lemos 808",
            "description": "【Первоначальная цена приложения Get Things будет объявлена 23 июля 2023 года】",
            "vendorCode": "NM808WBY -2",
            "categoryId": 8713,
            "vendorId": 28,
            "images": [
                "https:\/\/cdn.poizon.com\/pro-img\/origin-img\/20230710\/7dc730b0076740af9501cc6357d35544.jpg",
                "https:\/\/cdn.poizon.com\/pro-img\/origin-img\/2025061523\/cfaf3191c0ecceffa5cce68098b79160.jpg",
                "https:\/\/cdn.poizon.com\/pro-img\/origin-img\/2025061523\/b6283ab860efadd9d45c461420912f58.jpg",
                "https:\/\/cdn.poizon.com\/pro-img\/origin-img\/20230710\/3df1374639034a94b8bb9f2948e17c27.jpg",
                "https:\/\/cdn.poizon.com\/pro-img\/origin-img\/20230710\/653ed5125bc04873afa6679162dc1f30.jpg",
                "https:\/\/cdn.poizon.com\/pro-img\/origin-img\/20230710\/1f21ba184ec849f783a0a1f9aef30ecb.jpg",
                "https:\/\/cdn.poizon.com\/pro-img\/origin-img\/20230710\/691b784b637e42a79cbf6a9db1212aa2.jpg",
                "https:\/\/cdn.poizon.com\/pro-img\/origin-img\/20230710\/0dadf484476b401193ddafc463a6a01c.jpg",
                "https:\/\/cdn.poizon.com\/stark\/stark-web\/1740513263\/72e02250b00d932fc80e2fdc5c22635a.jpg",
                "https:\/\/cdn.poizon.com\/stark\/stark-web\/1740513263\/16ce9c345a9e669ddcbbd260e50d2f5a.jpg",
                "https:\/\/cdn.poizon.com\/stark\/stark-web\/1740513263\/c7de56b991d9b0643adb549594dd0a6b.jpg",
                "https:\/\/cdn.poizon.com\/stark\/stark-web\/1740513263\/6fa399d7092985a3cb3ee8e5a58a5da9.jpg"
            ],
            "price": 0,
            "purchasePrice": 0,
            "count": 0,
            "available": false,
            "timeDelivery": {
                "min": 15,
                "max": 24
            },
            "vat": "NO_VAT",
            "currency": "RUR",
            "params": [
                {
                    "key": "Цвет",
                    "value": "Белый серый"
                },
                {
                    "key": "Вариант",
                    "value": "Ширина D"
                },
                {
                    "key": "Размер",
                    "value": "37"
                }
            ],
            "vendor": "New Balance",
            "seriesName": ""
        },
        {
            "productId": 701506,
            "parentId": 701506,
            "url": "https:\/\/fast.dewu.com\/page\/productDetail?sourceName=sharedetail&spuId=5395906",
            "variantId": 626807555,
            "title": "New Balance Numeric Tiago Lemos 808",
            "description": "【Первоначальная цена приложения Get Things будет объявлена 23 июля 2023 года】",
            "vendorCode": "NM808WBY -3",
            "categoryId": 8713,
            "vendorId": 28,
            "images": [
                "https:\/\/cdn.poizon.com\/pro-img\/origin-img\/20230710\/7dc730b0076740af9501cc6357d35544.jpg",
                "https:\/\/cdn.poizon.com\/pro-img\/origin-img\/2025061523\/cfaf3191c0ecceffa5cce68098b79160.jpg",
                "https:\/\/cdn.poizon.com\/pro-img\/origin-img\/2025061523\/b6283ab860efadd9d45c461420912f58.jpg",
                "https:\/\/cdn.poizon.com\/pro-img\/origin-img\/20230710\/3df1374639034a94b8bb9f2948e17c27.jpg",
                "https:\/\/cdn.poizon.com\/pro-img\/origin-img\/20230710\/653ed5125bc04873afa6679162dc1f30.jpg",
                "https:\/\/cdn.poizon.com\/pro-img\/origin-img\/20230710\/1f21ba184ec849f783a0a1f9aef30ecb.jpg",
                "https:\/\/cdn.poizon.com\/pro-img\/origin-img\/20230710\/691b784b637e42a79cbf6a9db1212aa2.jpg",
                "https:\/\/cdn.poizon.com\/pro-img\/origin-img\/20230710\/0dadf484476b401193ddafc463a6a01c.jpg",
                "https:\/\/cdn.poizon.com\/stark\/stark-web\/1740513263\/72e02250b00d932fc80e2fdc5c22635a.jpg",
                "https:\/\/cdn.poizon.com\/stark\/stark-web\/1740513263\/16ce9c345a9e669ddcbbd260e50d2f5a.jpg",
                "https:\/\/cdn.poizon.com\/stark\/stark-web\/1740513263\/c7de56b991d9b0643adb549594dd0a6b.jpg",
                "https:\/\/cdn.poizon.com\/stark\/stark-web\/1740513263\/6fa399d7092985a3cb3ee8e5a58a5da9.jpg"
            ],
            "price": 0,
            "purchasePrice": 0,
            "count": 0,
            "available": false,
            "timeDelivery": {
                "min": 15,
                "max": 24
            },
            "vat": "NO_VAT",
            "currency": "RUR",
            "params": [
                {
                    "key": "Цвет",
                    "value": "Белый серый"
                },
                {
                    "key": "Вариант",
                    "value": "Ширина D"
                },
                {
                    "key": "Размер",
                    "value": "37.5"
                }
            ],
            "vendor": "New Balance",
            "seriesName": ""
        },
        {
            "productId": 701506,
            "parentId": 701506,
            "url": "https:\/\/fast.dewu.com\/page\/productDetail?sourceName=sharedetail&spuId=5395906",
            "variantId": 626807556,
            "title": "New Balance Numeric Tiago Lemos 808",
            "description": "【Первоначальная цена приложения Get Things будет объявлена 23 июля 2023 года】",
            "vendorCode": "NM808WBY -4",
            "categoryId": 8713,
            "vendorId": 28,
            "images": [
                "https:\/\/cdn.poizon.com\/pro-img\/origin-img\/20230710\/7dc730b0076740af9501cc6357d35544.jpg",
                "https:\/\/cdn.poizon.com\/pro-img\/origin-img\/2025061523\/cfaf3191c0ecceffa5cce68098b79160.jpg",
                "https:\/\/cdn.poizon.com\/pro-img\/origin-img\/2025061523\/b6283ab860efadd9d45c461420912f58.jpg",
                "https:\/\/cdn.poizon.com\/pro-img\/origin-img\/20230710\/3df1374639034a94b8bb9f2948e17c27.jpg",
                "https:\/\/cdn.poizon.com\/pro-img\/origin-img\/20230710\/653ed5125bc04873afa6679162dc1f30.jpg",
                "https:\/\/cdn.poizon.com\/pro-img\/origin-img\/20230710\/1f21ba184ec849f783a0a1f9aef30ecb.jpg",
                "https:\/\/cdn.poizon.com\/pro-img\/origin-img\/20230710\/691b784b637e42a79cbf6a9db1212aa2.jpg",
                "https:\/\/cdn.poizon.com\/pro-img\/origin-img\/20230710\/0dadf484476b401193ddafc463a6a01c.jpg",
                "https:\/\/cdn.poizon.com\/stark\/stark-web\/1740513263\/72e02250b00d932fc80e2fdc5c22635a.jpg",
                "https:\/\/cdn.poizon.com\/stark\/stark-web\/1740513263\/16ce9c345a9e669ddcbbd260e50d2f5a.jpg",
                "https:\/\/cdn.poizon.com\/stark\/stark-web\/1740513263\/c7de56b991d9b0643adb549594dd0a6b.jpg",
                "https:\/\/cdn.poizon.com\/stark\/stark-web\/1740513263\/6fa399d7092985a3cb3ee8e5a58a5da9.jpg"
            ],
            "price": 0,
            "purchasePrice": 0,
            "count": 0,
            "available": false,
            "timeDelivery": {
                "min": 15,
                "max": 24
            },
            "vat": "NO_VAT",
            "currency": "RUR",
            "params": [
                {
                    "key": "Цвет",
                    "value": "Белый серый"
                },
                {
                    "key": "Вариант",
                    "value": "Ширина D"
                },
                {
                    "key": "Размер",
                    "value": "38"
                }
            ],
            "vendor": "New Balance",
            "seriesName": ""
        },
        {
            "productId": 701506,
            "parentId": 701506,
            "url": "https:\/\/fast.dewu.com\/page\/productDetail?sourceName=sharedetail&spuId=5395906",
            "variantId": 626807557,
            "title": "New Balance Numeric Tiago Lemos 808",
            "description": "【Первоначальная цена приложения Get Things будет объявлена 23 июля 2023 года】",
            "vendorCode": "NM808WBY -5",
            "categoryId": 8713,
            "vendorId": 28,
            "images": [
                "https:\/\/cdn.poizon.com\/pro-img\/origin-img\/20230710\/7dc730b0076740af9501cc6357d35544.jpg",
                "https:\/\/cdn.poizon.com\/pro-img\/origin-img\/2025061523\/cfaf3191c0ecceffa5cce68098b79160.jpg",
                "https:\/\/cdn.poizon.com\/pro-img\/origin-img\/2025061523\/b6283ab860efadd9d45c461420912f58.jpg",
                "https:\/\/cdn.poizon.com\/pro-img\/origin-img\/20230710\/3df1374639034a94b8bb9f2948e17c27.jpg",
                "https:\/\/cdn.poizon.com\/pro-img\/origin-img\/20230710\/653ed5125bc04873afa6679162dc1f30.jpg",
                "https:\/\/cdn.poizon.com\/pro-img\/origin-img\/20230710\/1f21ba184ec849f783a0a1f9aef30ecb.jpg",
                "https:\/\/cdn.poizon.com\/pro-img\/origin-img\/20230710\/691b784b637e42a79cbf6a9db1212aa2.jpg",
                "https:\/\/cdn.poizon.com\/pro-img\/origin-img\/20230710\/0dadf484476b401193ddafc463a6a01c.jpg",
                "https:\/\/cdn.poizon.com\/stark\/stark-web\/1740513263\/72e02250b00d932fc80e2fdc5c22635a.jpg",
                "https:\/\/cdn.poizon.com\/stark\/stark-web\/1740513263\/16ce9c345a9e669ddcbbd260e50d2f5a.jpg",
                "https:\/\/cdn.poizon.com\/stark\/stark-web\/1740513263\/c7de56b991d9b0643adb549594dd0a6b.jpg",
                "https:\/\/cdn.poizon.com\/stark\/stark-web\/1740513263\/6fa399d7092985a3cb3ee8e5a58a5da9.jpg"
            ],
            "price": 0,
            "purchasePrice": 0,
            "count": 0,
            "available": false,
            "timeDelivery": {
                "min": 15,
                "max": 24
            },
            "vat": "NO_VAT",
            "currency": "RUR",
            "params": [
                {
                    "key": "Цвет",
                    "value": "Белый серый"
                },
                {
                    "key": "Вариант",
                    "value": "Ширина D"
                },
                {
                    "key": "Размер",
                    "value": "38.5"
                }
            ],
            "vendor": "New Balance",
            "seriesName": ""
        },
        {
            "productId": 701506,
            "parentId": 701506,
            "url": "https:\/\/fast.dewu.com\/page\/productDetail?sourceName=sharedetail&spuId=5395906",
            "variantId": 626807558,
            "title": "New Balance Numeric Tiago Lemos 808",
            "description": "【Первоначальная цена приложения Get Things будет объявлена 23 июля 2023 года】",
            "vendorCode": "NM808WBY -6",
            "categoryId": 8713,
            "vendorId": 28,
            "images": [
                "https:\/\/cdn.poizon.com\/pro-img\/origin-img\/20230710\/7dc730b0076740af9501cc6357d35544.jpg",
                "https:\/\/cdn.poizon.com\/pro-img\/origin-img\/2025061523\/cfaf3191c0ecceffa5cce68098b79160.jpg",
                "https:\/\/cdn.poizon.com\/pro-img\/origin-img\/2025061523\/b6283ab860efadd9d45c461420912f58.jpg",
                "https:\/\/cdn.poizon.com\/pro-img\/origin-img\/20230710\/3df1374639034a94b8bb9f2948e17c27.jpg",
                "https:\/\/cdn.poizon.com\/pro-img\/origin-img\/20230710\/653ed5125bc04873afa6679162dc1f30.jpg",
                "https:\/\/cdn.poizon.com\/pro-img\/origin-img\/20230710\/1f21ba184ec849f783a0a1f9aef30ecb.jpg",
                "https:\/\/cdn.poizon.com\/pro-img\/origin-img\/20230710\/691b784b637e42a79cbf6a9db1212aa2.jpg",
                "https:\/\/cdn.poizon.com\/pro-img\/origin-img\/20230710\/0dadf484476b401193ddafc463a6a01c.jpg",
                "https:\/\/cdn.poizon.com\/stark\/stark-web\/1740513263\/72e02250b00d932fc80e2fdc5c22635a.jpg",
                "https:\/\/cdn.poizon.com\/stark\/stark-web\/1740513263\/16ce9c345a9e669ddcbbd260e50d2f5a.jpg",
                "https:\/\/cdn.poizon.com\/stark\/stark-web\/1740513263\/c7de56b991d9b0643adb549594dd0a6b.jpg",
                "https:\/\/cdn.poizon.com\/stark\/stark-web\/1740513263\/6fa399d7092985a3cb3ee8e5a58a5da9.jpg"
            ],
            "price": 0,
            "purchasePrice": 0,
            "count": 0,
            "available": false,
            "timeDelivery": {
                "min": 15,
                "max": 24
            },
            "vat": "NO_VAT",
            "currency": "RUR",
            "params": [
                {
                    "key": "Цвет",
                    "value": "Белый серый"
                },
                {
                    "key": "Вариант",
                    "value": "Ширина D"
                },
                {
                    "key": "Размер",
                    "value": "39.5"
                }
            ],
            "vendor": "New Balance",
            "seriesName": ""
        },
        {
            "productId": 701506,
            "parentId": 701506,
            "url": "https:\/\/fast.dewu.com\/page\/productDetail?sourceName=sharedetail&spuId=5395906",
            "variantId": 626807559,
            "title": "New Balance Numeric Tiago Lemos 808",
            "description": "【Первоначальная цена приложения Get Things будет объявлена 23 июля 2023 года】",
            "vendorCode": "NM808WBY -7",
            "categoryId": 8713,
            "vendorId": 28,
            "images": [
                "https:\/\/cdn.poizon.com\/pro-img\/origin-img\/20230710\/7dc730b0076740af9501cc6357d35544.jpg",
                "https:\/\/cdn.poizon.com\/pro-img\/origin-img\/2025061523\/cfaf3191c0ecceffa5cce68098b79160.jpg",
                "https:\/\/cdn.poizon.com\/pro-img\/origin-img\/2025061523\/b6283ab860efadd9d45c461420912f58.jpg",
                "https:\/\/cdn.poizon.com\/pro-img\/origin-img\/20230710\/3df1374639034a94b8bb9f2948e17c27.jpg",
                "https:\/\/cdn.poizon.com\/pro-img\/origin-img\/20230710\/653ed5125bc04873afa6679162dc1f30.jpg",
                "https:\/\/cdn.poizon.com\/pro-img\/origin-img\/20230710\/1f21ba184ec849f783a0a1f9aef30ecb.jpg",
                "https:\/\/cdn.poizon.com\/pro-img\/origin-img\/20230710\/691b784b637e42a79cbf6a9db1212aa2.jpg",
                "https:\/\/cdn.poizon.com\/pro-img\/origin-img\/20230710\/0dadf484476b401193ddafc463a6a01c.jpg",
                "https:\/\/cdn.poizon.com\/stark\/stark-web\/1740513263\/72e02250b00d932fc80e2fdc5c22635a.jpg",
                "https:\/\/cdn.poizon.com\/stark\/stark-web\/1740513263\/16ce9c345a9e669ddcbbd260e50d2f5a.jpg",
                "https:\/\/cdn.poizon.com\/stark\/stark-web\/1740513263\/c7de56b991d9b0643adb549594dd0a6b.jpg",
                "https:\/\/cdn.poizon.com\/stark\/stark-web\/1740513263\/6fa399d7092985a3cb3ee8e5a58a5da9.jpg"
            ],
            "price": 0,
            "purchasePrice": 0,
            "count": 0,
            "available": false,
            "timeDelivery": {
                "min": 15,
                "max": 24
            },
            "vat": "NO_VAT",
            "currency": "RUR",
            "params": [
                {
                    "key": "Цвет",
                    "value": "Белый серый"
                },
                {
                    "key": "Вариант",
                    "value": "Ширина D"
                },
                {
                    "key": "Размер",
                    "value": "40"
                }
            ],
            "vendor": "New Balance",
            "seriesName": ""
        },
        {
            "productId": 701506,
            "parentId": 701506,
            "url": "https:\/\/fast.dewu.com\/page\/productDetail?sourceName=sharedetail&spuId=5395906",
            "variantId": 626807560,
            "title": "New Balance Numeric Tiago Lemos 808",
            "description": "【Первоначальная цена приложения Get Things будет объявлена 23 июля 2023 года】",
            "vendorCode": "NM808WBY -8",
            "categoryId": 8713,
            "vendorId": 28,
            "images": [
                "https:\/\/cdn.poizon.com\/pro-img\/origin-img\/20230710\/7dc730b0076740af9501cc6357d35544.jpg",
                "https:\/\/cdn.poizon.com\/pro-img\/origin-img\/2025061523\/cfaf3191c0ecceffa5cce68098b79160.jpg",
                "https:\/\/cdn.poizon.com\/pro-img\/origin-img\/2025061523\/b6283ab860efadd9d45c461420912f58.jpg",
                "https:\/\/cdn.poizon.com\/pro-img\/origin-img\/20230710\/3df1374639034a94b8bb9f2948e17c27.jpg",
                "https:\/\/cdn.poizon.com\/pro-img\/origin-img\/20230710\/653ed5125bc04873afa6679162dc1f30.jpg",
                "https:\/\/cdn.poizon.com\/pro-img\/origin-img\/20230710\/1f21ba184ec849f783a0a1f9aef30ecb.jpg",
                "https:\/\/cdn.poizon.com\/pro-img\/origin-img\/20230710\/691b784b637e42a79cbf6a9db1212aa2.jpg",
                "https:\/\/cdn.poizon.com\/pro-img\/origin-img\/20230710\/0dadf484476b401193ddafc463a6a01c.jpg",
                "https:\/\/cdn.poizon.com\/stark\/stark-web\/1740513263\/72e02250b00d932fc80e2fdc5c22635a.jpg",
                "https:\/\/cdn.poizon.com\/stark\/stark-web\/1740513263\/16ce9c345a9e669ddcbbd260e50d2f5a.jpg",
                "https:\/\/cdn.poizon.com\/stark\/stark-web\/1740513263\/c7de56b991d9b0643adb549594dd0a6b.jpg",
                "https:\/\/cdn.poizon.com\/stark\/stark-web\/1740513263\/6fa399d7092985a3cb3ee8e5a58a5da9.jpg"
            ],
            "price": 890,
            "purchasePrice": 889,
            "count": 1,
            "available": true,
            "timeDelivery": {
                "min": 5,
                "max": 6
            },
            "vat": "NO_VAT",
            "currency": "RUR",
            "params": [
                {
                    "key": "Цвет",
                    "value": "Белый серый"
                },
                {
                    "key": "Вариант",
                    "value": "Ширина D"
                },
                {
                    "key": "Размер",
                    "value": "40.5"
                }
            ],
            "vendor": "New Balance",
            "seriesName": ""
        },
        {
            "productId": 701506,
            "parentId": 701506,
            "url": "https:\/\/fast.dewu.com\/page\/productDetail?sourceName=sharedetail&spuId=5395906",
            "variantId": 626807561,
            "title": "New Balance Numeric Tiago Lemos 808",
            "description": "【Первоначальная цена приложения Get Things будет объявлена 23 июля 2023 года】",
            "vendorCode": "NM808WBY -9",
            "categoryId": 8713,
            "vendorId": 28,
            "images": [
                "https:\/\/cdn.poizon.com\/pro-img\/origin-img\/20230710\/7dc730b0076740af9501cc6357d35544.jpg",
                "https:\/\/cdn.poizon.com\/pro-img\/origin-img\/2025061523\/cfaf3191c0ecceffa5cce68098b79160.jpg",
                "https:\/\/cdn.poizon.com\/pro-img\/origin-img\/2025061523\/b6283ab860efadd9d45c461420912f58.jpg",
                "https:\/\/cdn.poizon.com\/pro-img\/origin-img\/20230710\/3df1374639034a94b8bb9f2948e17c27.jpg",
                "https:\/\/cdn.poizon.com\/pro-img\/origin-img\/20230710\/653ed5125bc04873afa6679162dc1f30.jpg",
                "https:\/\/cdn.poizon.com\/pro-img\/origin-img\/20230710\/1f21ba184ec849f783a0a1f9aef30ecb.jpg",
                "https:\/\/cdn.poizon.com\/pro-img\/origin-img\/20230710\/691b784b637e42a79cbf6a9db1212aa2.jpg",
                "https:\/\/cdn.poizon.com\/pro-img\/origin-img\/20230710\/0dadf484476b401193ddafc463a6a01c.jpg",
                "https:\/\/cdn.poizon.com\/stark\/stark-web\/1740513263\/72e02250b00d932fc80e2fdc5c22635a.jpg",
                "https:\/\/cdn.poizon.com\/stark\/stark-web\/1740513263\/16ce9c345a9e669ddcbbd260e50d2f5a.jpg",
                "https:\/\/cdn.poizon.com\/stark\/stark-web\/1740513263\/c7de56b991d9b0643adb549594dd0a6b.jpg",
                "https:\/\/cdn.poizon.com\/stark\/stark-web\/1740513263\/6fa399d7092985a3cb3ee8e5a58a5da9.jpg"
            ],
            "price": 990,
            "purchasePrice": 929,
            "count": 1,
            "available": true,
            "timeDelivery": {
                "min": 5,
                "max": 6
            },
            "vat": "NO_VAT",
            "currency": "RUR",
            "params": [
                {
                    "key": "Цвет",
                    "value": "Белый серый"
                },
                {
                    "key": "Вариант",
                    "value": "Ширина D"
                },
                {
                    "key": "Размер",
                    "value": "41.5"
                }
            ],
            "vendor": "New Balance",
            "seriesName": ""
        },
        {
            "productId": 701506,
            "parentId": 701506,
            "url": "https:\/\/fast.dewu.com\/page\/productDetail?sourceName=sharedetail&spuId=5395906",
            "variantId": 626807562,
            "title": "New Balance Numeric Tiago Lemos 808",
            "description": "【Первоначальная цена приложения Get Things будет объявлена 23 июля 2023 года】",
            "vendorCode": "NM808WBY -10",
            "categoryId": 8713,
            "vendorId": 28,
            "images": [
                "https:\/\/cdn.poizon.com\/pro-img\/origin-img\/20230710\/7dc730b0076740af9501cc6357d35544.jpg",
                "https:\/\/cdn.poizon.com\/pro-img\/origin-img\/2025061523\/cfaf3191c0ecceffa5cce68098b79160.jpg",
                "https:\/\/cdn.poizon.com\/pro-img\/origin-img\/2025061523\/b6283ab860efadd9d45c461420912f58.jpg",
                "https:\/\/cdn.poizon.com\/pro-img\/origin-img\/20230710\/3df1374639034a94b8bb9f2948e17c27.jpg",
                "https:\/\/cdn.poizon.com\/pro-img\/origin-img\/20230710\/653ed5125bc04873afa6679162dc1f30.jpg",
                "https:\/\/cdn.poizon.com\/pro-img\/origin-img\/20230710\/1f21ba184ec849f783a0a1f9aef30ecb.jpg",
                "https:\/\/cdn.poizon.com\/pro-img\/origin-img\/20230710\/691b784b637e42a79cbf6a9db1212aa2.jpg",
                "https:\/\/cdn.poizon.com\/pro-img\/origin-img\/20230710\/0dadf484476b401193ddafc463a6a01c.jpg",
                "https:\/\/cdn.poizon.com\/stark\/stark-web\/1740513263\/72e02250b00d932fc80e2fdc5c22635a.jpg",
                "https:\/\/cdn.poizon.com\/stark\/stark-web\/1740513263\/16ce9c345a9e669ddcbbd260e50d2f5a.jpg",
                "https:\/\/cdn.poizon.com\/stark\/stark-web\/1740513263\/c7de56b991d9b0643adb549594dd0a6b.jpg",
                "https:\/\/cdn.poizon.com\/stark\/stark-web\/1740513263\/6fa399d7092985a3cb3ee8e5a58a5da9.jpg"
            ],
            "price": 1190,
            "purchasePrice": 1099,
            "count": 1,
            "available": true,
            "timeDelivery": {
                "min": 5,
                "max": 6
            },
            "vat": "NO_VAT",
            "currency": "RUR",
            "params": [
                {
                    "key": "Цвет",
                    "value": "Белый серый"
                },
                {
                    "key": "Вариант",
                    "value": "Ширина D"
                },
                {
                    "key": "Размер",
                    "value": "42"
                }
            ],
            "vendor": "New Balance",
            "seriesName": ""
        },
        {
            "productId": 701506,
            "parentId": 701506,
            "url": "https:\/\/fast.dewu.com\/page\/productDetail?sourceName=sharedetail&spuId=5395906",
            "variantId": 626807563,
            "title": "New Balance Numeric Tiago Lemos 808",
            "description": "【Первоначальная цена приложения Get Things будет объявлена 23 июля 2023 года】",
            "vendorCode": "NM808WBY -11",
            "categoryId": 8713,
            "vendorId": 28,
            "images": [
                "https:\/\/cdn.poizon.com\/pro-img\/origin-img\/20230710\/7dc730b0076740af9501cc6357d35544.jpg",
                "https:\/\/cdn.poizon.com\/pro-img\/origin-img\/2025061523\/cfaf3191c0ecceffa5cce68098b79160.jpg",
                "https:\/\/cdn.poizon.com\/pro-img\/origin-img\/2025061523\/b6283ab860efadd9d45c461420912f58.jpg",
                "https:\/\/cdn.poizon.com\/pro-img\/origin-img\/20230710\/3df1374639034a94b8bb9f2948e17c27.jpg",
                "https:\/\/cdn.poizon.com\/pro-img\/origin-img\/20230710\/653ed5125bc04873afa6679162dc1f30.jpg",
                "https:\/\/cdn.poizon.com\/pro-img\/origin-img\/20230710\/1f21ba184ec849f783a0a1f9aef30ecb.jpg",
                "https:\/\/cdn.poizon.com\/pro-img\/origin-img\/20230710\/691b784b637e42a79cbf6a9db1212aa2.jpg",
                "https:\/\/cdn.poizon.com\/pro-img\/origin-img\/20230710\/0dadf484476b401193ddafc463a6a01c.jpg",
                "https:\/\/cdn.poizon.com\/stark\/stark-web\/1740513263\/72e02250b00d932fc80e2fdc5c22635a.jpg",
                "https:\/\/cdn.poizon.com\/stark\/stark-web\/1740513263\/16ce9c345a9e669ddcbbd260e50d2f5a.jpg",
                "https:\/\/cdn.poizon.com\/stark\/stark-web\/1740513263\/c7de56b991d9b0643adb549594dd0a6b.jpg",
                "https:\/\/cdn.poizon.com\/stark\/stark-web\/1740513263\/6fa399d7092985a3cb3ee8e5a58a5da9.jpg"
            ],
            "price": 1090,
            "purchasePrice": 999,
            "count": 1,
            "available": true,
            "timeDelivery": {
                "min": 5,
                "max": 6
            },
            "vat": "NO_VAT",
            "currency": "RUR",
            "params": [
                {
                    "key": "Цвет",
                    "value": "Белый серый"
                },
                {
                    "key": "Вариант",
                    "value": "Ширина D"
                },
                {
                    "key": "Размер",
                    "value": "42.5"
                }
            ],
            "vendor": "New Balance",
            "seriesName": ""
        },
        {
            "productId": 701506,
            "parentId": 701506,
            "url": "https:\/\/fast.dewu.com\/page\/productDetail?sourceName=sharedetail&spuId=5395906",
            "variantId": 626807564,
            "title": "New Balance Numeric Tiago Lemos 808",
            "description": "【Первоначальная цена приложения Get Things будет объявлена 23 июля 2023 года】",
            "vendorCode": "NM808WBY -12",
            "categoryId": 8713,
            "vendorId": 28,
            "images": [
                "https:\/\/cdn.poizon.com\/pro-img\/origin-img\/20230710\/7dc730b0076740af9501cc6357d35544.jpg",
                "https:\/\/cdn.poizon.com\/pro-img\/origin-img\/2025061523\/cfaf3191c0ecceffa5cce68098b79160.jpg",
                "https:\/\/cdn.poizon.com\/pro-img\/origin-img\/2025061523\/b6283ab860efadd9d45c461420912f58.jpg",
                "https:\/\/cdn.poizon.com\/pro-img\/origin-img\/20230710\/3df1374639034a94b8bb9f2948e17c27.jpg",
                "https:\/\/cdn.poizon.com\/pro-img\/origin-img\/20230710\/653ed5125bc04873afa6679162dc1f30.jpg",
                "https:\/\/cdn.poizon.com\/pro-img\/origin-img\/20230710\/1f21ba184ec849f783a0a1f9aef30ecb.jpg",
                "https:\/\/cdn.poizon.com\/pro-img\/origin-img\/20230710\/691b784b637e42a79cbf6a9db1212aa2.jpg",
                "https:\/\/cdn.poizon.com\/pro-img\/origin-img\/20230710\/0dadf484476b401193ddafc463a6a01c.jpg",
                "https:\/\/cdn.poizon.com\/stark\/stark-web\/1740513263\/72e02250b00d932fc80e2fdc5c22635a.jpg",
                "https:\/\/cdn.poizon.com\/stark\/stark-web\/1740513263\/16ce9c345a9e669ddcbbd260e50d2f5a.jpg",
                "https:\/\/cdn.poizon.com\/stark\/stark-web\/1740513263\/c7de56b991d9b0643adb549594dd0a6b.jpg",
                "https:\/\/cdn.poizon.com\/stark\/stark-web\/1740513263\/6fa399d7092985a3cb3ee8e5a58a5da9.jpg"
            ],
            "price": 0,
            "purchasePrice": 0,
            "count": 0,
            "available": false,
            "timeDelivery": {
                "min": 15,
                "max": 24
            },
            "vat": "NO_VAT",
            "currency": "RUR",
            "params": [
                {
                    "key": "Цвет",
                    "value": "Белый серый"
                },
                {
                    "key": "Вариант",
                    "value": "Ширина D"
                },
                {
                    "key": "Размер",
                    "value": "43"
                }
            ],
            "vendor": "New Balance",
            "seriesName": ""
        },
        {
            "productId": 701506,
            "parentId": 701506,
            "url": "https:\/\/fast.dewu.com\/page\/productDetail?sourceName=sharedetail&spuId=5395906",
            "variantId": 626807565,
            "title": "New Balance Numeric Tiago Lemos 808",
            "description": "【Первоначальная цена приложения Get Things будет объявлена 23 июля 2023 года】",
            "vendorCode": "NM808WBY -13",
            "categoryId": 8713,
            "vendorId": 28,
            "images": [
                "https:\/\/cdn.poizon.com\/pro-img\/origin-img\/20230710\/7dc730b0076740af9501cc6357d35544.jpg",
                "https:\/\/cdn.poizon.com\/pro-img\/origin-img\/2025061523\/cfaf3191c0ecceffa5cce68098b79160.jpg",
                "https:\/\/cdn.poizon.com\/pro-img\/origin-img\/2025061523\/b6283ab860efadd9d45c461420912f58.jpg",
                "https:\/\/cdn.poizon.com\/pro-img\/origin-img\/20230710\/3df1374639034a94b8bb9f2948e17c27.jpg",
                "https:\/\/cdn.poizon.com\/pro-img\/origin-img\/20230710\/653ed5125bc04873afa6679162dc1f30.jpg",
                "https:\/\/cdn.poizon.com\/pro-img\/origin-img\/20230710\/1f21ba184ec849f783a0a1f9aef30ecb.jpg",
                "https:\/\/cdn.poizon.com\/pro-img\/origin-img\/20230710\/691b784b637e42a79cbf6a9db1212aa2.jpg",
                "https:\/\/cdn.poizon.com\/pro-img\/origin-img\/20230710\/0dadf484476b401193ddafc463a6a01c.jpg",
                "https:\/\/cdn.poizon.com\/stark\/stark-web\/1740513263\/72e02250b00d932fc80e2fdc5c22635a.jpg",
                "https:\/\/cdn.poizon.com\/stark\/stark-web\/1740513263\/16ce9c345a9e669ddcbbd260e50d2f5a.jpg",
                "https:\/\/cdn.poizon.com\/stark\/stark-web\/1740513263\/c7de56b991d9b0643adb549594dd0a6b.jpg",
                "https:\/\/cdn.poizon.com\/stark\/stark-web\/1740513263\/6fa399d7092985a3cb3ee8e5a58a5da9.jpg"
            ],
            "price": 0,
            "purchasePrice": 0,
            "count": 0,
            "available": false,
            "timeDelivery": {
                "min": 15,
                "max": 24
            },
            "vat": "NO_VAT",
            "currency": "RUR",
            "params": [
                {
                    "key": "Цвет",
                    "value": "Белый серый"
                },
                {
                    "key": "Вариант",
                    "value": "Ширина D"
                },
                {
                    "key": "Размер",
                    "value": "44"
                }
            ],
            "vendor": "New Balance",
            "seriesName": ""
        },
        {
            "productId": 701506,
            "parentId": 701506,
            "url": "https:\/\/fast.dewu.com\/page\/productDetail?sourceName=sharedetail&spuId=5395906",
            "variantId": 626807566,
            "title": "New Balance Numeric Tiago Lemos 808",
            "description": "【Первоначальная цена приложения Get Things будет объявлена 23 июля 2023 года】",
            "vendorCode": "NM808WBY -14",
            "categoryId": 8713,
            "vendorId": 28,
            "images": [
                "https:\/\/cdn.poizon.com\/pro-img\/origin-img\/20230710\/7dc730b0076740af9501cc6357d35544.jpg",
                "https:\/\/cdn.poizon.com\/pro-img\/origin-img\/2025061523\/cfaf3191c0ecceffa5cce68098b79160.jpg",
                "https:\/\/cdn.poizon.com\/pro-img\/origin-img\/2025061523\/b6283ab860efadd9d45c461420912f58.jpg",
                "https:\/\/cdn.poizon.com\/pro-img\/origin-img\/20230710\/3df1374639034a94b8bb9f2948e17c27.jpg",
                "https:\/\/cdn.poizon.com\/pro-img\/origin-img\/20230710\/653ed5125bc04873afa6679162dc1f30.jpg",
                "https:\/\/cdn.poizon.com\/pro-img\/origin-img\/20230710\/1f21ba184ec849f783a0a1f9aef30ecb.jpg",
                "https:\/\/cdn.poizon.com\/pro-img\/origin-img\/20230710\/691b784b637e42a79cbf6a9db1212aa2.jpg",
                "https:\/\/cdn.poizon.com\/pro-img\/origin-img\/20230710\/0dadf484476b401193ddafc463a6a01c.jpg",
                "https:\/\/cdn.poizon.com\/stark\/stark-web\/1740513263\/72e02250b00d932fc80e2fdc5c22635a.jpg",
                "https:\/\/cdn.poizon.com\/stark\/stark-web\/1740513263\/16ce9c345a9e669ddcbbd260e50d2f5a.jpg",
                "https:\/\/cdn.poizon.com\/stark\/stark-web\/1740513263\/c7de56b991d9b0643adb549594dd0a6b.jpg",
                "https:\/\/cdn.poizon.com\/stark\/stark-web\/1740513263\/6fa399d7092985a3cb3ee8e5a58a5da9.jpg"
            ],
            "price": 0,
            "purchasePrice": 0,
            "count": 0,
            "available": false,
            "timeDelivery": {
                "min": 15,
                "max": 24
            },
            "vat": "NO_VAT",
            "currency": "RUR",
            "params": [
                {
                    "key": "Цвет",
                    "value": "Белый серый"
                },
                {
                    "key": "Вариант",
                    "value": "Ширина D"
                },
                {
                    "key": "Размер",
                    "value": "44.5"
                }
            ],
            "vendor": "New Balance",
            "seriesName": ""
        },
        {
            "productId": 701506,
            "parentId": 701506,
            "url": "https:\/\/fast.dewu.com\/page\/productDetail?sourceName=sharedetail&spuId=5395906",
            "variantId": 626807567,
            "title": "New Balance Numeric Tiago Lemos 808",
            "description": "【Первоначальная цена приложения Get Things будет объявлена 23 июля 2023 года】",
            "vendorCode": "NM808WBY -15",
            "categoryId": 8713,
            "vendorId": 28,
            "images": [
                "https:\/\/cdn.poizon.com\/pro-img\/origin-img\/20230710\/7dc730b0076740af9501cc6357d35544.jpg",
                "https:\/\/cdn.poizon.com\/pro-img\/origin-img\/2025061523\/cfaf3191c0ecceffa5cce68098b79160.jpg",
                "https:\/\/cdn.poizon.com\/pro-img\/origin-img\/2025061523\/b6283ab860efadd9d45c461420912f58.jpg",
                "https:\/\/cdn.poizon.com\/pro-img\/origin-img\/20230710\/3df1374639034a94b8bb9f2948e17c27.jpg",
                "https:\/\/cdn.poizon.com\/pro-img\/origin-img\/20230710\/653ed5125bc04873afa6679162dc1f30.jpg",
                "https:\/\/cdn.poizon.com\/pro-img\/origin-img\/20230710\/1f21ba184ec849f783a0a1f9aef30ecb.jpg",
                "https:\/\/cdn.poizon.com\/pro-img\/origin-img\/20230710\/691b784b637e42a79cbf6a9db1212aa2.jpg",
                "https:\/\/cdn.poizon.com\/pro-img\/origin-img\/20230710\/0dadf484476b401193ddafc463a6a01c.jpg",
                "https:\/\/cdn.poizon.com\/stark\/stark-web\/1740513263\/72e02250b00d932fc80e2fdc5c22635a.jpg",
                "https:\/\/cdn.poizon.com\/stark\/stark-web\/1740513263\/16ce9c345a9e669ddcbbd260e50d2f5a.jpg",
                "https:\/\/cdn.poizon.com\/stark\/stark-web\/1740513263\/c7de56b991d9b0643adb549594dd0a6b.jpg",
                "https:\/\/cdn.poizon.com\/stark\/stark-web\/1740513263\/6fa399d7092985a3cb3ee8e5a58a5da9.jpg"
            ],
            "price": 0,
            "purchasePrice": 0,
            "count": 0,
            "available": false,
            "timeDelivery": {
                "min": 15,
                "max": 24
            },
            "vat": "NO_VAT",
            "currency": "RUR",
            "params": [
                {
                    "key": "Цвет",
                    "value": "Белый серый"
                },
                {
                    "key": "Вариант",
                    "value": "Ширина D"
                },
                {
                    "key": "Размер",
                    "value": "45"
                }
            ],
            "vendor": "New Balance",
            "seriesName": ""
        },
        {
            "productId": 701506,
            "parentId": 701506,
            "url": "https:\/\/fast.dewu.com\/page\/productDetail?sourceName=sharedetail&spuId=5395906",
            "variantId": 626807568,
            "title": "New Balance Numeric Tiago Lemos 808",
            "description": "【Первоначальная цена приложения Get Things будет объявлена 23 июля 2023 года】",
            "vendorCode": "NM808WBY -16",
            "categoryId": 8713,
            "vendorId": 28,
            "images": [
                "https:\/\/cdn.poizon.com\/pro-img\/origin-img\/20230710\/7dc730b0076740af9501cc6357d35544.jpg",
                "https:\/\/cdn.poizon.com\/pro-img\/origin-img\/2025061523\/cfaf3191c0ecceffa5cce68098b79160.jpg",
                "https:\/\/cdn.poizon.com\/pro-img\/origin-img\/2025061523\/b6283ab860efadd9d45c461420912f58.jpg",
                "https:\/\/cdn.poizon.com\/pro-img\/origin-img\/20230710\/3df1374639034a94b8bb9f2948e17c27.jpg",
                "https:\/\/cdn.poizon.com\/pro-img\/origin-img\/20230710\/653ed5125bc04873afa6679162dc1f30.jpg",
                "https:\/\/cdn.poizon.com\/pro-img\/origin-img\/20230710\/1f21ba184ec849f783a0a1f9aef30ecb.jpg",
                "https:\/\/cdn.poizon.com\/pro-img\/origin-img\/20230710\/691b784b637e42a79cbf6a9db1212aa2.jpg",
                "https:\/\/cdn.poizon.com\/pro-img\/origin-img\/20230710\/0dadf484476b401193ddafc463a6a01c.jpg",
                "https:\/\/cdn.poizon.com\/stark\/stark-web\/1740513263\/72e02250b00d932fc80e2fdc5c22635a.jpg",
                "https:\/\/cdn.poizon.com\/stark\/stark-web\/1740513263\/16ce9c345a9e669ddcbbd260e50d2f5a.jpg",
                "https:\/\/cdn.poizon.com\/stark\/stark-web\/1740513263\/c7de56b991d9b0643adb549594dd0a6b.jpg",
                "https:\/\/cdn.poizon.com\/stark\/stark-web\/1740513263\/6fa399d7092985a3cb3ee8e5a58a5da9.jpg"
            ],
            "price": 0,
            "purchasePrice": 0,
            "count": 0,
            "available": false,
            "timeDelivery": {
                "min": 15,
                "max": 24
            },
            "vat": "NO_VAT",
            "currency": "RUR",
            "params": [
                {
                    "key": "Цвет",
                    "value": "Белый серый"
                },
                {
                    "key": "Вариант",
                    "value": "Ширина D"
                },
                {
                    "key": "Размер",
                    "value": "45.5"
                }
            ],
            "vendor": "New Balance",
            "seriesName": ""
        },
        {
            "productId": 701506,
            "parentId": 701506,
            "url": "https:\/\/fast.dewu.com\/page\/productDetail?sourceName=sharedetail&spuId=5395906",
            "variantId": 626807569,
            "title": "New Balance Numeric Tiago Lemos 808",
            "description": "【Первоначальная цена приложения Get Things будет объявлена 23 июля 2023 года】",
            "vendorCode": "NM808WBY -17",
            "categoryId": 8713,
            "vendorId": 28,
            "images": [
                "https:\/\/cdn.poizon.com\/pro-img\/origin-img\/20230710\/7dc730b0076740af9501cc6357d35544.jpg",
                "https:\/\/cdn.poizon.com\/pro-img\/origin-img\/2025061523\/cfaf3191c0ecceffa5cce68098b79160.jpg",
                "https:\/\/cdn.poizon.com\/pro-img\/origin-img\/2025061523\/b6283ab860efadd9d45c461420912f58.jpg",
                "https:\/\/cdn.poizon.com\/pro-img\/origin-img\/20230710\/3df1374639034a94b8bb9f2948e17c27.jpg",
                "https:\/\/cdn.poizon.com\/pro-img\/origin-img\/20230710\/653ed5125bc04873afa6679162dc1f30.jpg",
                "https:\/\/cdn.poizon.com\/pro-img\/origin-img\/20230710\/1f21ba184ec849f783a0a1f9aef30ecb.jpg",
                "https:\/\/cdn.poizon.com\/pro-img\/origin-img\/20230710\/691b784b637e42a79cbf6a9db1212aa2.jpg",
                "https:\/\/cdn.poizon.com\/pro-img\/origin-img\/20230710\/0dadf484476b401193ddafc463a6a01c.jpg",
                "https:\/\/cdn.poizon.com\/stark\/stark-web\/1740513263\/72e02250b00d932fc80e2fdc5c22635a.jpg",
                "https:\/\/cdn.poizon.com\/stark\/stark-web\/1740513263\/16ce9c345a9e669ddcbbd260e50d2f5a.jpg",
                "https:\/\/cdn.poizon.com\/stark\/stark-web\/1740513263\/c7de56b991d9b0643adb549594dd0a6b.jpg",
                "https:\/\/cdn.poizon.com\/stark\/stark-web\/1740513263\/6fa399d7092985a3cb3ee8e5a58a5da9.jpg"
            ],
            "price": 0,
            "purchasePrice": 0,
            "count": 0,
            "available": false,
            "timeDelivery": {
                "min": 15,
                "max": 24
            },
            "vat": "NO_VAT",
            "currency": "RUR",
            "params": [
                {
                    "key": "Цвет",
                    "value": "Белый серый"
                },
                {
                    "key": "Вариант",
                    "value": "Ширина D"
                },
                {
                    "key": "Размер",
                    "value": "46.5"
                }
            ],
            "vendor": "New Balance",
            "seriesName": ""
        }
    ]
}

  🔄 [91/316] Импортирую: New Balance NB Pro Court (ID: 701510)...
[91/316] Импорт: New Balance NB Pro Court (ID: 701510)
Батч-вставка размеров: 15 шт для product_id=140
Импортировано изображений вариантов: 75 для product_id=140
     ✅ Успешно (создано вариантов: 1368)
     Успешно импортирован
  🔄 [92/316] Импортирую: New Balance NB 101 (ID: 701511)...
[92/316] Импорт: New Balance NB 101 (ID: 701511)
Батч-вставка размеров: 15 шт для product_id=141
Импортировано изображений вариантов: 60 для product_id=141
     ✅ Успешно (создано вариантов: 1383)
     Успешно импортирован
  🔄 [93/316] Импортирую: New Balance NB 300 (ID: 701512)...
[93/316] Импорт: New Balance NB 300 (ID: 701512)
Батч-вставка размеров: 15 шт для product_id=142
Импортировано изображений вариантов: 75 для product_id=142
     ✅ Успешно (создано вариантов: 1398)
     Успешно импортирован
  🔄 [94/316] Импортирую: New Balance NB 2002R (ID: 706117)...
[94/316] Импорт: New Balance NB 2002R (ID: 706117)
Батч-вставка размеров: 16 шт для product_id=143
Импортировано изображений вариантов: 160 для product_id=143
     ✅ Успешно (создано вариантов: 1414)
     Успешно импортирован
  🔄 [95/316] Импортирую: New Balance NB 237 (ID: 706135)...
[95/316] Импорт: New Balance NB 237 (ID: 706135)
Батч-вставка размеров: 7 шт для product_id=144
Импортировано изображений вариантов: 35 для product_id=144
     ✅ Успешно (создано вариантов: 1421)
     Успешно импортирован
  🔄 [96/316] Импортирую: New Balance Wmns 530 (ID: 706136)...
[96/316] Импорт: New Balance Wmns 530 (ID: 706136)
Батч-вставка размеров: 8 шт для product_id=145
Импортировано изображений вариантов: 32 для product_id=145
     ✅ Успешно (создано вариантов: 1429)
     Успешно импортирован
  🔄 [97/316] Импортирую: New Balance NB 530 (ID: 706140)...
[97/316] Импорт: New Balance NB 530 (ID: 706140)
Батч-вставка размеров: 15 шт для product_id=146
Импортировано изображений вариантов: 75 для product_id=146
     ✅ Успешно (создано вариантов: 1444)
     Успешно импортирован
  🔄 [98/316] Импортирую: New Balance NB 530 D (ID: 706142)...
[98/316] Импорт: New Balance NB 530 D (ID: 706142)
Батч-вставка размеров: 20 шт для product_id=147
Импортировано изображений вариантов: 100 для product_id=147
     ✅ Успешно (создано вариантов: 1464)
     Успешно импортирован
  🔄 [99/316] Импортирую: New Balance NB 530 "90's Running Leather" (ID: 706147)...
[99/316] Импорт: New Balance NB 530 "90's Running Leather" (ID: 706147)
Батч-вставка размеров: 10 шт для product_id=148
Импортировано изображений вариантов: 40 для product_id=148
     ✅ Успешно (создано вариантов: 1474)
     Успешно импортирован
  🔄 [100/316] Импортирую: New Balance NB 996 Logo (ID: 706540)...
[100/316] Импорт: New Balance NB 996 Logo (ID: 706540)
Батч-вставка размеров: 16 шт для product_id=149
Импортировано изображений вариантов: 64 для product_id=149
     ✅ Успешно (создано вариантов: 1490)
     Успешно импортирован
  🔄 [101/316] Импортирую: New Balance NB 574 (ID: 706583)...
[101/316] Импорт: New Balance NB 574 (ID: 706583)
Батч-вставка размеров: 10 шт для product_id=150
Импортировано изображений вариантов: 60 для product_id=150
     ✅ Успешно (создано вариантов: 1500)
     Успешно импортирован
  🔄 [102/316] Импортирую: New Balance NB 996 (ID: 706651)...
[102/316] Импорт: New Balance NB 996 (ID: 706651)
Батч-вставка размеров: 17 шт для product_id=151
Импортировано изображений вариантов: 85 для product_id=151
     ✅ Успешно (создано вариантов: 1517)
     Успешно импортирован
  🔄 [103/316] Импортирую: New Balance NB 880 (ID: 706660)...
[103/316] Импорт: New Balance NB 880 (ID: 706660)
Батч-вставка размеров: 9 шт для product_id=152
Импортировано изображений вариантов: 45 для product_id=152
     ✅ Успешно (создано вариантов: 1526)
     Успешно импортирован
  🔄 [104/316] Импортирую: New Balance NB 520 D (ID: 706661)...
[104/316] Импорт: New Balance NB 520 D (ID: 706661)
Батч-вставка размеров: 15 шт для product_id=153
Импортировано изображений вариантов: 75 для product_id=153
     ✅ Успешно (создано вариантов: 1541)
     Успешно импортирован
  🔄 [105/316] Импортирую: New Balance NB 997S D (ID: 706891)...
[105/316] Импорт: New Balance NB 997S D (ID: 706891)
Батч-вставка размеров: 14 шт для product_id=154
Импортировано изображений вариантов: 56 для product_id=154
     ✅ Успешно (создано вариантов: 1555)
     Успешно импортирован
  🔄 [106/316] Импортирую: New Balance NB 990 V4 (ID: 706899)...
[106/316] Импорт: New Balance NB 990 V4 (ID: 706899)
Батч-вставка размеров: 17 шт для product_id=155
Импортировано изображений вариантов: 51 для product_id=155
     ✅ Успешно (создано вариантов: 1572)
     Успешно импортирован
  🔄 [107/316] Импортирую: New Balance NB 300 (ID: 706910)...
[107/316] Импорт: New Balance NB 300 (ID: 706910)
Батч-вставка размеров: 13 шт для product_id=156
Импортировано изображений вариантов: 65 для product_id=156
     ✅ Успешно (создано вариантов: 1585)
     Успешно импортирован
  🔄 [108/316] Импортирую: New Balance NB 574 B (ID: 706927)...
[108/316] Импорт: New Balance NB 574 B (ID: 706927)
Батч-вставка размеров: 8 шт для product_id=157
Импортировано изображений вариантов: 40 для product_id=157
     ✅ Успешно (создано вариантов: 1593)
     Успешно импортирован
  🔄 [109/316] Импортирую: New Balance NB 576 (ID: 706992)...
[109/316] Импорт: New Balance NB 576 (ID: 706992)
Батч-вставка размеров: 11 шт для product_id=158
Импортировано изображений вариантов: 44 для product_id=158
     ✅ Успешно (создано вариантов: 1604)
     Успешно импортирован
  🔄 [110/316] Импортирую: Niko and ... x New Balance NB 327 (ID: 707045)...
[110/316] Импорт: Niko and ... x New Balance NB 327 (ID: 707045)
Батч-вставка размеров: 13 шт для product_id=159
Импортировано изображений вариантов: 26 для product_id=159
     ✅ Успешно (создано вариантов: 1617)
     Успешно импортирован
  🔄 [111/316] Импортирую: New Balance NB 574 (ID: 707071)...
[111/316] Импорт: New Balance NB 574 (ID: 707071)
Батч-вставка размеров: 9 шт для product_id=160
Импортировано изображений вариантов: 45 для product_id=160
     ✅ Успешно (создано вариантов: 1626)
     Успешно импортирован
  🔄 [112/316] Импортирую: New Balance NB 997 (ID: 707072)...
[112/316] Импорт: New Balance NB 997 (ID: 707072)
Батч-вставка размеров: 9 шт для product_id=161
Импортировано изображений вариантов: 36 для product_id=161
     ✅ Успешно (создано вариантов: 1635)
     Успешно импортирован
  🔄 [113/316] Импортирую: New Balance NB FuelCell Rebel v2 (ID: 707151)...
[113/316] Импорт: New Balance NB FuelCell Rebel v2 (ID: 707151)
Батч-вставка размеров: 18 шт для product_id=162
Импортировано изображений вариантов: 108 для product_id=162
     ✅ Успешно (создано вариантов: 1653)
     Успешно импортирован
  🔄 [114/316] Импортирую: New Balance NB 997S (ID: 707155)...
[114/316] Импорт: New Balance NB 997S (ID: 707155)
Батч-вставка размеров: 14 шт для product_id=163
Импортировано изображений вариантов: 70 для product_id=163
     ✅ Успешно (создано вариантов: 1667)
     Успешно импортирован
  🔄 [115/316] Импортирую: New Balance NB 1500 v6 "City Pack" PU 2E (ID: 707230)...
[115/316] Импорт: New Balance NB 1500 v6 "City Pack" PU 2E (ID: 707230)
Батч-вставка размеров: 9 шт для product_id=164
Импортировано изображений вариантов: 36 для product_id=164
     ✅ Успешно (создано вариантов: 1676)
     Успешно импортирован
  🔄 [116/316] Импортирую: New Balance NB 9000 (ID: 707231)...
[116/316] Импорт: New Balance NB 9000 (ID: 707231)
Батч-вставка размеров: 16 шт для product_id=165
Импортировано изображений вариантов: 80 для product_id=165
     ✅ Успешно (создано вариантов: 1692)
     Успешно импортирован
  🔄 [117/316] Импортирую: New Balance NB 530 (ID: 707240)...
[117/316] Импорт: New Balance NB 530 (ID: 707240)
Батч-вставка размеров: 10 шт для product_id=166
Импортировано изображений вариантов: 50 для product_id=166
     ✅ Успешно (создано вариантов: 1702)
     Успешно импортирован
  🔄 [118/316] Импортирую: New Balance NB 574 LOGO (ID: 707245)...
[118/316] Импорт: New Balance NB 574 LOGO (ID: 707245)
Батч-вставка размеров: 6 шт для product_id=167
Импортировано изображений вариантов: 30 для product_id=167
     ✅ Успешно (создано вариантов: 1708)
     Успешно импортирован
  🔄 [119/316] Импортирую: New Balance NB 574 (ID: 707274)...
[119/316] Импорт: New Balance NB 574 (ID: 707274)
Батч-вставка размеров: 11 шт для product_id=168
Импортировано изображений вариантов: 44 для product_id=168
     ✅ Успешно (создано вариантов: 1719)
     Успешно импортирован
  🔄 [120/316] Импортирую: New Balance Hierro v2 Fresh Foam Hierro v2 (ID: 707319)...
[120/316] Импорт: New Balance Hierro v2 Fresh Foam Hierro v2 (ID: 707319)
Батч-вставка размеров: 16 шт для product_id=169
Импортировано изображений вариантов: 64 для product_id=169
     ✅ Успешно (создано вариантов: 1735)
     Успешно импортирован
  🔄 [121/316] Импортирую: New Balance NB 574 (ID: 707359)...
[121/316] Импорт: New Balance NB 574 (ID: 707359)
Батч-вставка размеров: 8 шт для product_id=170
Импортировано изображений вариантов: 32 для product_id=170
     ✅ Успешно (создано вариантов: 1743)
     Успешно импортирован
  🔄 [122/316] Импортирую: New Balance NB 360 D (ID: 707398)...
[122/316] Импорт: New Balance NB 360 D (ID: 707398)
Батч-вставка размеров: 17 шт для product_id=171
Импортировано изображений вариантов: 85 для product_id=171
     ✅ Успешно (создано вариантов: 1760)
     Успешно импортирован
  🔄 [123/316] Импортирую: New Balance NB 580 (ID: 707421)...
[123/316] Импорт: New Balance NB 580 (ID: 707421)
Батч-вставка размеров: 9 шт для product_id=172
Импортировано изображений вариантов: 36 для product_id=172
     ✅ Успешно (создано вариантов: 1769)
     Успешно импортирован
  🔄 [124/316] Импортирую: New Balance NB 565 D (ID: 707450)...
[124/316] Импорт: New Balance NB 565 D (ID: 707450)
Батч-вставка размеров: 15 шт для product_id=173
Импортировано изображений вариантов: 75 для product_id=173
     ✅ Успешно (создано вариантов: 1784)
     Успешно импортирован
  🔄 [125/316] Импортирую: New Balance NB 576 (ID: 707484)...
[125/316] Импорт: New Balance NB 576 (ID: 707484)
Батч-вставка размеров: 10 шт для product_id=174
Импортировано изображений вариантов: 40 для product_id=174
     ✅ Успешно (создано вариантов: 1794)
     Успешно импортирован
  🔄 [126/316] Импортирую: New Balance NB 800 v6 Track Spike (ID: 707498)...
[126/316] Импорт: New Balance NB 800 v6 Track Spike (ID: 707498)
Батч-вставка размеров: 15 шт для product_id=175
Импортировано изображений вариантов: 60 для product_id=175
     ✅ Успешно (создано вариантов: 1809)
     Успешно импортирован
  🔄 [127/316] Импортирую: New Balance NB 300 Leather (ID: 707501)...
[127/316] Импорт: New Balance NB 300 Leather (ID: 707501)
Батч-вставка размеров: 14 шт для product_id=176
Импортировано изображений вариантов: 70 для product_id=176
     ✅ Успешно (создано вариантов: 1823)
     Успешно импортирован
  🔄 [128/316] Импортирую: New Balance NB 500 (ID: 707568)...
[128/316] Импорт: New Balance NB 500 (ID: 707568)
Батч-вставка размеров: 9 шт для product_id=177
Импортировано изображений вариантов: 36 для product_id=177
     ✅ Успешно (создано вариантов: 1832)
     Успешно импортирован
  🔄 [129/316] Импортирую: New Balance NB 237 (ID: 707582)...
[129/316] Импорт: New Balance NB 237 (ID: 707582)
Батч-вставка размеров: 15 шт для product_id=178
Импортировано изображений вариантов: 75 для product_id=178
     ✅ Успешно (создано вариантов: 1847)
     Успешно импортирован
  🔄 [130/316] Импортирую: New Balance NB 996 (ID: 707614)...
[130/316] Импорт: New Balance NB 996 (ID: 707614)
Батч-вставка размеров: 15 шт для product_id=179
Импортировано изображений вариантов: 75 для product_id=179
     ✅ Успешно (создано вариантов: 1862)
     Успешно импортирован
  🔄 [131/316] Импортирую: New Balance NB 576 (ID: 707630)...
[131/316] Импорт: New Balance NB 576 (ID: 707630)
Батч-вставка размеров: 7 шт для product_id=180
Импортировано изображений вариантов: 28 для product_id=180
     ✅ Успешно (создано вариантов: 1869)
     Успешно импортирован
  🔄 [132/316] Импортирую: New Balance NB 237 (ID: 707645)...
[132/316] Импорт: New Balance NB 237 (ID: 707645)
Батч-вставка размеров: 5 шт для product_id=181
Импортировано изображений вариантов: 25 для product_id=181
     ✅ Успешно (создано вариантов: 1874)
     Успешно импортирован
  🔄 [133/316] Импортирую: New Balance NB 446 (ID: 707735)...
[133/316] Импорт: New Balance NB 446 (ID: 707735)
Батч-вставка размеров: 14 шт для product_id=182
Импортировано изображений вариантов: 56 для product_id=182
     ✅ Успешно (создано вариантов: 1888)
     Успешно импортирован
  🔄 [134/316] Импортирую: New Balance NB 237 (ID: 707775)...
[134/316] Импорт: New Balance NB 237 (ID: 707775)
Батч-вставка размеров: 8 шт для product_id=183
Импортировано изображений вариантов: 32 для product_id=183
     ✅ Успешно (создано вариантов: 1896)
     Успешно импортирован
  🔄 [135/316] Импортирую: New Balance D (ID: 707835)...
[135/316] Импорт: New Balance D (ID: 707835)
Батч-вставка размеров: 11 шт для product_id=184
Импортировано изображений вариантов: 44 для product_id=184
     ✅ Успешно (создано вариантов: 1907)
     Успешно импортирован
  🔄 [136/316] Импортирую: New Balance NB 996 (ID: 707838)...
[136/316] Импорт: New Balance NB 996 (ID: 707838)
Батч-вставка размеров: 11 шт для product_id=185
Импортировано изображений вариантов: 44 для product_id=185
     ✅ Успешно (создано вариантов: 1918)
     Успешно импортирован
  🔄 [137/316] Импортирую: New Balance NB 520 (ID: 707847)...
[137/316] Импорт: New Balance NB 520 (ID: 707847)
Батч-вставка размеров: 19 шт для product_id=186
Импортировано изображений вариантов: 95 для product_id=186
     ✅ Успешно (создано вариантов: 1937)
     Успешно импортирован
  🔄 [138/316] Импортирую: New Balance NB 530 Summer Waves (ID: 707906)...
[138/316] Импорт: New Balance NB 530 Summer Waves (ID: 707906)
Батч-вставка размеров: 8 шт для product_id=187
Импортировано изображений вариантов: 32 для product_id=187
     ✅ Успешно (создано вариантов: 1945)
     Успешно импортирован
  🔄 [139/316] Импортирую: Thisisneverthat x New Balance NB 997 (ID: 707942)...
[139/316] Импорт: Thisisneverthat x New Balance NB 997 (ID: 707942)
Батч-вставка размеров: 13 шт для product_id=188
Импортировано изображений вариантов: 65 для product_id=188
     ✅ Успешно (создано вариантов: 1958)
     Успешно импортирован
  🔄 [140/316] Импортирую: New Balance NB 998 (ID: 707956)...
[140/316] Импорт: New Balance NB 998 (ID: 707956)
Батч-вставка размеров: 8 шт для product_id=189
Импортировано изображений вариантов: 32 для product_id=189
     ✅ Успешно (создано вариантов: 1966)
     Успешно импортирован
  🔄 [141/316] Импортирую: New Balance 610v1 (ID: 707985)...
[141/316] Импорт: New Balance 610v1 (ID: 707985)
Батч-вставка размеров: 16 шт для product_id=190
Импортировано изображений вариантов: 80 для product_id=190
     ✅ Успешно (создано вариантов: 1982)
     Успешно импортирован
  🔄 [142/316] Импортирую:  New Balance NB 550 (ID: 707992)...
[142/316] Импорт:  New Balance NB 550 (ID: 707992)
Батч-вставка размеров: 38 шт для product_id=191
Импортировано изображений вариантов: 342 для product_id=191
     ✅ Успешно (создано вариантов: 2020)
     Успешно импортирован
  🔄 [143/316] Импортирую: New Balance NB 990 V4 D (ID: 708084)...
[143/316] Импорт: New Balance NB 990 V4 D (ID: 708084)
Батч-вставка размеров: 7 шт для product_id=192
Импортировано изображений вариантов: 28 для product_id=192
     ✅ Успешно (создано вариантов: 2027)
     Успешно импортирован
  🔄 [144/316] Импортирую: New Balance NB 1400 (ID: 708088)...
[144/316] Импорт: New Balance NB 1400 (ID: 708088)
Батч-вставка размеров: 16 шт для product_id=193
Импортировано изображений вариантов: 96 для product_id=193
     ✅ Успешно (создано вариантов: 2043)
     Успешно импортирован
  🔄 [145/316] Импортирую: New Balance NB 997S (ID: 708127)...
[145/316] Импорт: New Balance NB 997S (ID: 708127)
Батч-вставка размеров: 15 шт для product_id=194
Импортировано изображений вариантов: 75 для product_id=194
     ✅ Успешно (создано вариантов: 2058)
     Успешно импортирован
  🔄 [146/316] Импортирую:  New Balance NB 410 v5 Y2K (ID: 708177)...
[146/316] Импорт:  New Balance NB 410 v5 Y2K (ID: 708177)
Батч-вставка размеров: 8 шт для product_id=195
Импортировано изображений вариантов: 72 для product_id=195
     ✅ Успешно (создано вариантов: 2066)
     Успешно импортирован
  🔄 [147/316] Импортирую: New Balance NB 878 (ID: 713614)...
[147/316] Импорт: New Balance NB 878 (ID: 713614)
Батч-вставка размеров: 8 шт для product_id=196
Импортировано изображений вариантов: 32 для product_id=196
     ✅ Успешно (создано вариантов: 2074)
     Успешно импортирован
  🔄 [148/316] Импортирую: New Balance NB 1600 (ID: 713616)...
[148/316] Импорт: New Balance NB 1600 (ID: 713616)
Батч-вставка размеров: 15 шт для product_id=197
Импортировано изображений вариантов: 75 для product_id=197
     ✅ Успешно (создано вариантов: 2089)
     Успешно импортирован
  🔄 [149/316] Импортирую: New Balance NB 500 Logo B (ID: 714661)...
[149/316] Импорт: New Balance NB 500 Logo B (ID: 714661)
Батч-вставка размеров: 7 шт для product_id=198
Импортировано изображений вариантов: 35 для product_id=198
     ✅ Успешно (создано вариантов: 2096)
     Успешно импортирован
  🔄 [150/316] Импортирую: New Balance NB 740 BUNGEE LACE / (ID: 717882)...
[150/316] Импорт: New Balance NB 740 BUNGEE LACE / (ID: 717882)
Батч-вставка размеров: 16 шт для product_id=199
Импортировано изображений вариантов: 80 для product_id=199
     ✅ Успешно (создано вариантов: 2112)
     Успешно импортирован
  🔄 [151/316] Импортирую: New Balance NB 740 (ID: 717887)...
[151/316] Импорт: New Balance NB 740 (ID: 717887)
Батч-вставка размеров: 8 шт для product_id=200
Импортировано изображений вариантов: 48 для product_id=200
     ✅ Успешно (создано вариантов: 2120)
     Успешно импортирован
  🔄 [152/316] Импортирую: New Balance NB Fresh Foam Arishi v4 (ID: 719317)...
[152/316] Импорт: New Balance NB Fresh Foam Arishi v4 (ID: 719317)
Батч-вставка размеров: 42 шт для product_id=201
Импортировано изображений вариантов: 252 для product_id=201
     ✅ Успешно (создано вариантов: 2162)
     Успешно импортирован
  🔄 [153/316] Импортирую: New Balance Numeric 440 High V2 (ID: 719319)...
[153/316] Импорт: New Balance Numeric 440 High V2 (ID: 719319)
Батч-вставка размеров: 42 шт для product_id=202
Импортировано изображений вариантов: 210 для product_id=202
     ✅ Успешно (создано вариантов: 2204)
     Успешно импортирован
  🔄 [154/316] Импортирую: New Balance NB Fresh Foam Arishi v4 (ID: 719320)...
[154/316] Импорт: New Balance NB Fresh Foam Arishi v4 (ID: 719320)
Батч-вставка размеров: 28 шт для product_id=203
Импортировано изображений вариантов: 140 для product_id=203
     ✅ Успешно (создано вариантов: 2232)
     Успешно импортирован
  🔄 [155/316] Импортирую: New Balance NB 650 (ID: 749566)...
[155/316] Импорт: New Balance NB 650 (ID: 749566)
Батч-вставка размеров: 20 шт для product_id=204
Импортировано изображений вариантов: 120 для product_id=204
     ✅ Успешно (создано вариантов: 2252)
     Успешно импортирован
  🔄 [156/316] Импортирую: New Balance NB 515 (ID: 749804)...
[156/316] Импорт: New Balance NB 515 (ID: 749804)
Батч-вставка размеров: 7 шт для product_id=205
Импортировано изображений вариантов: 28 для product_id=205
     ✅ Успешно (создано вариантов: 2259)
     Успешно импортирован
  🔄 [157/316] Импортирую: New Balance NB 920 (ID: 751610)...
[157/316] Импорт: New Balance NB 920 (ID: 751610)
Батч-вставка размеров: 18 шт для product_id=206
Импортировано изображений вариантов: 108 для product_id=206
     ✅ Успешно (создано вариантов: 2277)
     Успешно импортирован
  🔄 [158/316] Импортирую: New Balance 860 (ID: 751621)...
[158/316] Импорт: New Balance 860 (ID: 751621)
Батч-вставка размеров: 24 шт для product_id=207
Импортировано изображений вариантов: 96 для product_id=207
     ✅ Успешно (создано вариантов: 2301)
     Успешно импортирован
  🔄 [159/316] Импортирую: New Balance NB X-90 (ID: 751856)...
[159/316] Импорт: New Balance NB X-90 (ID: 751856)
Батч-вставка размеров: 13 шт для product_id=208
Импортировано изображений вариантов: 52 для product_id=208
     ✅ Успешно (создано вариантов: 2314)
     Успешно импортирован
  🔄 [160/316] Импортирую: New Balance NB 5740 (ID: 752018)...
[160/316] Импорт: New Balance NB 5740 (ID: 752018)
Батч-вставка размеров: 8 шт для product_id=209
Импортировано изображений вариантов: 40 для product_id=209
     ✅ Успешно (создано вариантов: 2322)
     Успешно импортирован
  🔄 [161/316] Импортирую: New Balance Rebel V3 (ID: 752507)...
[161/316] Импорт: New Balance Rebel V3 (ID: 752507)
Батч-вставка размеров: 15 шт для product_id=210
Импортировано изображений вариантов: 90 для product_id=210
     ✅ Успешно (создано вариантов: 2337)
     Успешно импортирован
  🔄 [162/316] Импортирую: New Balance NB 247 (ID: 752618)...
[162/316] Импорт: New Balance NB 247 (ID: 752618)
Батч-вставка размеров: 19 шт для product_id=211
Импортировано изображений вариантов: 57 для product_id=211
     ✅ Успешно (создано вариантов: 2356)
     Успешно импортирован
  🔄 [163/316] Импортирую: New Balance RC30 RB (ID: 752646)...
[163/316] Импорт: New Balance RC30 RB (ID: 752646)
Батч-вставка размеров: 14 шт для product_id=212
Импортировано изображений вариантов: 84 для product_id=212
     ✅ Успешно (создано вариантов: 2370)
     Успешно импортирован
  🔄 [164/316] Импортирую: New Balance NB 574 Sport (ID: 752827)...
[164/316] Импорт: New Balance NB 574 Sport (ID: 752827)
Батч-вставка размеров: 11 шт для product_id=213
Импортировано изображений вариантов: 55 для product_id=213
     ✅ Успешно (создано вариантов: 2381)
     Успешно импортирован
  🔄 [165/316] Импортирую:  New Balance NB 410 (ID: 752874)...
[165/316] Импорт:  New Balance NB 410 (ID: 752874)
Батч-вставка размеров: 13 шт для product_id=214
Импортировано изображений вариантов: 91 для product_id=214
     ✅ Успешно (создано вариантов: 2394)
     Успешно импортирован
  🔄 [166/316] Импортирую: New Balance NB FuelCell (ID: 752935)...
[166/316] Импорт: New Balance NB FuelCell (ID: 752935)
Батч-вставка размеров: 9 шт для product_id=215
Импортировано изображений вариантов: 45 для product_id=215
     ✅ Успешно (создано вариантов: 2403)
     Успешно импортирован
  🔄 [167/316] Импортирую: New Balance NB CT10 (ID: 753696)...
[167/316] Импорт: New Balance NB CT10 (ID: 753696)
Батч-вставка размеров: 9 шт для product_id=216
Импортировано изображений вариантов: 36 для product_id=216
     ✅ Успешно (создано вариантов: 2412)
     Успешно импортирован
  🔄 [168/316] Импортирую: New Balance NB 996 (ID: 753716)...
[168/316] Импорт: New Balance NB 996 (ID: 753716)
Батч-вставка размеров: 13 шт для product_id=217
Импортировано изображений вариантов: 65 для product_id=217
     ✅ Успешно (создано вариантов: 2425)
     Успешно импортирован
  🔄 [169/316] Импортирую: New Balance NB 212 (ID: 753783)...
[169/316] Импорт: New Balance NB 212 (ID: 753783)
Батч-вставка размеров: 11 шт для product_id=218
Импортировано изображений вариантов: 55 для product_id=218
     ✅ Успешно (создано вариантов: 2436)
     Успешно импортирован
  🔄 [170/316] Импортирую: New Balance NB 300 (ID: 753838)...
[170/316] Импорт: New Balance NB 300 (ID: 753838)
Батч-вставка размеров: 9 шт для product_id=219
Импортировано изображений вариантов: 45 для product_id=219
     ✅ Успешно (создано вариантов: 2445)
     Успешно импортирован
  🔄 [171/316] Импортирую: New Balance XC-72 (ID: 753871)...
[171/316] Импорт: New Balance XC-72 (ID: 753871)
Батч-вставка размеров: 15 шт для product_id=220
Импортировано изображений вариантов: 75 для product_id=220
     ✅ Успешно (создано вариантов: 2460)
     Успешно импортирован
  🔄 [172/316] Импортирую: New Balance NB 425 (ID: 753880)...
[172/316] Импорт: New Balance NB 425 (ID: 753880)
Батч-вставка размеров: 15 шт для product_id=221
Импортировано изображений вариантов: 90 для product_id=221
     ✅ Успешно (создано вариантов: 2475)
     Успешно импортирован
  🔄 [173/316] Импортирую: New Balance NB 996 (ID: 753987)...
[173/316] Импорт: New Balance NB 996 (ID: 753987)
Батч-вставка размеров: 14 шт для product_id=222
Импортировано изображений вариантов: 70 для product_id=222
     ✅ Успешно (создано вариантов: 2489)
     Успешно импортирован
  🔄 [174/316] Импортирую: New Balance NB 410 (ID: 754105)...
[174/316] Импорт: New Balance NB 410 (ID: 754105)
Батч-вставка размеров: 10 шт для product_id=223
Импортировано изображений вариантов: 40 для product_id=223
     ✅ Успешно (создано вариантов: 2499)
     Успешно импортирован
  🔄 [175/316] Импортирую: New Balance NB Fresh Foam (ID: 754128)...
[175/316] Импорт: New Balance NB Fresh Foam (ID: 754128)
Батч-вставка размеров: 10 шт для product_id=224
Импортировано изображений вариантов: 50 для product_id=224
     ✅ Успешно (создано вариантов: 2509)
     Успешно импортирован
  🔄 [176/316] Импортирую: New Balance NB 520 (ID: 754213)...
[176/316] Импорт: New Balance NB 520 (ID: 754213)
Батч-вставка размеров: 17 шт для product_id=225
Импортировано изображений вариантов: 68 для product_id=225
     ✅ Успешно (создано вариантов: 2526)
     Успешно импортирован
  🔄 [177/316] Импортирую: New Balance NB 400 (ID: 755122)...
[177/316] Импорт: New Balance NB 400 (ID: 755122)
Батч-вставка размеров: 10 шт для product_id=226
Импортировано изображений вариантов: 40 для product_id=226
     ✅ Успешно (создано вариантов: 2536)
     Успешно импортирован
  🔄 [178/316] Импортирую: New Balance NB 327 (ID: 755165)...
[178/316] Импорт: New Balance NB 327 (ID: 755165)
Батч-вставка размеров: 14 шт для product_id=227
Импортировано изображений вариантов: 70 для product_id=227
     ✅ Успешно (создано вариантов: 2550)
     Успешно импортирован
  🔄 [179/316] Импортирую: New Balance NB 574 (ID: 755181)...
[179/316] Импорт: New Balance NB 574 (ID: 755181)
Батч-вставка размеров: 14 шт для product_id=228
Импортировано изображений вариантов: 84 для product_id=228
     ✅ Успешно (создано вариантов: 2564)
     Успешно импортирован
  🔄 [180/316] Импортирую: New Balance NB 920 (ID: 755215)...
[180/316] Импорт: New Balance NB 920 (ID: 755215)
Батч-вставка размеров: 14 шт для product_id=229
Импортировано изображений вариантов: 56 для product_id=229
     ✅ Успешно (создано вариантов: 2578)
     Успешно импортирован
  🔄 [181/316] Импортирую: New Balance NB 580 (ID: 755217)...
[181/316] Импорт: New Balance NB 580 (ID: 755217)
Батч-вставка размеров: 10 шт для product_id=230
Импортировано изображений вариантов: 50 для product_id=230
     ✅ Успешно (создано вариантов: 2588)
     Успешно импортирован
  🔄 [182/316] Импортирую: New Balance NB 997S Kith nonnative (ID: 755297)...
[182/316] Импорт: New Balance NB 997S Kith nonnative (ID: 755297)
Батч-вставка размеров: 17 шт для product_id=231
Импортировано изображений вариантов: 85 для product_id=231
     ✅ Успешно (создано вариантов: 2605)
     Успешно импортирован
  🔄 [183/316] Импортирую: New Balance NB 300 (ID: 755298)...
[183/316] Импорт: New Balance NB 300 (ID: 755298)
Батч-вставка размеров: 14 шт для product_id=232
Импортировано изображений вариантов: 84 для product_id=232
     ✅ Успешно (создано вариантов: 2619)
     Успешно импортирован
  🔄 [184/316] Импортирую: New Balance NB 327 (ID: 755308)...
[184/316] Импорт: New Balance NB 327 (ID: 755308)
Батч-вставка размеров: 9 шт для product_id=233
Импортировано изображений вариантов: 45 для product_id=233
     ✅ Успешно (создано вариантов: 2628)
     Успешно импортирован
  🔄 [185/316] Импортирую: New Balance NB 373 (ID: 755350)...
[185/316] Импорт: New Balance NB 373 (ID: 755350)
Батч-вставка размеров: 8 шт для product_id=234
Импортировано изображений вариантов: 32 для product_id=234
     ✅ Успешно (создано вариантов: 2636)
     Успешно импортирован
  🔄 [186/316] Импортирую: New Balance NB 373 (ID: 755354)...
[186/316] Импорт: New Balance NB 373 (ID: 755354)
Батч-вставка размеров: 9 шт для product_id=235
Импортировано изображений вариантов: 36 для product_id=235
     ✅ Успешно (создано вариантов: 2645)
     Успешно импортирован
  🔄 [187/316] Импортирую: New Balance NB 574 Mid-Cut "Playful" (ID: 755400)...
[187/316] Импорт: New Balance NB 574 Mid-Cut "Playful" (ID: 755400)
Батч-вставка размеров: 8 шт для product_id=236
Импортировано изображений вариантов: 32 для product_id=236
     ✅ Успешно (создано вариантов: 2653)
     Успешно импортирован
  🔄 [188/316] Импортирую: New Balance NB 574 (ID: 755413)...
[188/316] Импорт: New Balance NB 574 (ID: 755413)
Батч-вставка размеров: 14 шт для product_id=237
Импортировано изображений вариантов: 56 для product_id=237
     ✅ Успешно (создано вариантов: 2667)
     Успешно импортирован
  🔄 [189/316] Импортирую: New Balance (ID: 755417)...
[189/316] Импорт: New Balance (ID: 755417)
Батч-вставка размеров: 8 шт для product_id=238
Импортировано изображений вариантов: 40 для product_id=238
     ✅ Успешно (создано вариантов: 2675)
     Успешно импортирован
  🔄 [190/316] Импортирую: New Balance NB 574 (ID: 755428)...
[190/316] Импорт: New Balance NB 574 (ID: 755428)
Батч-вставка размеров: 17 шт для product_id=239
Импортировано изображений вариантов: 102 для product_id=239
     ✅ Успешно (создано вариантов: 2692)
     Успешно импортирован
  🔄 [191/316] Импортирую: New Balance NB 574 (ID: 755460)...
[191/316] Импорт: New Balance NB 574 (ID: 755460)
Батч-вставка размеров: 8 шт для product_id=240
Импортировано изображений вариантов: 40 для product_id=240
     ✅ Успешно (создано вариантов: 2700)
     Успешно импортирован
  🔄 [192/316] Импортирую: New Balance NB 580 (ID: 755506)...
[192/316] Импорт: New Balance NB 580 (ID: 755506)
Батч-вставка размеров: 14 шт для product_id=241
Импортировано изображений вариантов: 56 для product_id=241
     ✅ Успешно (создано вариантов: 2714)
     Успешно импортирован
  🔄 [193/316] Импортирую: New Balance NB 5740 (ID: 755586)...
[193/316] Импорт: New Balance NB 5740 (ID: 755586)
Батч-вставка размеров: 11 шт для product_id=242
Импортировано изображений вариантов: 44 для product_id=242
     ✅ Успешно (создано вариантов: 2725)
     Успешно импортирован
  🔄 [194/316] Импортирую: New Balance NB 991 (ID: 755607)...
[194/316] Импорт: New Balance NB 991 (ID: 755607)
Батч-вставка размеров: 10 шт для product_id=243
Импортировано изображений вариантов: 40 для product_id=243
     ✅ Успешно (создано вариантов: 2735)
     Успешно импортирован
  🔄 [195/316] Импортирую: New Balance NB 5740 (ID: 755834)...
[195/316] Импорт: New Balance NB 5740 (ID: 755834)
Батч-вставка размеров: 16 шт для product_id=244
Импортировано изображений вариантов: 96 для product_id=244
     ✅ Успешно (создано вариантов: 2751)
     Успешно импортирован
  🔄 [196/316] Импортирую: New Balance NB Cruz (ID: 755842)...
[196/316] Импорт: New Balance NB Cruz (ID: 755842)
Батч-вставка размеров: 15 шт для product_id=245
Импортировано изображений вариантов: 75 для product_id=245
     ✅ Успешно (создано вариантов: 2766)
     Успешно импортирован
  🔄 [197/316] Импортирую: New Balance NB 997 (ID: 755855)...
[197/316] Импорт: New Balance NB 997 (ID: 755855)
Батч-вставка размеров: 8 шт для product_id=246
Импортировано изображений вариантов: 32 для product_id=246
     ✅ Успешно (создано вариантов: 2774)
     Успешно импортирован
  🔄 [198/316] Импортирую: New Balance NB 109 (ID: 756047)...
[198/316] Импорт: New Balance NB 109 (ID: 756047)
Батч-вставка размеров: 16 шт для product_id=247
Импортировано изображений вариантов: 64 для product_id=247
     ✅ Успешно (создано вариантов: 2790)
     Успешно импортирован
  🔄 [199/316] Импортирую:  New Balance NB 530 (ID: 756068)...
[199/316] Импорт:  New Balance NB 530 (ID: 756068)
Батч-вставка размеров: 17 шт для product_id=248
Импортировано изображений вариантов: 119 для product_id=248
     ✅ Успешно (создано вариантов: 2807)
     Успешно импортирован
  🔄 [200/316] Импортирую: New Balance (ID: 756232)...
[200/316] Импорт: New Balance (ID: 756232)
Батч-вставка размеров: 16 шт для product_id=249
Импортировано изображений вариантов: 80 для product_id=249
     ✅ Успешно (создано вариантов: 2823)
     Успешно импортирован
  🔄 [201/316] Импортирую: New Balance NB 574 (ID: 756699)...
[201/316] Импорт: New Balance NB 574 (ID: 756699)
Батч-вставка размеров: 8 шт для product_id=250
Импортировано изображений вариантов: 32 для product_id=250
     ✅ Успешно (создано вариантов: 2831)
     Успешно импортирован
  🔄 [202/316] Импортирую: New Balance NB 574 (ID: 756702)...
[202/316] Импорт: New Balance NB 574 (ID: 756702)
Батч-вставка размеров: 7 шт для product_id=251
Импортировано изображений вариантов: 42 для product_id=251
     ✅ Успешно (создано вариантов: 2838)
     Успешно импортирован
  🔄 [203/316] Импортирую: New Balance NB 996 (ID: 756730)...
[203/316] Импорт: New Balance NB 996 (ID: 756730)
Батч-вставка размеров: 14 шт для product_id=252
Импортировано изображений вариантов: 70 для product_id=252
     ✅ Успешно (создано вариантов: 2852)
     Успешно импортирован
  🔄 [204/316] Импортирую: New Balance NB 247 (ID: 756740)...
[204/316] Импорт: New Balance NB 247 (ID: 756740)
Батч-вставка размеров: 28 шт для product_id=253
Импортировано изображений вариантов: 112 для product_id=253
     ✅ Успешно (создано вариантов: 2880)
     Успешно импортирован
  🔄 [205/316] Импортирую: New Balance NB FuelCell Propel (ID: 756747)...
[205/316] Импорт: New Balance NB FuelCell Propel (ID: 756747)
Батч-вставка размеров: 16 шт для product_id=254
Импортировано изображений вариантов: 64 для product_id=254
     ✅ Успешно (создано вариантов: 2896)
     Успешно импортирован
  🔄 [206/316] Импортирую: New Balance NB 500 (ID: 756789)...
[206/316] Импорт: New Balance NB 500 (ID: 756789)
Батч-вставка размеров: 8 шт для product_id=255
Импортировано изображений вариантов: 32 для product_id=255
     ✅ Успешно (создано вариантов: 2904)
     Успешно импортирован
  🔄 [207/316] Импортирую: New Balance NB 480 (ID: 756791)...
[207/316] Импорт: New Balance NB 480 (ID: 756791)
Батч-вставка размеров: 11 шт для product_id=256
Импортировано изображений вариантов: 66 для product_id=256
     ✅ Успешно (создано вариантов: 2915)
     Успешно импортирован
  🔄 [208/316] Импортирую: New Balance NB 393 (ID: 756915)...
[208/316] Импорт: New Balance NB 393 (ID: 756915)
Батч-вставка размеров: 8 шт для product_id=257
Импортировано изображений вариантов: 32 для product_id=257
     ✅ Успешно (создано вариантов: 2923)
     Успешно импортирован
  🔄 [209/316] Импортирую: New Balance (ID: 756965)...
[209/316] Импорт: New Balance (ID: 756965)
Батч-вставка размеров: 17 шт для product_id=258
Импортировано изображений вариантов: 68 для product_id=258
     ✅ Успешно (создано вариантов: 2940)
     Успешно импортирован
  🔄 [210/316] Импортирую: New Balance NB 237 (ID: 757054)...
[210/316] Импорт: New Balance NB 237 (ID: 757054)
Батч-вставка размеров: 15 шт для product_id=259
Импортировано изображений вариантов: 60 для product_id=259
     ✅ Успешно (создано вариантов: 2955)
     Успешно импортирован
  🔄 [211/316] Импортирую: New Balance NB 237 v1 (ID: 757055)...
[211/316] Импорт: New Balance NB 237 v1 (ID: 757055)
Батч-вставка размеров: 16 шт для product_id=260
Импортировано изображений вариантов: 112 для product_id=260
     ✅ Успешно (создано вариантов: 2971)
     Успешно импортирован
  🔄 [212/316] Импортирую: New Balance NB 247 (ID: 757057)...
[212/316] Импорт: New Balance NB 247 (ID: 757057)
Батч-вставка размеров: 9 шт для product_id=261
Импортировано изображений вариантов: 36 для product_id=261
     ✅ Успешно (создано вариантов: 2980)
     Успешно импортирован
  🔄 [213/316] Импортирую: New Balance NB 520 (ID: 757063)...
[213/316] Импорт: New Balance NB 520 (ID: 757063)
Батч-вставка размеров: 13 шт для product_id=262
Импортировано изображений вариантов: 65 для product_id=262
     ✅ Успешно (создано вариантов: 2993)
     Успешно импортирован
  🔄 [214/316] Импортирую: New Balance NB 373 (ID: 757064)...
[214/316] Импорт: New Balance NB 373 (ID: 757064)
Батч-вставка размеров: 20 шт для product_id=263
Импортировано изображений вариантов: 100 для product_id=263
     ✅ Успешно (создано вариантов: 3013)
     Успешно импортирован
  🔄 [215/316] Импортирую: New Balance NB 878 (ID: 757066)...
[215/316] Импорт: New Balance NB 878 (ID: 757066)
Батч-вставка размеров: 14 шт для product_id=264
Импортировано изображений вариантов: 70 для product_id=264
     ✅ Успешно (создано вариантов: 3027)
     Успешно импортирован
  🔄 [216/316] Импортирую: New Balance NB FuelCell Comp Pacer (ID: 757092)...
[216/316] Импорт: New Balance NB FuelCell Comp Pacer (ID: 757092)
Батч-вставка размеров: 7 шт для product_id=265
Импортировано изображений вариантов: 28 для product_id=265
     ✅ Успешно (создано вариантов: 3034)
     Успешно импортирован
  🔄 [217/316] Импортирую: New Balance NB 996 (ID: 757095)...
[217/316] Импорт: New Balance NB 996 (ID: 757095)
Батч-вставка размеров: 13 шт для product_id=266
Импортировано изображений вариантов: 52 для product_id=266
     ✅ Успешно (создано вариантов: 3047)
     Успешно импортирован
  🔄 [218/316] Импортирую: New Balance NB 990 (ID: 757193)...
[218/316] Импорт: New Balance NB 990 (ID: 757193)
Батч-вставка размеров: 7 шт для product_id=267
Импортировано изображений вариантов: 28 для product_id=267
     ✅ Успешно (создано вариантов: 3054)
     Успешно импортирован
  🔄 [219/316] Импортирую:  New Balance NB 410 811 (ID: 757294)...
[219/316] Импорт:  New Balance NB 410 811 (ID: 757294)
Батч-вставка размеров: 14 шт для product_id=268
Импортировано изображений вариантов: 112 для product_id=268
     ✅ Успешно (создано вариантов: 3068)
     Успешно импортирован
  🔄 [220/316] Импортирую: Poets x New Balance Tiago Lemos 1010 (ID: 757331)...
[220/316] Импорт: Poets x New Balance Tiago Lemos 1010 (ID: 757331)
Батч-вставка размеров: 12 шт для product_id=269
Импортировано изображений вариантов: 72 для product_id=269
     ✅ Успешно (создано вариантов: 3080)
     Успешно импортирован
  🔄 [221/316] Импортирую: New Balance NB 5740 (ID: 757390)...
[221/316] Импорт: New Balance NB 5740 (ID: 757390)
Батч-вставка размеров: 17 шт для product_id=270
Импортировано изображений вариантов: 68 для product_id=270
     ✅ Успешно (создано вариантов: 3097)
     Успешно импортирован
  🔄 [222/316] Импортирую: New Balance NB 446 (ID: 757413)...
[222/316] Импорт: New Balance NB 446 (ID: 757413)
Батч-вставка размеров: 16 шт для product_id=271
Импортировано изображений вариантов: 96 для product_id=271
     ✅ Успешно (создано вариантов: 3113)
     Успешно импортирован
  🔄 [223/316] Импортирую:  New Balance NB 410 (ID: 757436)...
[223/316] Импорт:  New Balance NB 410 (ID: 757436)

  ❌ ОШИБКА [223/316]:  New Balance NB 410 (ID: 757436)
     Ошибка сохранения товара: vendor_code: Товар с таким артикулом уже существует у данного бренда
     Trace: #0 /Users/user/CascadeProjects/splitwise/commands/PoizonImportJsonController.php(271): app\commands\PoizonImportJsonController->importProduct(Array)
#1 [internal function]: app\commands\PoizonImportJsonController->actionRun('https://storage...')
#2 /Users/user/CascadeProjects/splitwise/vendor/yiisoft/yii2/base/InlineAction.php(60): call_user_func_array(Array, Array)
#3 /Users/user/CascadeProjects/splitwise/vendor/yiisoft/yii2/base/Controller.php(184): yii\base\InlineAction->runWithParams(Array)
...

═══════════════════════════════════════════════════
ОШИБКА #2:  New Balance NB 410
═══════════════════════════════════════════════════
Product ID: 757436
Index: 223/316
Error: Ошибка сохранения товара: vendor_code: Товар с таким артикулом уже существует у данного бренда

Stack Trace:
#0 /Users/user/CascadeProjects/splitwise/commands/PoizonImportJsonController.php(271): app\commands\PoizonImportJsonController->importProduct(Array)
#1 [internal function]: app\commands\PoizonImportJsonController->actionRun('https://storage...')
#2 /Users/user/CascadeProjects/splitwise/vendor/yiisoft/yii2/base/InlineAction.php(60): call_user_func_array(Array, Array)
#3 /Users/user/CascadeProjects/splitwise/vendor/yiisoft/yii2/base/Controller.php(184): yii\base\InlineAction->runWithParams(Array)
#4 /Users/user/CascadeProjects/splitwise/vendor/yiisoft/yii2/console/Controller.php(180): yii\base\Controller->runAction('run', Array)
#5 /Users/user/CascadeProjects/splitwise/vendor/yiisoft/yii2/base/Module.php(555): yii\console\Controller->runAction('run', Array)
#6 /Users/user/CascadeProjects/splitwise/vendor/yiisoft/yii2/console/Application.php(180): yii\base\Module->runAction('poizon-import-j...', Array)
#7 /Users/user/CascadeProjects/splitwise/vendor/yiisoft/yii2/console/Application.php(147): yii\console\Application->runAction('poizon-import-j...', Array)
#8 /Users/user/CascadeProjects/splitwise/vendor/yiisoft/yii2/base/Application.php(387): yii\console\Application->handleRequest(Object(yii\console\Request))
#9 /Users/user/CascadeProjects/splitwise/yii(23): yii\base\Application->run()
#10 {main}

Product Data:
{
    "productId": 757436,
    "variantId": 757436,
    "url": "https:\/\/fast.dewu.com\/page\/productDetail?sourceName=sharedetail&spuId=7034156",
    "title": " New Balance NB 410",
    "description": "",
    "vendorCode": "MT410KR5",
    "categoryId": 8713,
    "vendorId": 28,
    "images": [
        "https:\/\/cdn.poizon.com\/pro-img\/origin-img\/20231103\/f4a4449d771a43159569ee3833cceff6.jpg",
        "https:\/\/cdn.poizon.com\/pro-img\/origin-img\/2025061613\/dd79cb5dea2e90c237133a9423631026.jpg",
        "https:\/\/cdn.poizon.com\/pro-img\/origin-img\/2025061613\/769ad8ed13e665f5c1561afedb1f212c.jpg",
        "https:\/\/cdn.poizon.com\/pro-img\/origin-img\/20231103\/60d4dfe6b0264328afde88b46ca2529c.jpg",
        "https:\/\/cdn.poizon.com\/pro-img\/origin-img\/20231103\/d3abcca113ea4f54b6c3072957152a46.jpg",
        "https:\/\/cdn.poizon.com\/pro-img\/origin-img\/20231103\/4453684b7b5e4508aef7d4e7ed690e14.jpeg",
        "https:\/\/cdn.poizon.com\/pro-img\/origin-img\/20231103\/70dcbc572df94c76b63f67e96b436ea7.png"
    ],
    "price": 1090,
    "favoriteCount": 0,
    "countryOfOrigin": "Китай",
    "properties": [
        {
            "key": "Верхняя высота",
            "value": "Низкий вырез"
        },
        {
            "key": "Основной цвет",
            "value": "Черное"
        },
        {
            "key": "Стиль носка",
            "value": "Круглая голова"
        },
        {
            "key": "Верхний материал",
            "value": "Кожа"
        },
        {
            "key": "Функциональная",
            "value": "Амортизирующий, дышащий"
        },
        {
            "key": "Материал подошвы",
            "value": "Резиновый"
        },
        {
            "key": "Цена предложения",
            "value": "¥1099"
        },
        {
            "key": "Промежуточная подошва",
            "value": "Полная ладонь ACTEVA"
        },
        {
            "key": "Дата выхода",
            "value": "2023.11.01"
        }
    ],
    "seriesName": "",
    "relatedProducts": [],
    "gender": "Унисекс",
    "sizes": [
        {
            "name": "Европейский кодекс ЕС",
            "delimiter": ",",
            "value": "35,35.5,36,37,37.5,38,38.5,39.5,40,40.5,41.5,42,42.5,43,44,44.5,45,45.5,46.5,47,47.5,49,50,51,52,53"
        },
        {
            "name": "Английский код Великобритании",
            "delimiter": ",",
            "value": "2.5,3,3.5,4,4.5,5,5.5,6,6.5,7,7.5,8,8.5,9,9.5,10,10.5,11,11.5,12,12.5,13.5,14.5,15.5,16.5,17.5"
        },
        {
            "name": "Японский код JP",
            "delimiter": ",",
            "value": "21,21.5,22,22.5,23,23.5,24,24.5,25,25.5,26,26.5,27,27.5,28,28.5,29,29.5,30,30.5,31,32,33,34,35,36"
        },
        {
            "name": "Код Республики Корея",
            "delimiter": ",",
            "value": "210,215,220,225,230,235,240,245,250,255,260,265,270,275,280,285,290,295,300,305,310,320,330,340,350,360"
        },
        {
            "name": "Мужской кодекс красоты США",
            "delimiter": ",",
            "value": "3,3.5,4,4.5,5,5.5,6,6.5,7,7.5,8,8.5,9,9.5,10,10.5,11,11.5,12,12.5,13,14,15,16,17,18"
        },
        {
            "name": "Женский кодекс красоты США",
            "delimiter": ",",
            "value": "4.5,5,5.5,6,6.5,7,7.5,8,8.5,9,9.5,10,10.5,11,11.5,12,12.5,13,13.5,14,15,\/,\/,\/,\/,\/"
        },
        {
            "name": "Подходит для длины стопы",
            "delimiter": ",",
            "value": "210,215,220,225,230,235,240,245,250,255,260,265,270,275,280,285,290,295,300,305,310,320,330,340,350,360"
        }
    ],
    "vat": "NO_VAT",
    "currency": "RUR",
    "keywords": [
        "【定制球鞋】",
        "new",
        "balance",
        "410",
        "千禧机能",
        "圆头舒适减震透气",
        "低帮跑步鞋",
        "男女同款"
    ],
    "vendor": "New Balance",
    "children": [
        {
            "productId": 757436,
            "parentId": 757436,
            "url": "https:\/\/fast.dewu.com\/page\/productDetail?sourceName=sharedetail&spuId=7034156",
            "variantId": 638629371,
            "title": " New Balance NB 410",
            "description": "",
            "vendorCode": "MT410KR5-1",
            "categoryId": 8713,
            "vendorId": 28,
            "images": [
                "https:\/\/cdn.poizon.com\/pro-img\/origin-img\/20231103\/f4a4449d771a43159569ee3833cceff6.jpg",
                "https:\/\/cdn.poizon.com\/pro-img\/origin-img\/2025061613\/dd79cb5dea2e90c237133a9423631026.jpg",
                "https:\/\/cdn.poizon.com\/pro-img\/origin-img\/2025061613\/769ad8ed13e665f5c1561afedb1f212c.jpg",
                "https:\/\/cdn.poizon.com\/pro-img\/origin-img\/20231103\/60d4dfe6b0264328afde88b46ca2529c.jpg",
                "https:\/\/cdn.poizon.com\/pro-img\/origin-img\/20231103\/d3abcca113ea4f54b6c3072957152a46.jpg",
                "https:\/\/cdn.poizon.com\/pro-img\/origin-img\/20231103\/4453684b7b5e4508aef7d4e7ed690e14.jpeg",
                "https:\/\/cdn.poizon.com\/pro-img\/origin-img\/20231103\/70dcbc572df94c76b63f67e96b436ea7.png"
            ],
            "price": 1090,
            "purchasePrice": 999,
            "count": 1,
            "available": true,
            "timeDelivery": {
                "min": 20,
                "max": 20
            },
            "vat": "NO_VAT",
            "currency": "RUR",
            "params": [
                {
                    "key": "Цвет",
                    "value": "Черное"
                },
                {
                    "key": "Вариант",
                    "value": "Ширина 2E"
                },
                {
                    "key": "Размер",
                    "value": "36"
                }
            ],
            "vendor": "New Balance",
            "seriesName": ""
        },
        {
            "productId": 757436,
            "parentId": 757436,
            "url": "https:\/\/fast.dewu.com\/page\/productDetail?sourceName=sharedetail&spuId=7034156",
            "variantId": 638629372,
            "title": " New Balance NB 410",
            "description": "",
            "vendorCode": "MT410KR5-2",
            "categoryId": 8713,
            "vendorId": 28,
            "images": [
                "https:\/\/cdn.poizon.com\/pro-img\/origin-img\/20231103\/f4a4449d771a43159569ee3833cceff6.jpg",
                "https:\/\/cdn.poizon.com\/pro-img\/origin-img\/2025061613\/dd79cb5dea2e90c237133a9423631026.jpg",
                "https:\/\/cdn.poizon.com\/pro-img\/origin-img\/2025061613\/769ad8ed13e665f5c1561afedb1f212c.jpg",
                "https:\/\/cdn.poizon.com\/pro-img\/origin-img\/20231103\/60d4dfe6b0264328afde88b46ca2529c.jpg",
                "https:\/\/cdn.poizon.com\/pro-img\/origin-img\/20231103\/d3abcca113ea4f54b6c3072957152a46.jpg",
                "https:\/\/cdn.poizon.com\/pro-img\/origin-img\/20231103\/4453684b7b5e4508aef7d4e7ed690e14.jpeg",
                "https:\/\/cdn.poizon.com\/pro-img\/origin-img\/20231103\/70dcbc572df94c76b63f67e96b436ea7.png"
            ],
            "price": 1090,
            "purchasePrice": 999,
            "count": 1,
            "available": true,
            "timeDelivery": {
                "min": 20,
                "max": 20
            },
            "vat": "NO_VAT",
            "currency": "RUR",
            "params": [
                {
                    "key": "Цвет",
                    "value": "Черное"
                },
                {
                    "key": "Вариант",
                    "value": "Ширина 2E"
                },
                {
                    "key": "Размер",
                    "value": "37"
                }
            ],
            "vendor": "New Balance",
            "seriesName": ""
        },
        {
            "productId": 757436,
            "parentId": 757436,
            "url": "https:\/\/fast.dewu.com\/page\/productDetail?sourceName=sharedetail&spuId=7034156",
            "variantId": 638629373,
            "title": " New Balance NB 410",
            "description": "",
            "vendorCode": "MT410KR5-3",
            "categoryId": 8713,
            "vendorId": 28,
            "images": [
                "https:\/\/cdn.poizon.com\/pro-img\/origin-img\/20231103\/f4a4449d771a43159569ee3833cceff6.jpg",
                "https:\/\/cdn.poizon.com\/pro-img\/origin-img\/2025061613\/dd79cb5dea2e90c237133a9423631026.jpg",
                "https:\/\/cdn.poizon.com\/pro-img\/origin-img\/2025061613\/769ad8ed13e665f5c1561afedb1f212c.jpg",
                "https:\/\/cdn.poizon.com\/pro-img\/origin-img\/20231103\/60d4dfe6b0264328afde88b46ca2529c.jpg",
                "https:\/\/cdn.poizon.com\/pro-img\/origin-img\/20231103\/d3abcca113ea4f54b6c3072957152a46.jpg",
                "https:\/\/cdn.poizon.com\/pro-img\/origin-img\/20231103\/4453684b7b5e4508aef7d4e7ed690e14.jpeg",
                "https:\/\/cdn.poizon.com\/pro-img\/origin-img\/20231103\/70dcbc572df94c76b63f67e96b436ea7.png"
            ],
            "price": 1090,
            "purchasePrice": 999,
            "count": 1,
            "available": true,
            "timeDelivery": {
                "min": 20,
                "max": 20
            },
            "vat": "NO_VAT",
            "currency": "RUR",
            "params": [
                {
                    "key": "Цвет",
                    "value": "Черное"
                },
                {
                    "key": "Вариант",
                    "value": "Ширина 2E"
                },
                {
                    "key": "Размер",
                    "value": "37.5"
                }
            ],
            "vendor": "New Balance",
            "seriesName": ""
        },
        {
            "productId": 757436,
            "parentId": 757436,
            "url": "https:\/\/fast.dewu.com\/page\/productDetail?sourceName=sharedetail&spuId=7034156",
            "variantId": 638629374,
            "title": " New Balance NB 410",
            "description": "",
            "vendorCode": "MT410KR5-4",
            "categoryId": 8713,
            "vendorId": 28,
            "images": [
                "https:\/\/cdn.poizon.com\/pro-img\/origin-img\/20231103\/f4a4449d771a43159569ee3833cceff6.jpg",
                "https:\/\/cdn.poizon.com\/pro-img\/origin-img\/2025061613\/dd79cb5dea2e90c237133a9423631026.jpg",
                "https:\/\/cdn.poizon.com\/pro-img\/origin-img\/2025061613\/769ad8ed13e665f5c1561afedb1f212c.jpg",
                "https:\/\/cdn.poizon.com\/pro-img\/origin-img\/20231103\/60d4dfe6b0264328afde88b46ca2529c.jpg",
                "https:\/\/cdn.poizon.com\/pro-img\/origin-img\/20231103\/d3abcca113ea4f54b6c3072957152a46.jpg",
                "https:\/\/cdn.poizon.com\/pro-img\/origin-img\/20231103\/4453684b7b5e4508aef7d4e7ed690e14.jpeg",
                "https:\/\/cdn.poizon.com\/pro-img\/origin-img\/20231103\/70dcbc572df94c76b63f67e96b436ea7.png"
            ],
            "price": 1090,
            "purchasePrice": 999,
            "count": 1,
            "available": true,
            "timeDelivery": {
                "min": 20,
                "max": 20
            },
            "vat": "NO_VAT",
            "currency": "RUR",
            "params": [
                {
                    "key": "Цвет",
                    "value": "Черное"
                },
                {
                    "key": "Вариант",
                    "value": "Ширина 2E"
                },
                {
                    "key": "Размер",
                    "value": "38"
                }
            ],
            "vendor": "New Balance",
            "seriesName": ""
        },
        {
            "productId": 757436,
            "parentId": 757436,
            "url": "https:\/\/fast.dewu.com\/page\/productDetail?sourceName=sharedetail&spuId=7034156",
            "variantId": 638629375,
            "title": " New Balance NB 410",
            "description": "",
            "vendorCode": "MT410KR5-5",
            "categoryId": 8713,
            "vendorId": 28,
            "images": [
                "https:\/\/cdn.poizon.com\/pro-img\/origin-img\/20231103\/f4a4449d771a43159569ee3833cceff6.jpg",
                "https:\/\/cdn.poizon.com\/pro-img\/origin-img\/2025061613\/dd79cb5dea2e90c237133a9423631026.jpg",
                "https:\/\/cdn.poizon.com\/pro-img\/origin-img\/2025061613\/769ad8ed13e665f5c1561afedb1f212c.jpg",
                "https:\/\/cdn.poizon.com\/pro-img\/origin-img\/20231103\/60d4dfe6b0264328afde88b46ca2529c.jpg",
                "https:\/\/cdn.poizon.com\/pro-img\/origin-img\/20231103\/d3abcca113ea4f54b6c3072957152a46.jpg",
                "https:\/\/cdn.poizon.com\/pro-img\/origin-img\/20231103\/4453684b7b5e4508aef7d4e7ed690e14.jpeg",
                "https:\/\/cdn.poizon.com\/pro-img\/origin-img\/20231103\/70dcbc572df94c76b63f67e96b436ea7.png"
            ],
            "price": 1090,
            "purchasePrice": 999,
            "count": 1,
            "available": true,
            "timeDelivery": {
                "min": 20,
                "max": 20
            },
            "vat": "NO_VAT",
            "currency": "RUR",
            "params": [
                {
                    "key": "Цвет",
                    "value": "Черное"
                },
                {
                    "key": "Вариант",
                    "value": "Ширина 2E"
                },
                {
                    "key": "Размер",
                    "value": "38.5"
                }
            ],
            "vendor": "New Balance",
            "seriesName": ""
        },
        {
            "productId": 757436,
            "parentId": 757436,
            "url": "https:\/\/fast.dewu.com\/page\/productDetail?sourceName=sharedetail&spuId=7034156",
            "variantId": 638629376,
            "title": " New Balance NB 410",
            "description": "",
            "vendorCode": "MT410KR5-6",
            "categoryId": 8713,
            "vendorId": 28,
            "images": [
                "https:\/\/cdn.poizon.com\/pro-img\/origin-img\/20231103\/f4a4449d771a43159569ee3833cceff6.jpg",
                "https:\/\/cdn.poizon.com\/pro-img\/origin-img\/2025061613\/dd79cb5dea2e90c237133a9423631026.jpg",
                "https:\/\/cdn.poizon.com\/pro-img\/origin-img\/2025061613\/769ad8ed13e665f5c1561afedb1f212c.jpg",
                "https:\/\/cdn.poizon.com\/pro-img\/origin-img\/20231103\/60d4dfe6b0264328afde88b46ca2529c.jpg",
                "https:\/\/cdn.poizon.com\/pro-img\/origin-img\/20231103\/d3abcca113ea4f54b6c3072957152a46.jpg",
                "https:\/\/cdn.poizon.com\/pro-img\/origin-img\/20231103\/4453684b7b5e4508aef7d4e7ed690e14.jpeg",
                "https:\/\/cdn.poizon.com\/pro-img\/origin-img\/20231103\/70dcbc572df94c76b63f67e96b436ea7.png"
            ],
            "price": 1090,
            "purchasePrice": 999,
            "count": 1,
            "available": true,
            "timeDelivery": {
                "min": 20,
                "max": 20
            },
            "vat": "NO_VAT",
            "currency": "RUR",
            "params": [
                {
                    "key": "Цвет",
                    "value": "Черное"
                },
                {
                    "key": "Вариант",
                    "value": "Ширина 2E"
                },
                {
                    "key": "Размер",
                    "value": "39.5"
                }
            ],
            "vendor": "New Balance",
            "seriesName": ""
        },
        {
            "productId": 757436,
            "parentId": 757436,
            "url": "https:\/\/fast.dewu.com\/page\/productDetail?sourceName=sharedetail&spuId=7034156",
            "variantId": 638629377,
            "title": " New Balance NB 410",
            "description": "",
            "vendorCode": "MT410KR5-7",
            "categoryId": 8713,
            "vendorId": 28,
            "images": [
                "https:\/\/cdn.poizon.com\/pro-img\/origin-img\/20231103\/f4a4449d771a43159569ee3833cceff6.jpg",
                "https:\/\/cdn.poizon.com\/pro-img\/origin-img\/2025061613\/dd79cb5dea2e90c237133a9423631026.jpg",
                "https:\/\/cdn.poizon.com\/pro-img\/origin-img\/2025061613\/769ad8ed13e665f5c1561afedb1f212c.jpg",
                "https:\/\/cdn.poizon.com\/pro-img\/origin-img\/20231103\/60d4dfe6b0264328afde88b46ca2529c.jpg",
                "https:\/\/cdn.poizon.com\/pro-img\/origin-img\/20231103\/d3abcca113ea4f54b6c3072957152a46.jpg",
                "https:\/\/cdn.poizon.com\/pro-img\/origin-img\/20231103\/4453684b7b5e4508aef7d4e7ed690e14.jpeg",
                "https:\/\/cdn.poizon.com\/pro-img\/origin-img\/20231103\/70dcbc572df94c76b63f67e96b436ea7.png"
            ],
            "price": 1090,
            "purchasePrice": 999,
            "count": 1,
            "available": true,
            "timeDelivery": {
                "min": 20,
                "max": 20
            },
            "vat": "NO_VAT",
            "currency": "RUR",
            "params": [
                {
                    "key": "Цвет",
                    "value": "Черное"
                },
                {
                    "key": "Вариант",
                    "value": "Ширина 2E"
                },
                {
                    "key": "Размер",
                    "value": "40"
                }
            ],
            "vendor": "New Balance",
            "seriesName": ""
        },
        {
            "productId": 757436,
            "parentId": 757436,
            "url": "https:\/\/fast.dewu.com\/page\/productDetail?sourceName=sharedetail&spuId=7034156",
            "variantId": 638629378,
            "title": " New Balance NB 410",
            "description": "",
            "vendorCode": "MT410KR5-8",
            "categoryId": 8713,
            "vendorId": 28,
            "images": [
                "https:\/\/cdn.poizon.com\/pro-img\/origin-img\/20231103\/f4a4449d771a43159569ee3833cceff6.jpg",
                "https:\/\/cdn.poizon.com\/pro-img\/origin-img\/2025061613\/dd79cb5dea2e90c237133a9423631026.jpg",
                "https:\/\/cdn.poizon.com\/pro-img\/origin-img\/2025061613\/769ad8ed13e665f5c1561afedb1f212c.jpg",
                "https:\/\/cdn.poizon.com\/pro-img\/origin-img\/20231103\/60d4dfe6b0264328afde88b46ca2529c.jpg",
                "https:\/\/cdn.poizon.com\/pro-img\/origin-img\/20231103\/d3abcca113ea4f54b6c3072957152a46.jpg",
                "https:\/\/cdn.poizon.com\/pro-img\/origin-img\/20231103\/4453684b7b5e4508aef7d4e7ed690e14.jpeg",
                "https:\/\/cdn.poizon.com\/pro-img\/origin-img\/20231103\/70dcbc572df94c76b63f67e96b436ea7.png"
            ],
            "price": 1090,
            "purchasePrice": 999,
            "count": 1,
            "available": true,
            "timeDelivery": {
                "min": 20,
                "max": 20
            },
            "vat": "NO_VAT",
            "currency": "RUR",
            "params": [
                {
                    "key": "Цвет",
                    "value": "Черное"
                },
                {
                    "key": "Вариант",
                    "value": "Ширина 2E"
                },
                {
                    "key": "Размер",
                    "value": "40.5"
                }
            ],
            "vendor": "New Balance",
            "seriesName": ""
        },
        {
            "productId": 757436,
            "parentId": 757436,
            "url": "https:\/\/fast.dewu.com\/page\/productDetail?sourceName=sharedetail&spuId=7034156",
            "variantId": 638629379,
            "title": " New Balance NB 410",
            "description": "",
            "vendorCode": "MT410KR5-9",
            "categoryId": 8713,
            "vendorId": 28,
            "images": [
                "https:\/\/cdn.poizon.com\/pro-img\/origin-img\/20231103\/f4a4449d771a43159569ee3833cceff6.jpg",
                "https:\/\/cdn.poizon.com\/pro-img\/origin-img\/2025061613\/dd79cb5dea2e90c237133a9423631026.jpg",
                "https:\/\/cdn.poizon.com\/pro-img\/origin-img\/2025061613\/769ad8ed13e665f5c1561afedb1f212c.jpg",
                "https:\/\/cdn.poizon.com\/pro-img\/origin-img\/20231103\/60d4dfe6b0264328afde88b46ca2529c.jpg",
                "https:\/\/cdn.poizon.com\/pro-img\/origin-img\/20231103\/d3abcca113ea4f54b6c3072957152a46.jpg",
                "https:\/\/cdn.poizon.com\/pro-img\/origin-img\/20231103\/4453684b7b5e4508aef7d4e7ed690e14.jpeg",
                "https:\/\/cdn.poizon.com\/pro-img\/origin-img\/20231103\/70dcbc572df94c76b63f67e96b436ea7.png"
            ],
            "price": 1090,
            "purchasePrice": 999,
            "count": 1,
            "available": true,
            "timeDelivery": {
                "min": 20,
                "max": 20
            },
            "vat": "NO_VAT",
            "currency": "RUR",
            "params": [
                {
                    "key": "Цвет",
                    "value": "Черное"
                },
                {
                    "key": "Вариант",
                    "value": "Ширина 2E"
                },
                {
                    "key": "Размер",
                    "value": "41.5"
                }
            ],
            "vendor": "New Balance",
            "seriesName": ""
        },
        {
            "productId": 757436,
            "parentId": 757436,
            "url": "https:\/\/fast.dewu.com\/page\/productDetail?sourceName=sharedetail&spuId=7034156",
            "variantId": 638629380,
            "title": " New Balance NB 410",
            "description": "",
            "vendorCode": "MT410KR5-10",
            "categoryId": 8713,
            "vendorId": 28,
            "images": [
                "https:\/\/cdn.poizon.com\/pro-img\/origin-img\/20231103\/f4a4449d771a43159569ee3833cceff6.jpg",
                "https:\/\/cdn.poizon.com\/pro-img\/origin-img\/2025061613\/dd79cb5dea2e90c237133a9423631026.jpg",
                "https:\/\/cdn.poizon.com\/pro-img\/origin-img\/2025061613\/769ad8ed13e665f5c1561afedb1f212c.jpg",
                "https:\/\/cdn.poizon.com\/pro-img\/origin-img\/20231103\/60d4dfe6b0264328afde88b46ca2529c.jpg",
                "https:\/\/cdn.poizon.com\/pro-img\/origin-img\/20231103\/d3abcca113ea4f54b6c3072957152a46.jpg",
                "https:\/\/cdn.poizon.com\/pro-img\/origin-img\/20231103\/4453684b7b5e4508aef7d4e7ed690e14.jpeg",
                "https:\/\/cdn.poizon.com\/pro-img\/origin-img\/20231103\/70dcbc572df94c76b63f67e96b436ea7.png"
            ],
            "price": 1090,
            "purchasePrice": 999,
            "count": 1,
            "available": true,
            "timeDelivery": {
                "min": 20,
                "max": 20
            },
            "vat": "NO_VAT",
            "currency": "RUR",
            "params": [
                {
                    "key": "Цвет",
                    "value": "Черное"
                },
                {
                    "key": "Вариант",
                    "value": "Ширина 2E"
                },
                {
                    "key": "Размер",
                    "value": "42"
                }
            ],
            "vendor": "New Balance",
            "seriesName": ""
        },
        {
            "productId": 757436,
            "parentId": 757436,
            "url": "https:\/\/fast.dewu.com\/page\/productDetail?sourceName=sharedetail&spuId=7034156",
            "variantId": 638629381,
            "title": " New Balance NB 410",
            "description": "",
            "vendorCode": "MT410KR5-11",
            "categoryId": 8713,
            "vendorId": 28,
            "images": [
                "https:\/\/cdn.poizon.com\/pro-img\/origin-img\/20231103\/f4a4449d771a43159569ee3833cceff6.jpg",
                "https:\/\/cdn.poizon.com\/pro-img\/origin-img\/2025061613\/dd79cb5dea2e90c237133a9423631026.jpg",
                "https:\/\/cdn.poizon.com\/pro-img\/origin-img\/2025061613\/769ad8ed13e665f5c1561afedb1f212c.jpg",
                "https:\/\/cdn.poizon.com\/pro-img\/origin-img\/20231103\/60d4dfe6b0264328afde88b46ca2529c.jpg",
                "https:\/\/cdn.poizon.com\/pro-img\/origin-img\/20231103\/d3abcca113ea4f54b6c3072957152a46.jpg",
                "https:\/\/cdn.poizon.com\/pro-img\/origin-img\/20231103\/4453684b7b5e4508aef7d4e7ed690e14.jpeg",
                "https:\/\/cdn.poizon.com\/pro-img\/origin-img\/20231103\/70dcbc572df94c76b63f67e96b436ea7.png"
            ],
            "price": 1090,
            "purchasePrice": 999,
            "count": 1,
            "available": true,
            "timeDelivery": {
                "min": 20,
                "max": 20
            },
            "vat": "NO_VAT",
            "currency": "RUR",
            "params": [
                {
                    "key": "Цвет",
                    "value": "Черное"
                },
                {
                    "key": "Вариант",
                    "value": "Ширина 2E"
                },
                {
                    "key": "Размер",
                    "value": "42.5"
                }
            ],
            "vendor": "New Balance",
            "seriesName": ""
        },
        {
            "productId": 757436,
            "parentId": 757436,
            "url": "https:\/\/fast.dewu.com\/page\/productDetail?sourceName=sharedetail&spuId=7034156",
            "variantId": 638629382,
            "title": " New Balance NB 410",
            "description": "",
            "vendorCode": "MT410KR5-12",
            "categoryId": 8713,
            "vendorId": 28,
            "images": [
                "https:\/\/cdn.poizon.com\/pro-img\/origin-img\/20231103\/f4a4449d771a43159569ee3833cceff6.jpg",
                "https:\/\/cdn.poizon.com\/pro-img\/origin-img\/2025061613\/dd79cb5dea2e90c237133a9423631026.jpg",
                "https:\/\/cdn.poizon.com\/pro-img\/origin-img\/2025061613\/769ad8ed13e665f5c1561afedb1f212c.jpg",
                "https:\/\/cdn.poizon.com\/pro-img\/origin-img\/20231103\/60d4dfe6b0264328afde88b46ca2529c.jpg",
                "https:\/\/cdn.poizon.com\/pro-img\/origin-img\/20231103\/d3abcca113ea4f54b6c3072957152a46.jpg",
                "https:\/\/cdn.poizon.com\/pro-img\/origin-img\/20231103\/4453684b7b5e4508aef7d4e7ed690e14.jpeg",
                "https:\/\/cdn.poizon.com\/pro-img\/origin-img\/20231103\/70dcbc572df94c76b63f67e96b436ea7.png"
            ],
            "price": 1090,
            "purchasePrice": 999,
            "count": 1,
            "available": true,
            "timeDelivery": {
                "min": 20,
                "max": 20
            },
            "vat": "NO_VAT",
            "currency": "RUR",
            "params": [
                {
                    "key": "Цвет",
                    "value": "Черное"
                },
                {
                    "key": "Вариант",
                    "value": "Ширина 2E"
                },
                {
                    "key": "Размер",
                    "value": "43"
                }
            ],
            "vendor": "New Balance",
            "seriesName": ""
        },
        {
            "productId": 757436,
            "parentId": 757436,
            "url": "https:\/\/fast.dewu.com\/page\/productDetail?sourceName=sharedetail&spuId=7034156",
            "variantId": 638629383,
            "title": " New Balance NB 410",
            "description": "",
            "vendorCode": "MT410KR5-13",
            "categoryId": 8713,
            "vendorId": 28,
            "images": [
                "https:\/\/cdn.poizon.com\/pro-img\/origin-img\/20231103\/f4a4449d771a43159569ee3833cceff6.jpg",
                "https:\/\/cdn.poizon.com\/pro-img\/origin-img\/2025061613\/dd79cb5dea2e90c237133a9423631026.jpg",
                "https:\/\/cdn.poizon.com\/pro-img\/origin-img\/2025061613\/769ad8ed13e665f5c1561afedb1f212c.jpg",
                "https:\/\/cdn.poizon.com\/pro-img\/origin-img\/20231103\/60d4dfe6b0264328afde88b46ca2529c.jpg",
                "https:\/\/cdn.poizon.com\/pro-img\/origin-img\/20231103\/d3abcca113ea4f54b6c3072957152a46.jpg",
                "https:\/\/cdn.poizon.com\/pro-img\/origin-img\/20231103\/4453684b7b5e4508aef7d4e7ed690e14.jpeg",
                "https:\/\/cdn.poizon.com\/pro-img\/origin-img\/20231103\/70dcbc572df94c76b63f67e96b436ea7.png"
            ],
            "price": 1090,
            "purchasePrice": 999,
            "count": 1,
            "available": true,
            "timeDelivery": {
                "min": 20,
                "max": 20
            },
            "vat": "NO_VAT",
            "currency": "RUR",
            "params": [
                {
                    "key": "Цвет",
                    "value": "Черное"
                },
                {
                    "key": "Вариант",
                    "value": "Ширина 2E"
                },
                {
                    "key": "Размер",
                    "value": "44"
                }
            ],
            "vendor": "New Balance",
            "seriesName": ""
        }
    ]
}

  🔄 [224/316] Импортирую: New Balance NB 997H (ID: 757609)...
[224/316] Импорт: New Balance NB 997H (ID: 757609)
Батч-вставка размеров: 18 шт для product_id=272
Импортировано изображений вариантов: 72 для product_id=272
     ✅ Успешно (создано вариантов: 3131)
     Успешно импортирован
  🔄 [225/316] Импортирую: New Balance NB 574 (ID: 757701)...
[225/316] Импорт: New Balance NB 574 (ID: 757701)
Батч-вставка размеров: 8 шт для product_id=273
Импортировано изображений вариантов: 32 для product_id=273
     ✅ Успешно (создано вариантов: 3139)
     Успешно импортирован
  🔄 [226/316] Импортирую: New Balance Hierro v6 v6 (ID: 757821)...
[226/316] Импорт: New Balance Hierro v6 v6 (ID: 757821)
Батч-вставка размеров: 16 шт для product_id=274
Импортировано изображений вариантов: 64 для product_id=274
     ✅ Успешно (создано вариантов: 3155)
     Успешно импортирован
  🔄 [227/316] Импортирую: New Balance NB 410 (ID: 757841)...
[227/316] Импорт: New Balance NB 410 (ID: 757841)
Батч-вставка размеров: 8 шт для product_id=275
Импортировано изображений вариантов: 32 для product_id=275
     ✅ Успешно (создано вариантов: 3163)
     Успешно импортирован
  🔄 [228/316] Импортирую:  New Balance NB 530 Y2K D (ID: 758906)...
[228/316] Импорт:  New Balance NB 530 Y2K D (ID: 758906)

  ❌ ОШИБКА [228/316]:  New Balance NB 530 Y2K D (ID: 758906)
     Ошибка сохранения товара: vendor_code: Товар с таким артикулом уже существует у данного бренда
     Trace: #0 /Users/user/CascadeProjects/splitwise/commands/PoizonImportJsonController.php(271): app\commands\PoizonImportJsonController->importProduct(Array)
#1 [internal function]: app\commands\PoizonImportJsonController->actionRun('https://storage...')
#2 /Users/user/CascadeProjects/splitwise/vendor/yiisoft/yii2/base/InlineAction.php(60): call_user_func_array(Array, Array)
#3 /Users/user/CascadeProjects/splitwise/vendor/yiisoft/yii2/base/Controller.php(184): yii\base\InlineAction->runWithParams(Array)
...

═══════════════════════════════════════════════════
ОШИБКА #3:  New Balance NB 530 Y2K D
═══════════════════════════════════════════════════
Product ID: 758906
Index: 228/316
Error: Ошибка сохранения товара: vendor_code: Товар с таким артикулом уже существует у данного бренда

Stack Trace:
#0 /Users/user/CascadeProjects/splitwise/commands/PoizonImportJsonController.php(271): app\commands\PoizonImportJsonController->importProduct(Array)
#1 [internal function]: app\commands\PoizonImportJsonController->actionRun('https://storage...')
#2 /Users/user/CascadeProjects/splitwise/vendor/yiisoft/yii2/base/InlineAction.php(60): call_user_func_array(Array, Array)
#3 /Users/user/CascadeProjects/splitwise/vendor/yiisoft/yii2/base/Controller.php(184): yii\base\InlineAction->runWithParams(Array)
#4 /Users/user/CascadeProjects/splitwise/vendor/yiisoft/yii2/console/Controller.php(180): yii\base\Controller->runAction('run', Array)
#5 /Users/user/CascadeProjects/splitwise/vendor/yiisoft/yii2/base/Module.php(555): yii\console\Controller->runAction('run', Array)
#6 /Users/user/CascadeProjects/splitwise/vendor/yiisoft/yii2/console/Application.php(180): yii\base\Module->runAction('poizon-import-j...', Array)
#7 /Users/user/CascadeProjects/splitwise/vendor/yiisoft/yii2/console/Application.php(147): yii\console\Application->runAction('poizon-import-j...', Array)
#8 /Users/user/CascadeProjects/splitwise/vendor/yiisoft/yii2/base/Application.php(387): yii\console\Application->handleRequest(Object(yii\console\Request))
#9 /Users/user/CascadeProjects/splitwise/yii(23): yii\base\Application->run()
#10 {main}

Product Data:
{
    "productId": 758906,
    "variantId": 758906,
    "url": "https:\/\/fast.dewu.com\/page\/productDetail?sourceName=sharedetail&spuId=14061187",
    "title": " New Balance NB 530 Y2K D",
    "description": "",
    "vendorCode": "MR530SG",
    "categoryId": 8713,
    "vendorId": 28,
    "images": [
        "https:\/\/cdn.poizon.com\/pro-img\/origin-img\/20240723\/1b405f79b531488ea1d59e69677452d9.jpg",
        "https:\/\/cdn.poizon.com\/pro-img\/origin-img\/2025061917\/374ede3437ddef235e2df581965c571d.jpg",
        "https:\/\/cdn.poizon.com\/pro-img\/origin-img\/2025061917\/fb8c2dbb4de56218a45a7f5c1a6595b9.jpg",
        "https:\/\/cdn.poizon.com\/pro-img\/origin-img\/20240723\/d6a6f81ba5cf46ab8e360414fed0cb91.jpg",
        "https:\/\/cdn.poizon.com\/pro-img\/origin-img\/20240723\/9033905c8e7f400e941ca7739de0f40b.jpg"
    ],
    "price": 0,
    "favoriteCount": 0,
    "countryOfOrigin": "Китай",
    "properties": [
        {
            "key": "Верхняя высота",
            "value": "Низкий вырез"
        },
        {
            "key": "Применимые сценарии",
            "value": "Свободный"
        },
        {
            "key": "Функциональная",
            "value": "Амортизирующий, нескользящий, износостойкий, дышащий"
        },
        {
            "key": "Цена предложения",
            "value": "¥959"
        },
        {
            "key": "Верхний материал",
            "value": "Сетка, ткань, искусственная кожа"
        },
        {
            "key": "Основной цвет",
            "value": "Коричневый, серебристый"
        },
        {
            "key": "Товарная накладная",
            "value": "Поставляется с парой шнурков для обуви"
        },
        {
            "key": "Дата выхода",
            "value": "2024.07.23"
        },
        {
            "key": "Стиль",
            "value": "Ретро-стиль, улица, модный тренд"
        }
    ],
    "seriesName": "",
    "relatedProducts": [],
    "gender": "Унисекс",
    "sizes": [
        {
            "name": "Европейский кодекс ЕС",
            "delimiter": ",",
            "value": "35,35.5,36,37,37.5,38,38.5,39.5,40,40.5,41.5,42,42.5,43,44,44.5,45,45.5,46.5,47,47.5,49,50,51,52,53"
        },
        {
            "name": "Английский код Великобритании",
            "delimiter": ",",
            "value": "2.5,3,3.5,4,4.5,5,5.5,6,6.5,7,7.5,8,8.5,9,9.5,10,10.5,11,11.5,12,12.5,13.5,14.5,15.5,16.5,17.5"
        },
        {
            "name": "Японский код JP",
            "delimiter": ",",
            "value": "21,21.5,22,22.5,23,23.5,24,24.5,25,25.5,26,26.5,27,27.5,28,28.5,29,29.5,30,30.5,31,32,33,34,35,36"
        },
        {
            "name": "Код Республики Корея",
            "delimiter": ",",
            "value": "210,215,220,225,230,235,240,245,250,255,260,265,270,275,280,285,290,295,300,305,310,320,330,340,350,360"
        },
        {
            "name": "Мужской кодекс красоты США",
            "delimiter": ",",
            "value": "3,3.5,4,4.5,5,5.5,6,6.5,7,7.5,8,8.5,9,9.5,10,10.5,11,11.5,12,12.5,13,14,15,16,17,18"
        },
        {
            "name": "Женский кодекс красоты США",
            "delimiter": ",",
            "value": "4.5,5,5.5,6,6.5,7,7.5,8,8.5,9,9.5,10,10.5,11,11.5,12,12.5,13,13.5,14,15,\/,\/,\/,\/,\/"
        },
        {
            "name": "Подходит для длины стопы",
            "delimiter": ",",
            "value": "210,215,220,225,230,235,240,245,250,255,260,265,270,275,280,285,290,295,300,305,310,320,330,340,350,360"
        }
    ],
    "vat": "NO_VAT",
    "currency": "RUR",
    "keywords": [
        "【定制球鞋】",
        "new",
        "balance",
        "530",
        "辐射地带",
        "废土风",
        "街头减震防滑耐磨透气",
        "休闲y2k复古跑鞋",
        "男女同款"
    ],
    "vendor": "New Balance",
    "children": [
        {
            "productId": 758906,
            "parentId": 758906,
            "url": "https:\/\/fast.dewu.com\/page\/productDetail?sourceName=sharedetail&spuId=14061187",
            "variantId": 709491910,
            "title": " New Balance NB 530 Y2K D",
            "description": "",
            "vendorCode": "MR530SG-1",
            "categoryId": 8713,
            "vendorId": 28,
            "images": [
                "https:\/\/cdn.poizon.com\/pro-img\/origin-img\/20240723\/1b405f79b531488ea1d59e69677452d9.jpg",
                "https:\/\/cdn.poizon.com\/pro-img\/origin-img\/2025061917\/374ede3437ddef235e2df581965c571d.jpg",
                "https:\/\/cdn.poizon.com\/pro-img\/origin-img\/2025061917\/fb8c2dbb4de56218a45a7f5c1a6595b9.jpg",
                "https:\/\/cdn.poizon.com\/pro-img\/origin-img\/20240723\/d6a6f81ba5cf46ab8e360414fed0cb91.jpg",
                "https:\/\/cdn.poizon.com\/pro-img\/origin-img\/20240723\/9033905c8e7f400e941ca7739de0f40b.jpg"
            ],
            "price": 0,
            "purchasePrice": 0,
            "count": 0,
            "available": false,
            "timeDelivery": {
                "min": 15,
                "max": 24
            },
            "vat": "NO_VAT",
            "currency": "RUR",
            "params": [
                {
                    "key": "Цвет",
                    "value": "Коричневый"
                },
                {
                    "key": "Размер",
                    "value": "35.5"
                }
            ],
            "vendor": "New Balance",
            "seriesName": ""
        },
        {
            "productId": 758906,
            "parentId": 758906,
            "url": "https:\/\/fast.dewu.com\/page\/productDetail?sourceName=sharedetail&spuId=14061187",
            "variantId": 709491912,
            "title": " New Balance NB 530 Y2K D",
            "description": "",
            "vendorCode": "MR530SG-2",
            "categoryId": 8713,
            "vendorId": 28,
            "images": [
                "https:\/\/cdn.poizon.com\/pro-img\/origin-img\/20240723\/1b405f79b531488ea1d59e69677452d9.jpg",
                "https:\/\/cdn.poizon.com\/pro-img\/origin-img\/2025061917\/374ede3437ddef235e2df581965c571d.jpg",
                "https:\/\/cdn.poizon.com\/pro-img\/origin-img\/2025061917\/fb8c2dbb4de56218a45a7f5c1a6595b9.jpg",
                "https:\/\/cdn.poizon.com\/pro-img\/origin-img\/20240723\/d6a6f81ba5cf46ab8e360414fed0cb91.jpg",
                "https:\/\/cdn.poizon.com\/pro-img\/origin-img\/20240723\/9033905c8e7f400e941ca7739de0f40b.jpg"
            ],
            "price": 0,
            "purchasePrice": 0,
            "count": 0,
            "available": false,
            "timeDelivery": {
                "min": 15,
                "max": 24
            },
            "vat": "NO_VAT",
            "currency": "RUR",
            "params": [
                {
                    "key": "Цвет",
                    "value": "Коричневый"
                },
                {
                    "key": "Размер",
                    "value": "36"
                }
            ],
            "vendor": "New Balance",
            "seriesName": ""
        },
        {
            "productId": 758906,
            "parentId": 758906,
            "url": "https:\/\/fast.dewu.com\/page\/productDetail?sourceName=sharedetail&spuId=14061187",
            "variantId": 709491914,
            "title": " New Balance NB 530 Y2K D",
            "description": "",
            "vendorCode": "MR530SG-3",
            "categoryId": 8713,
            "vendorId": 28,
            "images": [
                "https:\/\/cdn.poizon.com\/pro-img\/origin-img\/20240723\/1b405f79b531488ea1d59e69677452d9.jpg",
                "https:\/\/cdn.poizon.com\/pro-img\/origin-img\/2025061917\/374ede3437ddef235e2df581965c571d.jpg",
                "https:\/\/cdn.poizon.com\/pro-img\/origin-img\/2025061917\/fb8c2dbb4de56218a45a7f5c1a6595b9.jpg",
                "https:\/\/cdn.poizon.com\/pro-img\/origin-img\/20240723\/d6a6f81ba5cf46ab8e360414fed0cb91.jpg",
                "https:\/\/cdn.poizon.com\/pro-img\/origin-img\/20240723\/9033905c8e7f400e941ca7739de0f40b.jpg"
            ],
            "price": 0,
            "purchasePrice": 0,
            "count": 0,
            "available": false,
            "timeDelivery": {
                "min": 15,
                "max": 24
            },
            "vat": "NO_VAT",
            "currency": "RUR",
            "params": [
                {
                    "key": "Цвет",
                    "value": "Коричневый"
                },
                {
                    "key": "Размер",
                    "value": "37"
                }
            ],
            "vendor": "New Balance",
            "seriesName": ""
        },
        {
            "productId": 758906,
            "parentId": 758906,
            "url": "https:\/\/fast.dewu.com\/page\/productDetail?sourceName=sharedetail&spuId=14061187",
            "variantId": 709491916,
            "title": " New Balance NB 530 Y2K D",
            "description": "",
            "vendorCode": "MR530SG-4",
            "categoryId": 8713,
            "vendorId": 28,
            "images": [
                "https:\/\/cdn.poizon.com\/pro-img\/origin-img\/20240723\/1b405f79b531488ea1d59e69677452d9.jpg",
                "https:\/\/cdn.poizon.com\/pro-img\/origin-img\/2025061917\/374ede3437ddef235e2df581965c571d.jpg",
                "https:\/\/cdn.poizon.com\/pro-img\/origin-img\/2025061917\/fb8c2dbb4de56218a45a7f5c1a6595b9.jpg",
                "https:\/\/cdn.poizon.com\/pro-img\/origin-img\/20240723\/d6a6f81ba5cf46ab8e360414fed0cb91.jpg",
                "https:\/\/cdn.poizon.com\/pro-img\/origin-img\/20240723\/9033905c8e7f400e941ca7739de0f40b.jpg"
            ],
            "price": 0,
            "purchasePrice": 0,
            "count": 0,
            "available": false,
            "timeDelivery": {
                "min": 15,
                "max": 24
            },
            "vat": "NO_VAT",
            "currency": "RUR",
            "params": [
                {
                    "key": "Цвет",
                    "value": "Коричневый"
                },
                {
                    "key": "Размер",
                    "value": "37.5"
                }
            ],
            "vendor": "New Balance",
            "seriesName": ""
        },
        {
            "productId": 758906,
            "parentId": 758906,
            "url": "https:\/\/fast.dewu.com\/page\/productDetail?sourceName=sharedetail&spuId=14061187",
            "variantId": 709491918,
            "title": " New Balance NB 530 Y2K D",
            "description": "",
            "vendorCode": "MR530SG-5",
            "categoryId": 8713,
            "vendorId": 28,
            "images": [
                "https:\/\/cdn.poizon.com\/pro-img\/origin-img\/20240723\/1b405f79b531488ea1d59e69677452d9.jpg",
                "https:\/\/cdn.poizon.com\/pro-img\/origin-img\/2025061917\/374ede3437ddef235e2df581965c571d.jpg",
                "https:\/\/cdn.poizon.com\/pro-img\/origin-img\/2025061917\/fb8c2dbb4de56218a45a7f5c1a6595b9.jpg",
                "https:\/\/cdn.poizon.com\/pro-img\/origin-img\/20240723\/d6a6f81ba5cf46ab8e360414fed0cb91.jpg",
                "https:\/\/cdn.poizon.com\/pro-img\/origin-img\/20240723\/9033905c8e7f400e941ca7739de0f40b.jpg"
            ],
            "price": 0,
            "purchasePrice": 0,
            "count": 0,
            "available": false,
            "timeDelivery": {
                "min": 15,
                "max": 24
            },
            "vat": "NO_VAT",
            "currency": "RUR",
            "params": [
                {
                    "key": "Цвет",
                    "value": "Коричневый"
                },
                {
                    "key": "Размер",
                    "value": "38"
                }
            ],
            "vendor": "New Balance",
            "seriesName": ""
        },
        {
            "productId": 758906,
            "parentId": 758906,
            "url": "https:\/\/fast.dewu.com\/page\/productDetail?sourceName=sharedetail&spuId=14061187",
            "variantId": 709491921,
            "title": " New Balance NB 530 Y2K D",
            "description": "",
            "vendorCode": "MR530SG-6",
            "categoryId": 8713,
            "vendorId": 28,
            "images": [
                "https:\/\/cdn.poizon.com\/pro-img\/origin-img\/20240723\/1b405f79b531488ea1d59e69677452d9.jpg",
                "https:\/\/cdn.poizon.com\/pro-img\/origin-img\/2025061917\/374ede3437ddef235e2df581965c571d.jpg",
                "https:\/\/cdn.poizon.com\/pro-img\/origin-img\/2025061917\/fb8c2dbb4de56218a45a7f5c1a6595b9.jpg",
                "https:\/\/cdn.poizon.com\/pro-img\/origin-img\/20240723\/d6a6f81ba5cf46ab8e360414fed0cb91.jpg",
                "https:\/\/cdn.poizon.com\/pro-img\/origin-img\/20240723\/9033905c8e7f400e941ca7739de0f40b.jpg"
            ],
            "price": 0,
            "purchasePrice": 0,
            "count": 0,
            "available": false,
            "timeDelivery": {
                "min": 15,
                "max": 24
            },
            "vat": "NO_VAT",
            "currency": "RUR",
            "params": [
                {
                    "key": "Цвет",
                    "value": "Коричневый"
                },
                {
                    "key": "Размер",
                    "value": "38.5"
                }
            ],
            "vendor": "New Balance",
            "seriesName": ""
        },
        {
            "productId": 758906,
            "parentId": 758906,
            "url": "https:\/\/fast.dewu.com\/page\/productDetail?sourceName=sharedetail&spuId=14061187",
            "variantId": 709491923,
            "title": " New Balance NB 530 Y2K D",
            "description": "",
            "vendorCode": "MR530SG-7",
            "categoryId": 8713,
            "vendorId": 28,
            "images": [
                "https:\/\/cdn.poizon.com\/pro-img\/origin-img\/20240723\/1b405f79b531488ea1d59e69677452d9.jpg",
                "https:\/\/cdn.poizon.com\/pro-img\/origin-img\/2025061917\/374ede3437ddef235e2df581965c571d.jpg",
                "https:\/\/cdn.poizon.com\/pro-img\/origin-img\/2025061917\/fb8c2dbb4de56218a45a7f5c1a6595b9.jpg",
                "https:\/\/cdn.poizon.com\/pro-img\/origin-img\/20240723\/d6a6f81ba5cf46ab8e360414fed0cb91.jpg",
                "https:\/\/cdn.poizon.com\/pro-img\/origin-img\/20240723\/9033905c8e7f400e941ca7739de0f40b.jpg"
            ],
            "price": 0,
            "purchasePrice": 0,
            "count": 0,
            "available": false,
            "timeDelivery": {
                "min": 15,
                "max": 24
            },
            "vat": "NO_VAT",
            "currency": "RUR",
            "params": [
                {
                    "key": "Цвет",
                    "value": "Коричневый"
                },
                {
                    "key": "Размер",
                    "value": "39.5"
                }
            ],
            "vendor": "New Balance",
            "seriesName": ""
        },
        {
            "productId": 758906,
            "parentId": 758906,
            "url": "https:\/\/fast.dewu.com\/page\/productDetail?sourceName=sharedetail&spuId=14061187",
            "variantId": 709491925,
            "title": " New Balance NB 530 Y2K D",
            "description": "",
            "vendorCode": "MR530SG-8",
            "categoryId": 8713,
            "vendorId": 28,
            "images": [
                "https:\/\/cdn.poizon.com\/pro-img\/origin-img\/20240723\/1b405f79b531488ea1d59e69677452d9.jpg",
                "https:\/\/cdn.poizon.com\/pro-img\/origin-img\/2025061917\/374ede3437ddef235e2df581965c571d.jpg",
                "https:\/\/cdn.poizon.com\/pro-img\/origin-img\/2025061917\/fb8c2dbb4de56218a45a7f5c1a6595b9.jpg",
                "https:\/\/cdn.poizon.com\/pro-img\/origin-img\/20240723\/d6a6f81ba5cf46ab8e360414fed0cb91.jpg",
                "https:\/\/cdn.poizon.com\/pro-img\/origin-img\/20240723\/9033905c8e7f400e941ca7739de0f40b.jpg"
            ],
            "price": 0,
            "purchasePrice": 0,
            "count": 0,
            "available": false,
            "timeDelivery": {
                "min": 15,
                "max": 24
            },
            "vat": "NO_VAT",
            "currency": "RUR",
            "params": [
                {
                    "key": "Цвет",
                    "value": "Коричневый"
                },
                {
                    "key": "Размер",
                    "value": "40"
                }
            ],
            "vendor": "New Balance",
            "seriesName": ""
        },
        {
            "productId": 758906,
            "parentId": 758906,
            "url": "https:\/\/fast.dewu.com\/page\/productDetail?sourceName=sharedetail&spuId=14061187",
            "variantId": 709491927,
            "title": " New Balance NB 530 Y2K D",
            "description": "",
            "vendorCode": "MR530SG-9",
            "categoryId": 8713,
            "vendorId": 28,
            "images": [
                "https:\/\/cdn.poizon.com\/pro-img\/origin-img\/20240723\/1b405f79b531488ea1d59e69677452d9.jpg",
                "https:\/\/cdn.poizon.com\/pro-img\/origin-img\/2025061917\/374ede3437ddef235e2df581965c571d.jpg",
                "https:\/\/cdn.poizon.com\/pro-img\/origin-img\/2025061917\/fb8c2dbb4de56218a45a7f5c1a6595b9.jpg",
                "https:\/\/cdn.poizon.com\/pro-img\/origin-img\/20240723\/d6a6f81ba5cf46ab8e360414fed0cb91.jpg",
                "https:\/\/cdn.poizon.com\/pro-img\/origin-img\/20240723\/9033905c8e7f400e941ca7739de0f40b.jpg"
            ],
            "price": 0,
            "purchasePrice": 0,
            "count": 0,
            "available": false,
            "timeDelivery": {
                "min": 15,
                "max": 24
            },
            "vat": "NO_VAT",
            "currency": "RUR",
            "params": [
                {
                    "key": "Цвет",
                    "value": "Коричневый"
                },
                {
                    "key": "Размер",
                    "value": "40.5"
                }
            ],
            "vendor": "New Balance",
            "seriesName": ""
        },
        {
            "productId": 758906,
            "parentId": 758906,
            "url": "https:\/\/fast.dewu.com\/page\/productDetail?sourceName=sharedetail&spuId=14061187",
            "variantId": 709491929,
            "title": " New Balance NB 530 Y2K D",
            "description": "",
            "vendorCode": "MR530SG-10",
            "categoryId": 8713,
            "vendorId": 28,
            "images": [
                "https:\/\/cdn.poizon.com\/pro-img\/origin-img\/20240723\/1b405f79b531488ea1d59e69677452d9.jpg",
                "https:\/\/cdn.poizon.com\/pro-img\/origin-img\/2025061917\/374ede3437ddef235e2df581965c571d.jpg",
                "https:\/\/cdn.poizon.com\/pro-img\/origin-img\/2025061917\/fb8c2dbb4de56218a45a7f5c1a6595b9.jpg",
                "https:\/\/cdn.poizon.com\/pro-img\/origin-img\/20240723\/d6a6f81ba5cf46ab8e360414fed0cb91.jpg",
                "https:\/\/cdn.poizon.com\/pro-img\/origin-img\/20240723\/9033905c8e7f400e941ca7739de0f40b.jpg"
            ],
            "price": 0,
            "purchasePrice": 0,
            "count": 0,
            "available": false,
            "timeDelivery": {
                "min": 15,
                "max": 24
            },
            "vat": "NO_VAT",
            "currency": "RUR",
            "params": [
                {
                    "key": "Цвет",
                    "value": "Коричневый"
                },
                {
                    "key": "Размер",
                    "value": "41.5"
                }
            ],
            "vendor": "New Balance",
            "seriesName": ""
        },
        {
            "productId": 758906,
            "parentId": 758906,
            "url": "https:\/\/fast.dewu.com\/page\/productDetail?sourceName=sharedetail&spuId=14061187",
            "variantId": 709491931,
            "title": " New Balance NB 530 Y2K D",
            "description": "",
            "vendorCode": "MR530SG-11",
            "categoryId": 8713,
            "vendorId": 28,
            "images": [
                "https:\/\/cdn.poizon.com\/pro-img\/origin-img\/20240723\/1b405f79b531488ea1d59e69677452d9.jpg",
                "https:\/\/cdn.poizon.com\/pro-img\/origin-img\/2025061917\/374ede3437ddef235e2df581965c571d.jpg",
                "https:\/\/cdn.poizon.com\/pro-img\/origin-img\/2025061917\/fb8c2dbb4de56218a45a7f5c1a6595b9.jpg",
                "https:\/\/cdn.poizon.com\/pro-img\/origin-img\/20240723\/d6a6f81ba5cf46ab8e360414fed0cb91.jpg",
                "https:\/\/cdn.poizon.com\/pro-img\/origin-img\/20240723\/9033905c8e7f400e941ca7739de0f40b.jpg"
            ],
            "price": 0,
            "purchasePrice": 0,
            "count": 0,
            "available": false,
            "timeDelivery": {
                "min": 15,
                "max": 24
            },
            "vat": "NO_VAT",
            "currency": "RUR",
            "params": [
                {
                    "key": "Цвет",
                    "value": "Коричневый"
                },
                {
                    "key": "Размер",
                    "value": "42"
                }
            ],
            "vendor": "New Balance",
            "seriesName": ""
        },
        {
            "productId": 758906,
            "parentId": 758906,
            "url": "https:\/\/fast.dewu.com\/page\/productDetail?sourceName=sharedetail&spuId=14061187",
            "variantId": 709491952,
            "title": " New Balance NB 530 Y2K D",
            "description": "",
            "vendorCode": "MR530SG-12",
            "categoryId": 8713,
            "vendorId": 28,
            "images": [
                "https:\/\/cdn.poizon.com\/pro-img\/origin-img\/20240723\/1b405f79b531488ea1d59e69677452d9.jpg",
                "https:\/\/cdn.poizon.com\/pro-img\/origin-img\/2025061917\/374ede3437ddef235e2df581965c571d.jpg",
                "https:\/\/cdn.poizon.com\/pro-img\/origin-img\/2025061917\/fb8c2dbb4de56218a45a7f5c1a6595b9.jpg",
                "https:\/\/cdn.poizon.com\/pro-img\/origin-img\/20240723\/d6a6f81ba5cf46ab8e360414fed0cb91.jpg",
                "https:\/\/cdn.poizon.com\/pro-img\/origin-img\/20240723\/9033905c8e7f400e941ca7739de0f40b.jpg"
            ],
            "price": 0,
            "purchasePrice": 0,
            "count": 0,
            "available": false,
            "timeDelivery": {
                "min": 15,
                "max": 24
            },
            "vat": "NO_VAT",
            "currency": "RUR",
            "params": [
                {
                    "key": "Цвет",
                    "value": "Коричневый"
                },
                {
                    "key": "Размер",
                    "value": "42.5"
                }
            ],
            "vendor": "New Balance",
            "seriesName": ""
        },
        {
            "productId": 758906,
            "parentId": 758906,
            "url": "https:\/\/fast.dewu.com\/page\/productDetail?sourceName=sharedetail&spuId=14061187",
            "variantId": 709491954,
            "title": " New Balance NB 530 Y2K D",
            "description": "",
            "vendorCode": "MR530SG-13",
            "categoryId": 8713,
            "vendorId": 28,
            "images": [
                "https:\/\/cdn.poizon.com\/pro-img\/origin-img\/20240723\/1b405f79b531488ea1d59e69677452d9.jpg",
                "https:\/\/cdn.poizon.com\/pro-img\/origin-img\/2025061917\/374ede3437ddef235e2df581965c571d.jpg",
                "https:\/\/cdn.poizon.com\/pro-img\/origin-img\/2025061917\/fb8c2dbb4de56218a45a7f5c1a6595b9.jpg",
                "https:\/\/cdn.poizon.com\/pro-img\/origin-img\/20240723\/d6a6f81ba5cf46ab8e360414fed0cb91.jpg",
                "https:\/\/cdn.poizon.com\/pro-img\/origin-img\/20240723\/9033905c8e7f400e941ca7739de0f40b.jpg"
            ],
            "price": 0,
            "purchasePrice": 0,
            "count": 0,
            "available": false,
            "timeDelivery": {
                "min": 15,
                "max": 24
            },
            "vat": "NO_VAT",
            "currency": "RUR",
            "params": [
                {
                    "key": "Цвет",
                    "value": "Коричневый"
                },
                {
                    "key": "Размер",
                    "value": "43"
                }
            ],
            "vendor": "New Balance",
            "seriesName": ""
        },
        {
            "productId": 758906,
            "parentId": 758906,
            "url": "https:\/\/fast.dewu.com\/page\/productDetail?sourceName=sharedetail&spuId=14061187",
            "variantId": 709491956,
            "title": " New Balance NB 530 Y2K D",
            "description": "",
            "vendorCode": "MR530SG-14",
            "categoryId": 8713,
            "vendorId": 28,
            "images": [
                "https:\/\/cdn.poizon.com\/pro-img\/origin-img\/20240723\/1b405f79b531488ea1d59e69677452d9.jpg",
                "https:\/\/cdn.poizon.com\/pro-img\/origin-img\/2025061917\/374ede3437ddef235e2df581965c571d.jpg",
                "https:\/\/cdn.poizon.com\/pro-img\/origin-img\/2025061917\/fb8c2dbb4de56218a45a7f5c1a6595b9.jpg",
                "https:\/\/cdn.poizon.com\/pro-img\/origin-img\/20240723\/d6a6f81ba5cf46ab8e360414fed0cb91.jpg",
                "https:\/\/cdn.poizon.com\/pro-img\/origin-img\/20240723\/9033905c8e7f400e941ca7739de0f40b.jpg"
            ],
            "price": 0,
            "purchasePrice": 0,
            "count": 0,
            "available": false,
            "timeDelivery": {
                "min": 15,
                "max": 24
            },
            "vat": "NO_VAT",
            "currency": "RUR",
            "params": [
                {
                    "key": "Цвет",
                    "value": "Коричневый"
                },
                {
                    "key": "Размер",
                    "value": "44"
                }
            ],
            "vendor": "New Balance",
            "seriesName": ""
        },
        {
            "productId": 758906,
            "parentId": 758906,
            "url": "https:\/\/fast.dewu.com\/page\/productDetail?sourceName=sharedetail&spuId=14061187",
            "variantId": 709491958,
            "title": " New Balance NB 530 Y2K D",
            "description": "",
            "vendorCode": "MR530SG-15",
            "categoryId": 8713,
            "vendorId": 28,
            "images": [
                "https:\/\/cdn.poizon.com\/pro-img\/origin-img\/20240723\/1b405f79b531488ea1d59e69677452d9.jpg",
                "https:\/\/cdn.poizon.com\/pro-img\/origin-img\/2025061917\/374ede3437ddef235e2df581965c571d.jpg",
                "https:\/\/cdn.poizon.com\/pro-img\/origin-img\/2025061917\/fb8c2dbb4de56218a45a7f5c1a6595b9.jpg",
                "https:\/\/cdn.poizon.com\/pro-img\/origin-img\/20240723\/d6a6f81ba5cf46ab8e360414fed0cb91.jpg",
                "https:\/\/cdn.poizon.com\/pro-img\/origin-img\/20240723\/9033905c8e7f400e941ca7739de0f40b.jpg"
            ],
            "price": 0,
            "purchasePrice": 0,
            "count": 0,
            "available": false,
            "timeDelivery": {
                "min": 15,
                "max": 24
            },
            "vat": "NO_VAT",
            "currency": "RUR",
            "params": [
                {
                    "key": "Цвет",
                    "value": "Коричневый"
                },
                {
                    "key": "Размер",
                    "value": "44.5"
                }
            ],
            "vendor": "New Balance",
            "seriesName": ""
        },
        {
            "productId": 758906,
            "parentId": 758906,
            "url": "https:\/\/fast.dewu.com\/page\/productDetail?sourceName=sharedetail&spuId=14061187",
            "variantId": 709491961,
            "title": " New Balance NB 530 Y2K D",
            "description": "",
            "vendorCode": "MR530SG-16",
            "categoryId": 8713,
            "vendorId": 28,
            "images": [
                "https:\/\/cdn.poizon.com\/pro-img\/origin-img\/20240723\/1b405f79b531488ea1d59e69677452d9.jpg",
                "https:\/\/cdn.poizon.com\/pro-img\/origin-img\/2025061917\/374ede3437ddef235e2df581965c571d.jpg",
                "https:\/\/cdn.poizon.com\/pro-img\/origin-img\/2025061917\/fb8c2dbb4de56218a45a7f5c1a6595b9.jpg",
                "https:\/\/cdn.poizon.com\/pro-img\/origin-img\/20240723\/d6a6f81ba5cf46ab8e360414fed0cb91.jpg",
                "https:\/\/cdn.poizon.com\/pro-img\/origin-img\/20240723\/9033905c8e7f400e941ca7739de0f40b.jpg"
            ],
            "price": 0,
            "purchasePrice": 0,
            "count": 0,
            "available": false,
            "timeDelivery": {
                "min": 15,
                "max": 24
            },
            "vat": "NO_VAT",
            "currency": "RUR",
            "params": [
                {
                    "key": "Цвет",
                    "value": "Коричневый"
                },
                {
                    "key": "Размер",
                    "value": "45"
                }
            ],
            "vendor": "New Balance",
            "seriesName": ""
        }
    ]
}

  🔄 [229/316] Импортирую:  New Balance NB 530 (ID: 758912)...
[229/316] Импорт:  New Balance NB 530 (ID: 758912)

  ❌ ОШИБКА [229/316]:  New Balance NB 530 (ID: 758912)
     Ошибка сохранения товара: vendor_code: Товар с таким артикулом уже существует у данного бренда
     Trace: #0 /Users/user/CascadeProjects/splitwise/commands/PoizonImportJsonController.php(271): app\commands\PoizonImportJsonController->importProduct(Array)
#1 [internal function]: app\commands\PoizonImportJsonController->actionRun('https://storage...')
#2 /Users/user/CascadeProjects/splitwise/vendor/yiisoft/yii2/base/InlineAction.php(60): call_user_func_array(Array, Array)
#3 /Users/user/CascadeProjects/splitwise/vendor/yiisoft/yii2/base/Controller.php(184): yii\base\InlineAction->runWithParams(Array)
...

═══════════════════════════════════════════════════
ОШИБКА #4:  New Balance NB 530
═══════════════════════════════════════════════════
Product ID: 758912
Index: 229/316
Error: Ошибка сохранения товара: vendor_code: Товар с таким артикулом уже существует у данного бренда

Stack Trace:
#0 /Users/user/CascadeProjects/splitwise/commands/PoizonImportJsonController.php(271): app\commands\PoizonImportJsonController->importProduct(Array)
#1 [internal function]: app\commands\PoizonImportJsonController->actionRun('https://storage...')
#2 /Users/user/CascadeProjects/splitwise/vendor/yiisoft/yii2/base/InlineAction.php(60): call_user_func_array(Array, Array)
#3 /Users/user/CascadeProjects/splitwise/vendor/yiisoft/yii2/base/Controller.php(184): yii\base\InlineAction->runWithParams(Array)
#4 /Users/user/CascadeProjects/splitwise/vendor/yiisoft/yii2/console/Controller.php(180): yii\base\Controller->runAction('run', Array)
#5 /Users/user/CascadeProjects/splitwise/vendor/yiisoft/yii2/base/Module.php(555): yii\console\Controller->runAction('run', Array)
#6 /Users/user/CascadeProjects/splitwise/vendor/yiisoft/yii2/console/Application.php(180): yii\base\Module->runAction('poizon-import-j...', Array)
#7 /Users/user/CascadeProjects/splitwise/vendor/yiisoft/yii2/console/Application.php(147): yii\console\Application->runAction('poizon-import-j...', Array)
#8 /Users/user/CascadeProjects/splitwise/vendor/yiisoft/yii2/base/Application.php(387): yii\console\Application->handleRequest(Object(yii\console\Request))
#9 /Users/user/CascadeProjects/splitwise/yii(23): yii\base\Application->run()
#10 {main}

Product Data:
{
    "productId": 758912,
    "variantId": 758912,
    "url": "https:\/\/fast.dewu.com\/page\/productDetail?sourceName=sharedetail&spuId=23661356",
    "title": " New Balance NB 530",
    "description": "",
    "vendorCode": "MR530SG",
    "categoryId": 8713,
    "vendorId": 28,
    "images": [
        "https:\/\/cdn.poizon.com\/pro-img\/origin-img\/20250518\/3177dd4133bd40769a916aa34c66d8af.jpg",
        "https:\/\/cdn.poizon.com\/pro-img\/origin-img\/2025062514\/4cee45d5d73fcac9ec21ac5ffc38219a.jpg",
        "https:\/\/cdn.poizon.com\/pro-img\/origin-img\/2025062514\/5d71d47a82b885e2796a56d4fa0e5dc6.jpg",
        "https:\/\/cdn.poizon.com\/pro-img\/origin-img\/20250518\/8818cfe6411949eea90efdf4eb6829ed.jpg",
        "https:\/\/cdn.poizon.com\/pro-img\/origin-img\/20250518\/ce1ad16f030144789120e68252368232.jpg",
        "https:\/\/cdn.poizon.com\/pro-img\/origin-img\/20250518\/2c9ed8a27701438b91f2fc7ef877ad37.jpg",
        "https:\/\/cdn.poizon.com\/pro-img\/origin-img\/20250518\/7abfc02fef124ea08c2c3f1048ed7468.jpg"
    ],
    "price": 890,
    "favoriteCount": 0,
    "countryOfOrigin": "Китай",
    "properties": [
        {
            "key": "Верхняя высота",
            "value": "Низкий вырез"
        },
        {
            "key": "Стиль носка",
            "value": "Круглая голова"
        },
        {
            "key": "Функциональная",
            "value": "Износостойкий"
        },
        {
            "key": "Закрытый режим",
            "value": "Зашнуровать"
        },
        {
            "key": "Применимые сценарии",
            "value": "Отдых, поездки на работу в город"
        },
        {
            "key": "Основной цвет",
            "value": "Голубой, розовый"
        },
        {
            "key": "Общий вес обуви (приблизительно)",
            "value": "290 г\/одинарный 42 ярда\/одинарный"
        },
        {
            "key": "Верхний материал",
            "value": "Сетка, ткань, искусственная кожа"
        },
        {
            "key": "Дата выхода",
            "value": "2025.05.19"
        }
    ],
    "seriesName": "",
    "relatedProducts": [],
    "gender": "Унисекс",
    "sizes": [
        {
            "name": "Европейский кодекс ЕС",
            "delimiter": ",",
            "value": "35.5,36,37,37.5,38,38.5,39.5,40,40.5,41.5,42,42.5,43,44,44.5,45,45.5,46.5,47,47.5,49,50,51,52"
        },
        {
            "name": "Кодекс красоты США",
            "delimiter": ",",
            "value": "3.5,4,4.5,5,5.5,6,6.5,7,7.5,8,8.5,9,9.5,10,10.5,11,11.5,12,12.5,13,14,15,16,17"
        },
        {
            "name": "Английский код Великобритании",
            "delimiter": ",",
            "value": "3,3.5,4,4.5,5,5.5,6,6.5,7,7.5,8,8.5,9,9.5,10,10.5,11,11.5,12,12.5,13.5,14.5,15.5,16.5"
        },
        {
            "name": "Подходит для длины стопы",
            "delimiter": ",",
            "value": "21.5,22,22.5,23,23.5,24,24.5,25,25.5,26,26.5,27,27.5,28,28.5,29,29.5,30,30.5,31,32,33,34,35"
        }
    ],
    "vat": "NO_VAT",
    "currency": "RUR",
    "keywords": [
        "【定制球鞋】",
        "new",
        "balance",
        "530",
        "粉蓝逸彩",
        "青春校园",
        "小清新",
        "情侣款",
        "经典复古耐磨",
        "低帮跑步鞋",
        "男女同款"
    ],
    "vendor": "New Balance",
    "children": [
        {
            "productId": 758912,
            "parentId": 758912,
            "url": "https:\/\/fast.dewu.com\/page\/productDetail?sourceName=sharedetail&spuId=23661356",
            "variantId": 866283126,
            "title": " New Balance NB 530",
            "description": "",
            "vendorCode": "MR530SG-1",
            "categoryId": 8713,
            "vendorId": 28,
            "images": [
                "https:\/\/cdn.poizon.com\/pro-img\/origin-img\/20250518\/3177dd4133bd40769a916aa34c66d8af.jpg",
                "https:\/\/cdn.poizon.com\/pro-img\/origin-img\/2025062514\/4cee45d5d73fcac9ec21ac5ffc38219a.jpg",
                "https:\/\/cdn.poizon.com\/pro-img\/origin-img\/2025062514\/5d71d47a82b885e2796a56d4fa0e5dc6.jpg",
                "https:\/\/cdn.poizon.com\/pro-img\/origin-img\/20250518\/8818cfe6411949eea90efdf4eb6829ed.jpg",
                "https:\/\/cdn.poizon.com\/pro-img\/origin-img\/20250518\/ce1ad16f030144789120e68252368232.jpg",
                "https:\/\/cdn.poizon.com\/pro-img\/origin-img\/20250518\/2c9ed8a27701438b91f2fc7ef877ad37.jpg",
                "https:\/\/cdn.poizon.com\/pro-img\/origin-img\/20250518\/7abfc02fef124ea08c2c3f1048ed7468.jpg"
            ],
            "price": 990,
            "purchasePrice": 899,
            "count": 1,
            "available": true,
            "timeDelivery": {
                "min": 5,
                "max": 6
            },
            "vat": "NO_VAT",
            "currency": "RUR",
            "params": [
                {
                    "key": "Цвет",
                    "value": "Синий порошок"
                },
                {
                    "key": "Вариант",
                    "value": "D"
                },
                {
                    "key": "Размер",
                    "value": "36"
                }
            ],
            "vendor": "New Balance",
            "seriesName": ""
        },
        {
            "productId": 758912,
            "parentId": 758912,
            "url": "https:\/\/fast.dewu.com\/page\/productDetail?sourceName=sharedetail&spuId=23661356",
            "variantId": 866283127,
            "title": " New Balance NB 530",
            "description": "",
            "vendorCode": "MR530SG-2",
            "categoryId": 8713,
            "vendorId": 28,
            "images": [
                "https:\/\/cdn.poizon.com\/pro-img\/origin-img\/20250518\/3177dd4133bd40769a916aa34c66d8af.jpg",
                "https:\/\/cdn.poizon.com\/pro-img\/origin-img\/2025062514\/4cee45d5d73fcac9ec21ac5ffc38219a.jpg",
                "https:\/\/cdn.poizon.com\/pro-img\/origin-img\/2025062514\/5d71d47a82b885e2796a56d4fa0e5dc6.jpg",
                "https:\/\/cdn.poizon.com\/pro-img\/origin-img\/20250518\/8818cfe6411949eea90efdf4eb6829ed.jpg",
                "https:\/\/cdn.poizon.com\/pro-img\/origin-img\/20250518\/ce1ad16f030144789120e68252368232.jpg",
                "https:\/\/cdn.poizon.com\/pro-img\/origin-img\/20250518\/2c9ed8a27701438b91f2fc7ef877ad37.jpg",
                "https:\/\/cdn.poizon.com\/pro-img\/origin-img\/20250518\/7abfc02fef124ea08c2c3f1048ed7468.jpg"
            ],
            "price": 990,
            "purchasePrice": 899,
            "count": 1,
            "available": true,
            "timeDelivery": {
                "min": 5,
                "max": 6
            },
            "vat": "NO_VAT",
            "currency": "RUR",
            "params": [
                {
                    "key": "Цвет",
                    "value": "Синий порошок"
                },
                {
                    "key": "Вариант",
                    "value": "D"
                },
                {
                    "key": "Размер",
                    "value": "37"
                }
            ],
            "vendor": "New Balance",
            "seriesName": ""
        },
        {
            "productId": 758912,
            "parentId": 758912,
            "url": "https:\/\/fast.dewu.com\/page\/productDetail?sourceName=sharedetail&spuId=23661356",
            "variantId": 866283128,
            "title": " New Balance NB 530",
            "description": "",
            "vendorCode": "MR530SG-3",
            "categoryId": 8713,
            "vendorId": 28,
            "images": [
                "https:\/\/cdn.poizon.com\/pro-img\/origin-img\/20250518\/3177dd4133bd40769a916aa34c66d8af.jpg",
                "https:\/\/cdn.poizon.com\/pro-img\/origin-img\/2025062514\/4cee45d5d73fcac9ec21ac5ffc38219a.jpg",
                "https:\/\/cdn.poizon.com\/pro-img\/origin-img\/2025062514\/5d71d47a82b885e2796a56d4fa0e5dc6.jpg",
                "https:\/\/cdn.poizon.com\/pro-img\/origin-img\/20250518\/8818cfe6411949eea90efdf4eb6829ed.jpg",
                "https:\/\/cdn.poizon.com\/pro-img\/origin-img\/20250518\/ce1ad16f030144789120e68252368232.jpg",
                "https:\/\/cdn.poizon.com\/pro-img\/origin-img\/20250518\/2c9ed8a27701438b91f2fc7ef877ad37.jpg",
                "https:\/\/cdn.poizon.com\/pro-img\/origin-img\/20250518\/7abfc02fef124ea08c2c3f1048ed7468.jpg"
            ],
            "price": 990,
            "purchasePrice": 899,
            "count": 1,
            "available": true,
            "timeDelivery": {
                "min": 5,
                "max": 6
            },
            "vat": "NO_VAT",
            "currency": "RUR",
            "params": [
                {
                    "key": "Цвет",
                    "value": "Синий порошок"
                },
                {
                    "key": "Вариант",
                    "value": "D"
                },
                {
                    "key": "Размер",
                    "value": "37.5"
                }
            ],
            "vendor": "New Balance",
            "seriesName": ""
        },
        {
            "productId": 758912,
            "parentId": 758912,
            "url": "https:\/\/fast.dewu.com\/page\/productDetail?sourceName=sharedetail&spuId=23661356",
            "variantId": 866283129,
            "title": " New Balance NB 530",
            "description": "",
            "vendorCode": "MR530SG-4",
            "categoryId": 8713,
            "vendorId": 28,
            "images": [
                "https:\/\/cdn.poizon.com\/pro-img\/origin-img\/20250518\/3177dd4133bd40769a916aa34c66d8af.jpg",
                "https:\/\/cdn.poizon.com\/pro-img\/origin-img\/2025062514\/4cee45d5d73fcac9ec21ac5ffc38219a.jpg",
                "https:\/\/cdn.poizon.com\/pro-img\/origin-img\/2025062514\/5d71d47a82b885e2796a56d4fa0e5dc6.jpg",
                "https:\/\/cdn.poizon.com\/pro-img\/origin-img\/20250518\/8818cfe6411949eea90efdf4eb6829ed.jpg",
                "https:\/\/cdn.poizon.com\/pro-img\/origin-img\/20250518\/ce1ad16f030144789120e68252368232.jpg",
                "https:\/\/cdn.poizon.com\/pro-img\/origin-img\/20250518\/2c9ed8a27701438b91f2fc7ef877ad37.jpg",
                "https:\/\/cdn.poizon.com\/pro-img\/origin-img\/20250518\/7abfc02fef124ea08c2c3f1048ed7468.jpg"
            ],
            "price": 990,
            "purchasePrice": 899,
            "count": 1,
            "available": true,
            "timeDelivery": {
                "min": 5,
                "max": 6
            },
            "vat": "NO_VAT",
            "currency": "RUR",
            "params": [
                {
                    "key": "Цвет",
                    "value": "Синий порошок"
                },
                {
                    "key": "Вариант",
                    "value": "D"
                },
                {
                    "key": "Размер",
                    "value": "38"
                }
            ],
            "vendor": "New Balance",
            "seriesName": ""
        },
        {
            "productId": 758912,
            "parentId": 758912,
            "url": "https:\/\/fast.dewu.com\/page\/productDetail?sourceName=sharedetail&spuId=23661356",
            "variantId": 866283130,
            "title": " New Balance NB 530",
            "description": "",
            "vendorCode": "MR530SG-5",
            "categoryId": 8713,
            "vendorId": 28,
            "images": [
                "https:\/\/cdn.poizon.com\/pro-img\/origin-img\/20250518\/3177dd4133bd40769a916aa34c66d8af.jpg",
                "https:\/\/cdn.poizon.com\/pro-img\/origin-img\/2025062514\/4cee45d5d73fcac9ec21ac5ffc38219a.jpg",
                "https:\/\/cdn.poizon.com\/pro-img\/origin-img\/2025062514\/5d71d47a82b885e2796a56d4fa0e5dc6.jpg",
                "https:\/\/cdn.poizon.com\/pro-img\/origin-img\/20250518\/8818cfe6411949eea90efdf4eb6829ed.jpg",
                "https:\/\/cdn.poizon.com\/pro-img\/origin-img\/20250518\/ce1ad16f030144789120e68252368232.jpg",
                "https:\/\/cdn.poizon.com\/pro-img\/origin-img\/20250518\/2c9ed8a27701438b91f2fc7ef877ad37.jpg",
                "https:\/\/cdn.poizon.com\/pro-img\/origin-img\/20250518\/7abfc02fef124ea08c2c3f1048ed7468.jpg"
            ],
            "price": 990,
            "purchasePrice": 899,
            "count": 1,
            "available": true,
            "timeDelivery": {
                "min": 5,
                "max": 6
            },
            "vat": "NO_VAT",
            "currency": "RUR",
            "params": [
                {
                    "key": "Цвет",
                    "value": "Синий порошок"
                },
                {
                    "key": "Вариант",
                    "value": "D"
                },
                {
                    "key": "Размер",
                    "value": "38.5"
                }
            ],
            "vendor": "New Balance",
            "seriesName": ""
        },
        {
            "productId": 758912,
            "parentId": 758912,
            "url": "https:\/\/fast.dewu.com\/page\/productDetail?sourceName=sharedetail&spuId=23661356",
            "variantId": 866283131,
            "title": " New Balance NB 530",
            "description": "",
            "vendorCode": "MR530SG-6",
            "categoryId": 8713,
            "vendorId": 28,
            "images": [
                "https:\/\/cdn.poizon.com\/pro-img\/origin-img\/20250518\/3177dd4133bd40769a916aa34c66d8af.jpg",
                "https:\/\/cdn.poizon.com\/pro-img\/origin-img\/2025062514\/4cee45d5d73fcac9ec21ac5ffc38219a.jpg",
                "https:\/\/cdn.poizon.com\/pro-img\/origin-img\/2025062514\/5d71d47a82b885e2796a56d4fa0e5dc6.jpg",
                "https:\/\/cdn.poizon.com\/pro-img\/origin-img\/20250518\/8818cfe6411949eea90efdf4eb6829ed.jpg",
                "https:\/\/cdn.poizon.com\/pro-img\/origin-img\/20250518\/ce1ad16f030144789120e68252368232.jpg",
                "https:\/\/cdn.poizon.com\/pro-img\/origin-img\/20250518\/2c9ed8a27701438b91f2fc7ef877ad37.jpg",
                "https:\/\/cdn.poizon.com\/pro-img\/origin-img\/20250518\/7abfc02fef124ea08c2c3f1048ed7468.jpg"
            ],
            "price": 990,
            "purchasePrice": 899,
            "count": 1,
            "available": true,
            "timeDelivery": {
                "min": 5,
                "max": 6
            },
            "vat": "NO_VAT",
            "currency": "RUR",
            "params": [
                {
                    "key": "Цвет",
                    "value": "Синий порошок"
                },
                {
                    "key": "Вариант",
                    "value": "D"
                },
                {
                    "key": "Размер",
                    "value": "39.5"
                }
            ],
            "vendor": "New Balance",
            "seriesName": ""
        },
        {
            "productId": 758912,
            "parentId": 758912,
            "url": "https:\/\/fast.dewu.com\/page\/productDetail?sourceName=sharedetail&spuId=23661356",
            "variantId": 866283132,
            "title": " New Balance NB 530",
            "description": "",
            "vendorCode": "MR530SG-7",
            "categoryId": 8713,
            "vendorId": 28,
            "images": [
                "https:\/\/cdn.poizon.com\/pro-img\/origin-img\/20250518\/3177dd4133bd40769a916aa34c66d8af.jpg",
                "https:\/\/cdn.poizon.com\/pro-img\/origin-img\/2025062514\/4cee45d5d73fcac9ec21ac5ffc38219a.jpg",
                "https:\/\/cdn.poizon.com\/pro-img\/origin-img\/2025062514\/5d71d47a82b885e2796a56d4fa0e5dc6.jpg",
                "https:\/\/cdn.poizon.com\/pro-img\/origin-img\/20250518\/8818cfe6411949eea90efdf4eb6829ed.jpg",
                "https:\/\/cdn.poizon.com\/pro-img\/origin-img\/20250518\/ce1ad16f030144789120e68252368232.jpg",
                "https:\/\/cdn.poizon.com\/pro-img\/origin-img\/20250518\/2c9ed8a27701438b91f2fc7ef877ad37.jpg",
                "https:\/\/cdn.poizon.com\/pro-img\/origin-img\/20250518\/7abfc02fef124ea08c2c3f1048ed7468.jpg"
            ],
            "price": 990,
            "purchasePrice": 899,
            "count": 1,
            "available": true,
            "timeDelivery": {
                "min": 5,
                "max": 6
            },
            "vat": "NO_VAT",
            "currency": "RUR",
            "params": [
                {
                    "key": "Цвет",
                    "value": "Синий порошок"
                },
                {
                    "key": "Вариант",
                    "value": "D"
                },
                {
                    "key": "Размер",
                    "value": "40"
                }
            ],
            "vendor": "New Balance",
            "seriesName": ""
        },
        {
            "productId": 758912,
            "parentId": 758912,
            "url": "https:\/\/fast.dewu.com\/page\/productDetail?sourceName=sharedetail&spuId=23661356",
            "variantId": 866283133,
            "title": " New Balance NB 530",
            "description": "",
            "vendorCode": "MR530SG-8",
            "categoryId": 8713,
            "vendorId": 28,
            "images": [
                "https:\/\/cdn.poizon.com\/pro-img\/origin-img\/20250518\/3177dd4133bd40769a916aa34c66d8af.jpg",
                "https:\/\/cdn.poizon.com\/pro-img\/origin-img\/2025062514\/4cee45d5d73fcac9ec21ac5ffc38219a.jpg",
                "https:\/\/cdn.poizon.com\/pro-img\/origin-img\/2025062514\/5d71d47a82b885e2796a56d4fa0e5dc6.jpg",
                "https:\/\/cdn.poizon.com\/pro-img\/origin-img\/20250518\/8818cfe6411949eea90efdf4eb6829ed.jpg",
                "https:\/\/cdn.poizon.com\/pro-img\/origin-img\/20250518\/ce1ad16f030144789120e68252368232.jpg",
                "https:\/\/cdn.poizon.com\/pro-img\/origin-img\/20250518\/2c9ed8a27701438b91f2fc7ef877ad37.jpg",
                "https:\/\/cdn.poizon.com\/pro-img\/origin-img\/20250518\/7abfc02fef124ea08c2c3f1048ed7468.jpg"
            ],
            "price": 990,
            "purchasePrice": 899,
            "count": 1,
            "available": true,
            "timeDelivery": {
                "min": 5,
                "max": 6
            },
            "vat": "NO_VAT",
            "currency": "RUR",
            "params": [
                {
                    "key": "Цвет",
                    "value": "Синий порошок"
                },
                {
                    "key": "Вариант",
                    "value": "D"
                },
                {
                    "key": "Размер",
                    "value": "40.5"
                }
            ],
            "vendor": "New Balance",
            "seriesName": ""
        },
        {
            "productId": 758912,
            "parentId": 758912,
            "url": "https:\/\/fast.dewu.com\/page\/productDetail?sourceName=sharedetail&spuId=23661356",
            "variantId": 866283134,
            "title": " New Balance NB 530",
            "description": "",
            "vendorCode": "MR530SG-9",
            "categoryId": 8713,
            "vendorId": 28,
            "images": [
                "https:\/\/cdn.poizon.com\/pro-img\/origin-img\/20250518\/3177dd4133bd40769a916aa34c66d8af.jpg",
                "https:\/\/cdn.poizon.com\/pro-img\/origin-img\/2025062514\/4cee45d5d73fcac9ec21ac5ffc38219a.jpg",
                "https:\/\/cdn.poizon.com\/pro-img\/origin-img\/2025062514\/5d71d47a82b885e2796a56d4fa0e5dc6.jpg",
                "https:\/\/cdn.poizon.com\/pro-img\/origin-img\/20250518\/8818cfe6411949eea90efdf4eb6829ed.jpg",
                "https:\/\/cdn.poizon.com\/pro-img\/origin-img\/20250518\/ce1ad16f030144789120e68252368232.jpg",
                "https:\/\/cdn.poizon.com\/pro-img\/origin-img\/20250518\/2c9ed8a27701438b91f2fc7ef877ad37.jpg",
                "https:\/\/cdn.poizon.com\/pro-img\/origin-img\/20250518\/7abfc02fef124ea08c2c3f1048ed7468.jpg"
            ],
            "price": 990,
            "purchasePrice": 899,
            "count": 1,
            "available": true,
            "timeDelivery": {
                "min": 5,
                "max": 6
            },
            "vat": "NO_VAT",
            "currency": "RUR",
            "params": [
                {
                    "key": "Цвет",
                    "value": "Синий порошок"
                },
                {
                    "key": "Вариант",
                    "value": "D"
                },
                {
                    "key": "Размер",
                    "value": "41.5"
                }
            ],
            "vendor": "New Balance",
            "seriesName": ""
        },
        {
            "productId": 758912,
            "parentId": 758912,
            "url": "https:\/\/fast.dewu.com\/page\/productDetail?sourceName=sharedetail&spuId=23661356",
            "variantId": 866283135,
            "title": " New Balance NB 530",
            "description": "",
            "vendorCode": "MR530SG-10",
            "categoryId": 8713,
            "vendorId": 28,
            "images": [
                "https:\/\/cdn.poizon.com\/pro-img\/origin-img\/20250518\/3177dd4133bd40769a916aa34c66d8af.jpg",
                "https:\/\/cdn.poizon.com\/pro-img\/origin-img\/2025062514\/4cee45d5d73fcac9ec21ac5ffc38219a.jpg",
                "https:\/\/cdn.poizon.com\/pro-img\/origin-img\/2025062514\/5d71d47a82b885e2796a56d4fa0e5dc6.jpg",
                "https:\/\/cdn.poizon.com\/pro-img\/origin-img\/20250518\/8818cfe6411949eea90efdf4eb6829ed.jpg",
                "https:\/\/cdn.poizon.com\/pro-img\/origin-img\/20250518\/ce1ad16f030144789120e68252368232.jpg",
                "https:\/\/cdn.poizon.com\/pro-img\/origin-img\/20250518\/2c9ed8a27701438b91f2fc7ef877ad37.jpg",
                "https:\/\/cdn.poizon.com\/pro-img\/origin-img\/20250518\/7abfc02fef124ea08c2c3f1048ed7468.jpg"
            ],
            "price": 990,
            "purchasePrice": 899,
            "count": 1,
            "available": true,
            "timeDelivery": {
                "min": 5,
                "max": 6
            },
            "vat": "NO_VAT",
            "currency": "RUR",
            "params": [
                {
                    "key": "Цвет",
                    "value": "Синий порошок"
                },
                {
                    "key": "Вариант",
                    "value": "D"
                },
                {
                    "key": "Размер",
                    "value": "42"
                }
            ],
            "vendor": "New Balance",
            "seriesName": ""
        },
        {
            "productId": 758912,
            "parentId": 758912,
            "url": "https:\/\/fast.dewu.com\/page\/productDetail?sourceName=sharedetail&spuId=23661356",
            "variantId": 866283136,
            "title": " New Balance NB 530",
            "description": "",
            "vendorCode": "MR530SG-11",
            "categoryId": 8713,
            "vendorId": 28,
            "images": [
                "https:\/\/cdn.poizon.com\/pro-img\/origin-img\/20250518\/3177dd4133bd40769a916aa34c66d8af.jpg",
                "https:\/\/cdn.poizon.com\/pro-img\/origin-img\/2025062514\/4cee45d5d73fcac9ec21ac5ffc38219a.jpg",
                "https:\/\/cdn.poizon.com\/pro-img\/origin-img\/2025062514\/5d71d47a82b885e2796a56d4fa0e5dc6.jpg",
                "https:\/\/cdn.poizon.com\/pro-img\/origin-img\/20250518\/8818cfe6411949eea90efdf4eb6829ed.jpg",
                "https:\/\/cdn.poizon.com\/pro-img\/origin-img\/20250518\/ce1ad16f030144789120e68252368232.jpg",
                "https:\/\/cdn.poizon.com\/pro-img\/origin-img\/20250518\/2c9ed8a27701438b91f2fc7ef877ad37.jpg",
                "https:\/\/cdn.poizon.com\/pro-img\/origin-img\/20250518\/7abfc02fef124ea08c2c3f1048ed7468.jpg"
            ],
            "price": 990,
            "purchasePrice": 899,
            "count": 1,
            "available": true,
            "timeDelivery": {
                "min": 5,
                "max": 6
            },
            "vat": "NO_VAT",
            "currency": "RUR",
            "params": [
                {
                    "key": "Цвет",
                    "value": "Синий порошок"
                },
                {
                    "key": "Вариант",
                    "value": "D"
                },
                {
                    "key": "Размер",
                    "value": "42.5"
                }
            ],
            "vendor": "New Balance",
            "seriesName": ""
        },
        {
            "productId": 758912,
            "parentId": 758912,
            "url": "https:\/\/fast.dewu.com\/page\/productDetail?sourceName=sharedetail&spuId=23661356",
            "variantId": 866283137,
            "title": " New Balance NB 530",
            "description": "",
            "vendorCode": "MR530SG-12",
            "categoryId": 8713,
            "vendorId": 28,
            "images": [
                "https:\/\/cdn.poizon.com\/pro-img\/origin-img\/20250518\/3177dd4133bd40769a916aa34c66d8af.jpg",
                "https:\/\/cdn.poizon.com\/pro-img\/origin-img\/2025062514\/4cee45d5d73fcac9ec21ac5ffc38219a.jpg",
                "https:\/\/cdn.poizon.com\/pro-img\/origin-img\/2025062514\/5d71d47a82b885e2796a56d4fa0e5dc6.jpg",
                "https:\/\/cdn.poizon.com\/pro-img\/origin-img\/20250518\/8818cfe6411949eea90efdf4eb6829ed.jpg",
                "https:\/\/cdn.poizon.com\/pro-img\/origin-img\/20250518\/ce1ad16f030144789120e68252368232.jpg",
                "https:\/\/cdn.poizon.com\/pro-img\/origin-img\/20250518\/2c9ed8a27701438b91f2fc7ef877ad37.jpg",
                "https:\/\/cdn.poizon.com\/pro-img\/origin-img\/20250518\/7abfc02fef124ea08c2c3f1048ed7468.jpg"
            ],
            "price": 990,
            "purchasePrice": 899,
            "count": 1,
            "available": true,
            "timeDelivery": {
                "min": 5,
                "max": 6
            },
            "vat": "NO_VAT",
            "currency": "RUR",
            "params": [
                {
                    "key": "Цвет",
                    "value": "Синий порошок"
                },
                {
                    "key": "Вариант",
                    "value": "D"
                },
                {
                    "key": "Размер",
                    "value": "43"
                }
            ],
            "vendor": "New Balance",
            "seriesName": ""
        },
        {
            "productId": 758912,
            "parentId": 758912,
            "url": "https:\/\/fast.dewu.com\/page\/productDetail?sourceName=sharedetail&spuId=23661356",
            "variantId": 866283138,
            "title": " New Balance NB 530",
            "description": "",
            "vendorCode": "MR530SG-13",
            "categoryId": 8713,
            "vendorId": 28,
            "images": [
                "https:\/\/cdn.poizon.com\/pro-img\/origin-img\/20250518\/3177dd4133bd40769a916aa34c66d8af.jpg",
                "https:\/\/cdn.poizon.com\/pro-img\/origin-img\/2025062514\/4cee45d5d73fcac9ec21ac5ffc38219a.jpg",
                "https:\/\/cdn.poizon.com\/pro-img\/origin-img\/2025062514\/5d71d47a82b885e2796a56d4fa0e5dc6.jpg",
                "https:\/\/cdn.poizon.com\/pro-img\/origin-img\/20250518\/8818cfe6411949eea90efdf4eb6829ed.jpg",
                "https:\/\/cdn.poizon.com\/pro-img\/origin-img\/20250518\/ce1ad16f030144789120e68252368232.jpg",
                "https:\/\/cdn.poizon.com\/pro-img\/origin-img\/20250518\/2c9ed8a27701438b91f2fc7ef877ad37.jpg",
                "https:\/\/cdn.poizon.com\/pro-img\/origin-img\/20250518\/7abfc02fef124ea08c2c3f1048ed7468.jpg"
            ],
            "price": 890,
            "purchasePrice": 829,
            "count": 1,
            "available": true,
            "timeDelivery": {
                "min": 5,
                "max": 6
            },
            "vat": "NO_VAT",
            "currency": "RUR",
            "params": [
                {
                    "key": "Цвет",
                    "value": "Синий порошок"
                },
                {
                    "key": "Вариант",
                    "value": "D"
                },
                {
                    "key": "Размер",
                    "value": "44"
                }
            ],
            "vendor": "New Balance",
            "seriesName": ""
        }
    ]
}

  🔄 [230/316] Импортирую:  New Balance NB 530 (ID: 758913)...
[230/316] Импорт:  New Balance NB 530 (ID: 758913)

  ❌ ОШИБКА [230/316]:  New Balance NB 530 (ID: 758913)
     Ошибка сохранения товара: vendor_code: Товар с таким артикулом уже существует у данного бренда
     Trace: #0 /Users/user/CascadeProjects/splitwise/commands/PoizonImportJsonController.php(271): app\commands\PoizonImportJsonController->importProduct(Array)
#1 [internal function]: app\commands\PoizonImportJsonController->actionRun('https://storage...')
#2 /Users/user/CascadeProjects/splitwise/vendor/yiisoft/yii2/base/InlineAction.php(60): call_user_func_array(Array, Array)
#3 /Users/user/CascadeProjects/splitwise/vendor/yiisoft/yii2/base/Controller.php(184): yii\base\InlineAction->runWithParams(Array)
...

═══════════════════════════════════════════════════
ОШИБКА #5:  New Balance NB 530
═══════════════════════════════════════════════════
Product ID: 758913
Index: 230/316
Error: Ошибка сохранения товара: vendor_code: Товар с таким артикулом уже существует у данного бренда

Stack Trace:
#0 /Users/user/CascadeProjects/splitwise/commands/PoizonImportJsonController.php(271): app\commands\PoizonImportJsonController->importProduct(Array)
#1 [internal function]: app\commands\PoizonImportJsonController->actionRun('https://storage...')
#2 /Users/user/CascadeProjects/splitwise/vendor/yiisoft/yii2/base/InlineAction.php(60): call_user_func_array(Array, Array)
#3 /Users/user/CascadeProjects/splitwise/vendor/yiisoft/yii2/base/Controller.php(184): yii\base\InlineAction->runWithParams(Array)
#4 /Users/user/CascadeProjects/splitwise/vendor/yiisoft/yii2/console/Controller.php(180): yii\base\Controller->runAction('run', Array)
#5 /Users/user/CascadeProjects/splitwise/vendor/yiisoft/yii2/base/Module.php(555): yii\console\Controller->runAction('run', Array)
#6 /Users/user/CascadeProjects/splitwise/vendor/yiisoft/yii2/console/Application.php(180): yii\base\Module->runAction('poizon-import-j...', Array)
#7 /Users/user/CascadeProjects/splitwise/vendor/yiisoft/yii2/console/Application.php(147): yii\console\Application->runAction('poizon-import-j...', Array)
#8 /Users/user/CascadeProjects/splitwise/vendor/yiisoft/yii2/base/Application.php(387): yii\console\Application->handleRequest(Object(yii\console\Request))
#9 /Users/user/CascadeProjects/splitwise/yii(23): yii\base\Application->run()
#10 {main}

Product Data:
{
    "productId": 758913,
    "variantId": 758913,
    "url": "https:\/\/fast.dewu.com\/page\/productDetail?sourceName=sharedetail&spuId=11512050",
    "title": " New Balance NB 530",
    "description": "Персонализированный контент предоставляется продавцом, а не официально настраивается брендом",
    "vendorCode": "MR530SG",
    "categoryId": 8713,
    "vendorId": 28,
    "images": [
        "https:\/\/cdn.poizon.com\/pro-img\/origin-img\/20240506\/952a123e3f0d4ceabb0abd14ceb5da79.jpg",
        "https:\/\/cdn.poizon.com\/pro-img\/origin-img\/2025061817\/3b78104a990ba8ceaecaae191b57d3d5.jpg",
        "https:\/\/cdn.poizon.com\/pro-img\/origin-img\/2025061817\/a9257e4e2a1f86b04ee850651fdba50d.jpg",
        "https:\/\/cdn.poizon.com\/pro-img\/origin-img\/20240506\/b1452f8213914a75b2ffe6f2ddcaaa23.jpg",
        "https:\/\/cdn.poizon.com\/pro-img\/origin-img\/20240506\/0a268b0dc1334a06b40e3e17a8cb3178.jpg",
        "https:\/\/cdn.poizon.com\/pro-img\/origin-img\/20240506\/dad5528b76a94534a55f6636e7f7fec2.jpg",
        "https:\/\/cdn.poizon.com\/pro-img\/origin-img\/20240506\/ee8f99b7ec02425194b080e84a57e3ef.png"
    ],
    "price": 0,
    "favoriteCount": 0,
    "countryOfOrigin": "Китай",
    "properties": [
        {
            "key": "Верхняя высота",
            "value": "Низкий вырез"
        },
        {
            "key": "Стиль носка",
            "value": "Круглая голова"
        },
        {
            "key": "Основной цвет",
            "value": "Зеленый"
        },
        {
            "key": "Применимые сценарии",
            "value": "Свободный"
        },
        {
            "key": "Функциональная",
            "value": "Нескользящий"
        },
        {
            "key": "Цена предложения",
            "value": "¥1899"
        },
        {
            "key": "Промежуточная подошва",
            "value": "Отведите тыльную сторону ладони"
        },
        {
            "key": "Дата выхода",
            "value": "2024.05.06"
        },
        {
            "key": "Товарная накладная",
            "value": "Поставляется с парой шнурков для обуви"
        }
    ],
    "seriesName": "",
    "relatedProducts": [],
    "gender": "Унисекс",
    "sizes": [
        {
            "name": "Европейский кодекс ЕС",
            "delimiter": ",",
            "value": "35,35.5,36,37,37.5,38,38.5,39.5,40,40.5,41.5,42,42.5,43,44,44.5,45,45.5,46.5,47,47.5,49,50,51,52,53"
        },
        {
            "name": "Английский код Великобритании",
            "delimiter": ",",
            "value": "2.5,3,3.5,4,4.5,5,5.5,6,6.5,7,7.5,8,8.5,9,9.5,10,10.5,11,11.5,12,12.5,13.5,14.5,15.5,16.5,17.5"
        },
        {
            "name": "Японский код JP",
            "delimiter": ",",
            "value": "21,21.5,22,22.5,23,23.5,24,24.5,25,25.5,26,26.5,27,27.5,28,28.5,29,29.5,30,30.5,31,32,33,34,35,36"
        },
        {
            "name": "Код Республики Корея",
            "delimiter": ",",
            "value": "210,215,220,225,230,235,240,245,250,255,260,265,270,275,280,285,290,295,300,305,310,320,330,340,350,360"
        },
        {
            "name": "Мужской кодекс красоты США",
            "delimiter": ",",
            "value": "3,3.5,4,4.5,5,5.5,6,6.5,7,7.5,8,8.5,9,9.5,10,10.5,11,11.5,12,12.5,13,14,15,16,17,18"
        },
        {
            "name": "Женский кодекс красоты США",
            "delimiter": ",",
            "value": "4.5,5,5.5,6,6.5,7,7.5,8,8.5,9,9.5,10,10.5,11,11.5,12,12.5,13,13.5,14,15,\/,\/,\/,\/,\/"
        },
        {
            "name": "Подходит для длины стопы",
            "delimiter": ",",
            "value": "210,215,220,225,230,235,240,245,250,255,260,265,270,275,280,285,290,295,300,305,310,320,330,340,350,360"
        }
    ],
    "vat": "NO_VAT",
    "currency": "RUR",
    "keywords": [
        "【定制球鞋】",
        "new",
        "balance",
        "530",
        "疯玩艺术",
        "洛樱粉卷",
        "少女心防滑",
        "休闲跑步鞋",
        "男女同款"
    ],
    "vendor": "New Balance",
    "children": [
        {
            "productId": 758913,
            "parentId": 758913,
            "url": "https:\/\/fast.dewu.com\/page\/productDetail?sourceName=sharedetail&spuId=11512050",
            "variantId": 676515756,
            "title": " New Balance NB 530",
            "description": "Персонализированный контент предоставляется продавцом, а не официально настраивается брендом",
            "vendorCode": "MR530SG-1",
            "categoryId": 8713,
            "vendorId": 28,
            "images": [
                "https:\/\/cdn.poizon.com\/pro-img\/origin-img\/20240506\/952a123e3f0d4ceabb0abd14ceb5da79.jpg",
                "https:\/\/cdn.poizon.com\/pro-img\/origin-img\/2025061817\/3b78104a990ba8ceaecaae191b57d3d5.jpg",
                "https:\/\/cdn.poizon.com\/pro-img\/origin-img\/2025061817\/a9257e4e2a1f86b04ee850651fdba50d.jpg",
                "https:\/\/cdn.poizon.com\/pro-img\/origin-img\/20240506\/b1452f8213914a75b2ffe6f2ddcaaa23.jpg",
                "https:\/\/cdn.poizon.com\/pro-img\/origin-img\/20240506\/0a268b0dc1334a06b40e3e17a8cb3178.jpg",
                "https:\/\/cdn.poizon.com\/pro-img\/origin-img\/20240506\/dad5528b76a94534a55f6636e7f7fec2.jpg",
                "https:\/\/cdn.poizon.com\/pro-img\/origin-img\/20240506\/ee8f99b7ec02425194b080e84a57e3ef.png"
            ],
            "price": 0,
            "purchasePrice": 0,
            "count": 0,
            "available": false,
            "timeDelivery": {
                "min": 15,
                "max": 24
            },
            "vat": "NO_VAT",
            "currency": "RUR",
            "params": [
                {
                    "key": "Цвет",
                    "value": "Зеленый"
                },
                {
                    "key": "Вариант",
                    "value": "Ширина D"
                },
                {
                    "key": "Размер",
                    "value": "36"
                }
            ],
            "vendor": "New Balance",
            "seriesName": ""
        },
        {
            "productId": 758913,
            "parentId": 758913,
            "url": "https:\/\/fast.dewu.com\/page\/productDetail?sourceName=sharedetail&spuId=11512050",
            "variantId": 676515757,
            "title": " New Balance NB 530",
            "description": "Персонализированный контент предоставляется продавцом, а не официально настраивается брендом",
            "vendorCode": "MR530SG-2",
            "categoryId": 8713,
            "vendorId": 28,
            "images": [
                "https:\/\/cdn.poizon.com\/pro-img\/origin-img\/20240506\/952a123e3f0d4ceabb0abd14ceb5da79.jpg",
                "https:\/\/cdn.poizon.com\/pro-img\/origin-img\/2025061817\/3b78104a990ba8ceaecaae191b57d3d5.jpg",
                "https:\/\/cdn.poizon.com\/pro-img\/origin-img\/2025061817\/a9257e4e2a1f86b04ee850651fdba50d.jpg",
                "https:\/\/cdn.poizon.com\/pro-img\/origin-img\/20240506\/b1452f8213914a75b2ffe6f2ddcaaa23.jpg",
                "https:\/\/cdn.poizon.com\/pro-img\/origin-img\/20240506\/0a268b0dc1334a06b40e3e17a8cb3178.jpg",
                "https:\/\/cdn.poizon.com\/pro-img\/origin-img\/20240506\/dad5528b76a94534a55f6636e7f7fec2.jpg",
                "https:\/\/cdn.poizon.com\/pro-img\/origin-img\/20240506\/ee8f99b7ec02425194b080e84a57e3ef.png"
            ],
            "price": 0,
            "purchasePrice": 0,
            "count": 0,
            "available": false,
            "timeDelivery": {
                "min": 15,
                "max": 24
            },
            "vat": "NO_VAT",
            "currency": "RUR",
            "params": [
                {
                    "key": "Цвет",
                    "value": "Зеленый"
                },
                {
                    "key": "Вариант",
                    "value": "Ширина D"
                },
                {
                    "key": "Размер",
                    "value": "37"
                }
            ],
            "vendor": "New Balance",
            "seriesName": ""
        },
        {
            "productId": 758913,
            "parentId": 758913,
            "url": "https:\/\/fast.dewu.com\/page\/productDetail?sourceName=sharedetail&spuId=11512050",
            "variantId": 676515758,
            "title": " New Balance NB 530",
            "description": "Персонализированный контент предоставляется продавцом, а не официально настраивается брендом",
            "vendorCode": "MR530SG-3",
            "categoryId": 8713,
            "vendorId": 28,
            "images": [
                "https:\/\/cdn.poizon.com\/pro-img\/origin-img\/20240506\/952a123e3f0d4ceabb0abd14ceb5da79.jpg",
                "https:\/\/cdn.poizon.com\/pro-img\/origin-img\/2025061817\/3b78104a990ba8ceaecaae191b57d3d5.jpg",
                "https:\/\/cdn.poizon.com\/pro-img\/origin-img\/2025061817\/a9257e4e2a1f86b04ee850651fdba50d.jpg",
                "https:\/\/cdn.poizon.com\/pro-img\/origin-img\/20240506\/b1452f8213914a75b2ffe6f2ddcaaa23.jpg",
                "https:\/\/cdn.poizon.com\/pro-img\/origin-img\/20240506\/0a268b0dc1334a06b40e3e17a8cb3178.jpg",
                "https:\/\/cdn.poizon.com\/pro-img\/origin-img\/20240506\/dad5528b76a94534a55f6636e7f7fec2.jpg",
                "https:\/\/cdn.poizon.com\/pro-img\/origin-img\/20240506\/ee8f99b7ec02425194b080e84a57e3ef.png"
            ],
            "price": 0,
            "purchasePrice": 0,
            "count": 0,
            "available": false,
            "timeDelivery": {
                "min": 15,
                "max": 24
            },
            "vat": "NO_VAT",
            "currency": "RUR",
            "params": [
                {
                    "key": "Цвет",
                    "value": "Зеленый"
                },
                {
                    "key": "Вариант",
                    "value": "Ширина D"
                },
                {
                    "key": "Размер",
                    "value": "37.5"
                }
            ],
            "vendor": "New Balance",
            "seriesName": ""
        },
        {
            "productId": 758913,
            "parentId": 758913,
            "url": "https:\/\/fast.dewu.com\/page\/productDetail?sourceName=sharedetail&spuId=11512050",
            "variantId": 676515759,
            "title": " New Balance NB 530",
            "description": "Персонализированный контент предоставляется продавцом, а не официально настраивается брендом",
            "vendorCode": "MR530SG-4",
            "categoryId": 8713,
            "vendorId": 28,
            "images": [
                "https:\/\/cdn.poizon.com\/pro-img\/origin-img\/20240506\/952a123e3f0d4ceabb0abd14ceb5da79.jpg",
                "https:\/\/cdn.poizon.com\/pro-img\/origin-img\/2025061817\/3b78104a990ba8ceaecaae191b57d3d5.jpg",
                "https:\/\/cdn.poizon.com\/pro-img\/origin-img\/2025061817\/a9257e4e2a1f86b04ee850651fdba50d.jpg",
                "https:\/\/cdn.poizon.com\/pro-img\/origin-img\/20240506\/b1452f8213914a75b2ffe6f2ddcaaa23.jpg",
                "https:\/\/cdn.poizon.com\/pro-img\/origin-img\/20240506\/0a268b0dc1334a06b40e3e17a8cb3178.jpg",
                "https:\/\/cdn.poizon.com\/pro-img\/origin-img\/20240506\/dad5528b76a94534a55f6636e7f7fec2.jpg",
                "https:\/\/cdn.poizon.com\/pro-img\/origin-img\/20240506\/ee8f99b7ec02425194b080e84a57e3ef.png"
            ],
            "price": 0,
            "purchasePrice": 0,
            "count": 0,
            "available": false,
            "timeDelivery": {
                "min": 15,
                "max": 24
            },
            "vat": "NO_VAT",
            "currency": "RUR",
            "params": [
                {
                    "key": "Цвет",
                    "value": "Зеленый"
                },
                {
                    "key": "Вариант",
                    "value": "Ширина D"
                },
                {
                    "key": "Размер",
                    "value": "38"
                }
            ],
            "vendor": "New Balance",
            "seriesName": ""
        },
        {
            "productId": 758913,
            "parentId": 758913,
            "url": "https:\/\/fast.dewu.com\/page\/productDetail?sourceName=sharedetail&spuId=11512050",
            "variantId": 676515760,
            "title": " New Balance NB 530",
            "description": "Персонализированный контент предоставляется продавцом, а не официально настраивается брендом",
            "vendorCode": "MR530SG-5",
            "categoryId": 8713,
            "vendorId": 28,
            "images": [
                "https:\/\/cdn.poizon.com\/pro-img\/origin-img\/20240506\/952a123e3f0d4ceabb0abd14ceb5da79.jpg",
                "https:\/\/cdn.poizon.com\/pro-img\/origin-img\/2025061817\/3b78104a990ba8ceaecaae191b57d3d5.jpg",
                "https:\/\/cdn.poizon.com\/pro-img\/origin-img\/2025061817\/a9257e4e2a1f86b04ee850651fdba50d.jpg",
                "https:\/\/cdn.poizon.com\/pro-img\/origin-img\/20240506\/b1452f8213914a75b2ffe6f2ddcaaa23.jpg",
                "https:\/\/cdn.poizon.com\/pro-img\/origin-img\/20240506\/0a268b0dc1334a06b40e3e17a8cb3178.jpg",
                "https:\/\/cdn.poizon.com\/pro-img\/origin-img\/20240506\/dad5528b76a94534a55f6636e7f7fec2.jpg",
                "https:\/\/cdn.poizon.com\/pro-img\/origin-img\/20240506\/ee8f99b7ec02425194b080e84a57e3ef.png"
            ],
            "price": 0,
            "purchasePrice": 0,
            "count": 0,
            "available": false,
            "timeDelivery": {
                "min": 15,
                "max": 24
            },
            "vat": "NO_VAT",
            "currency": "RUR",
            "params": [
                {
                    "key": "Цвет",
                    "value": "Зеленый"
                },
                {
                    "key": "Вариант",
                    "value": "Ширина D"
                },
                {
                    "key": "Размер",
                    "value": "38.5"
                }
            ],
            "vendor": "New Balance",
            "seriesName": ""
        },
        {
            "productId": 758913,
            "parentId": 758913,
            "url": "https:\/\/fast.dewu.com\/page\/productDetail?sourceName=sharedetail&spuId=11512050",
            "variantId": 676515761,
            "title": " New Balance NB 530",
            "description": "Персонализированный контент предоставляется продавцом, а не официально настраивается брендом",
            "vendorCode": "MR530SG-6",
            "categoryId": 8713,
            "vendorId": 28,
            "images": [
                "https:\/\/cdn.poizon.com\/pro-img\/origin-img\/20240506\/952a123e3f0d4ceabb0abd14ceb5da79.jpg",
                "https:\/\/cdn.poizon.com\/pro-img\/origin-img\/2025061817\/3b78104a990ba8ceaecaae191b57d3d5.jpg",
                "https:\/\/cdn.poizon.com\/pro-img\/origin-img\/2025061817\/a9257e4e2a1f86b04ee850651fdba50d.jpg",
                "https:\/\/cdn.poizon.com\/pro-img\/origin-img\/20240506\/b1452f8213914a75b2ffe6f2ddcaaa23.jpg",
                "https:\/\/cdn.poizon.com\/pro-img\/origin-img\/20240506\/0a268b0dc1334a06b40e3e17a8cb3178.jpg",
                "https:\/\/cdn.poizon.com\/pro-img\/origin-img\/20240506\/dad5528b76a94534a55f6636e7f7fec2.jpg",
                "https:\/\/cdn.poizon.com\/pro-img\/origin-img\/20240506\/ee8f99b7ec02425194b080e84a57e3ef.png"
            ],
            "price": 0,
            "purchasePrice": 0,
            "count": 0,
            "available": false,
            "timeDelivery": {
                "min": 15,
                "max": 24
            },
            "vat": "NO_VAT",
            "currency": "RUR",
            "params": [
                {
                    "key": "Цвет",
                    "value": "Зеленый"
                },
                {
                    "key": "Вариант",
                    "value": "Ширина D"
                },
                {
                    "key": "Размер",
                    "value": "39.5"
                }
            ],
            "vendor": "New Balance",
            "seriesName": ""
        },
        {
            "productId": 758913,
            "parentId": 758913,
            "url": "https:\/\/fast.dewu.com\/page\/productDetail?sourceName=sharedetail&spuId=11512050",
            "variantId": 676515762,
            "title": " New Balance NB 530",
            "description": "Персонализированный контент предоставляется продавцом, а не официально настраивается брендом",
            "vendorCode": "MR530SG-7",
            "categoryId": 8713,
            "vendorId": 28,
            "images": [
                "https:\/\/cdn.poizon.com\/pro-img\/origin-img\/20240506\/952a123e3f0d4ceabb0abd14ceb5da79.jpg",
                "https:\/\/cdn.poizon.com\/pro-img\/origin-img\/2025061817\/3b78104a990ba8ceaecaae191b57d3d5.jpg",
                "https:\/\/cdn.poizon.com\/pro-img\/origin-img\/2025061817\/a9257e4e2a1f86b04ee850651fdba50d.jpg",
                "https:\/\/cdn.poizon.com\/pro-img\/origin-img\/20240506\/b1452f8213914a75b2ffe6f2ddcaaa23.jpg",
                "https:\/\/cdn.poizon.com\/pro-img\/origin-img\/20240506\/0a268b0dc1334a06b40e3e17a8cb3178.jpg",
                "https:\/\/cdn.poizon.com\/pro-img\/origin-img\/20240506\/dad5528b76a94534a55f6636e7f7fec2.jpg",
                "https:\/\/cdn.poizon.com\/pro-img\/origin-img\/20240506\/ee8f99b7ec02425194b080e84a57e3ef.png"
            ],
            "price": 0,
            "purchasePrice": 0,
            "count": 0,
            "available": false,
            "timeDelivery": {
                "min": 15,
                "max": 24
            },
            "vat": "NO_VAT",
            "currency": "RUR",
            "params": [
                {
                    "key": "Цвет",
                    "value": "Зеленый"
                },
                {
                    "key": "Вариант",
                    "value": "Ширина D"
                },
                {
                    "key": "Размер",
                    "value": "40"
                }
            ],
            "vendor": "New Balance",
            "seriesName": ""
        },
        {
            "productId": 758913,
            "parentId": 758913,
            "url": "https:\/\/fast.dewu.com\/page\/productDetail?sourceName=sharedetail&spuId=11512050",
            "variantId": 676515763,
            "title": " New Balance NB 530",
            "description": "Персонализированный контент предоставляется продавцом, а не официально настраивается брендом",
            "vendorCode": "MR530SG-8",
            "categoryId": 8713,
            "vendorId": 28,
            "images": [
                "https:\/\/cdn.poizon.com\/pro-img\/origin-img\/20240506\/952a123e3f0d4ceabb0abd14ceb5da79.jpg",
                "https:\/\/cdn.poizon.com\/pro-img\/origin-img\/2025061817\/3b78104a990ba8ceaecaae191b57d3d5.jpg",
                "https:\/\/cdn.poizon.com\/pro-img\/origin-img\/2025061817\/a9257e4e2a1f86b04ee850651fdba50d.jpg",
                "https:\/\/cdn.poizon.com\/pro-img\/origin-img\/20240506\/b1452f8213914a75b2ffe6f2ddcaaa23.jpg",
                "https:\/\/cdn.poizon.com\/pro-img\/origin-img\/20240506\/0a268b0dc1334a06b40e3e17a8cb3178.jpg",
                "https:\/\/cdn.poizon.com\/pro-img\/origin-img\/20240506\/dad5528b76a94534a55f6636e7f7fec2.jpg",
                "https:\/\/cdn.poizon.com\/pro-img\/origin-img\/20240506\/ee8f99b7ec02425194b080e84a57e3ef.png"
            ],
            "price": 0,
            "purchasePrice": 0,
            "count": 0,
            "available": false,
            "timeDelivery": {
                "min": 15,
                "max": 24
            },
            "vat": "NO_VAT",
            "currency": "RUR",
            "params": [
                {
                    "key": "Цвет",
                    "value": "Зеленый"
                },
                {
                    "key": "Вариант",
                    "value": "Ширина D"
                },
                {
                    "key": "Размер",
                    "value": "40.5"
                }
            ],
            "vendor": "New Balance",
            "seriesName": ""
        },
        {
            "productId": 758913,
            "parentId": 758913,
            "url": "https:\/\/fast.dewu.com\/page\/productDetail?sourceName=sharedetail&spuId=11512050",
            "variantId": 676515764,
            "title": " New Balance NB 530",
            "description": "Персонализированный контент предоставляется продавцом, а не официально настраивается брендом",
            "vendorCode": "MR530SG-9",
            "categoryId": 8713,
            "vendorId": 28,
            "images": [
                "https:\/\/cdn.poizon.com\/pro-img\/origin-img\/20240506\/952a123e3f0d4ceabb0abd14ceb5da79.jpg",
                "https:\/\/cdn.poizon.com\/pro-img\/origin-img\/2025061817\/3b78104a990ba8ceaecaae191b57d3d5.jpg",
                "https:\/\/cdn.poizon.com\/pro-img\/origin-img\/2025061817\/a9257e4e2a1f86b04ee850651fdba50d.jpg",
                "https:\/\/cdn.poizon.com\/pro-img\/origin-img\/20240506\/b1452f8213914a75b2ffe6f2ddcaaa23.jpg",
                "https:\/\/cdn.poizon.com\/pro-img\/origin-img\/20240506\/0a268b0dc1334a06b40e3e17a8cb3178.jpg",
                "https:\/\/cdn.poizon.com\/pro-img\/origin-img\/20240506\/dad5528b76a94534a55f6636e7f7fec2.jpg",
                "https:\/\/cdn.poizon.com\/pro-img\/origin-img\/20240506\/ee8f99b7ec02425194b080e84a57e3ef.png"
            ],
            "price": 0,
            "purchasePrice": 0,
            "count": 0,
            "available": false,
            "timeDelivery": {
                "min": 15,
                "max": 24
            },
            "vat": "NO_VAT",
            "currency": "RUR",
            "params": [
                {
                    "key": "Цвет",
                    "value": "Зеленый"
                },
                {
                    "key": "Вариант",
                    "value": "Ширина D"
                },
                {
                    "key": "Размер",
                    "value": "41.5"
                }
            ],
            "vendor": "New Balance",
            "seriesName": ""
        },
        {
            "productId": 758913,
            "parentId": 758913,
            "url": "https:\/\/fast.dewu.com\/page\/productDetail?sourceName=sharedetail&spuId=11512050",
            "variantId": 676515765,
            "title": " New Balance NB 530",
            "description": "Персонализированный контент предоставляется продавцом, а не официально настраивается брендом",
            "vendorCode": "MR530SG-10",
            "categoryId": 8713,
            "vendorId": 28,
            "images": [
                "https:\/\/cdn.poizon.com\/pro-img\/origin-img\/20240506\/952a123e3f0d4ceabb0abd14ceb5da79.jpg",
                "https:\/\/cdn.poizon.com\/pro-img\/origin-img\/2025061817\/3b78104a990ba8ceaecaae191b57d3d5.jpg",
                "https:\/\/cdn.poizon.com\/pro-img\/origin-img\/2025061817\/a9257e4e2a1f86b04ee850651fdba50d.jpg",
                "https:\/\/cdn.poizon.com\/pro-img\/origin-img\/20240506\/b1452f8213914a75b2ffe6f2ddcaaa23.jpg",
                "https:\/\/cdn.poizon.com\/pro-img\/origin-img\/20240506\/0a268b0dc1334a06b40e3e17a8cb3178.jpg",
                "https:\/\/cdn.poizon.com\/pro-img\/origin-img\/20240506\/dad5528b76a94534a55f6636e7f7fec2.jpg",
                "https:\/\/cdn.poizon.com\/pro-img\/origin-img\/20240506\/ee8f99b7ec02425194b080e84a57e3ef.png"
            ],
            "price": 0,
            "purchasePrice": 0,
            "count": 0,
            "available": false,
            "timeDelivery": {
                "min": 15,
                "max": 24
            },
            "vat": "NO_VAT",
            "currency": "RUR",
            "params": [
                {
                    "key": "Цвет",
                    "value": "Зеленый"
                },
                {
                    "key": "Вариант",
                    "value": "Ширина D"
                },
                {
                    "key": "Размер",
                    "value": "42"
                }
            ],
            "vendor": "New Balance",
            "seriesName": ""
        },
        {
            "productId": 758913,
            "parentId": 758913,
            "url": "https:\/\/fast.dewu.com\/page\/productDetail?sourceName=sharedetail&spuId=11512050",
            "variantId": 676515766,
            "title": " New Balance NB 530",
            "description": "Персонализированный контент предоставляется продавцом, а не официально настраивается брендом",
            "vendorCode": "MR530SG-11",
            "categoryId": 8713,
            "vendorId": 28,
            "images": [
                "https:\/\/cdn.poizon.com\/pro-img\/origin-img\/20240506\/952a123e3f0d4ceabb0abd14ceb5da79.jpg",
                "https:\/\/cdn.poizon.com\/pro-img\/origin-img\/2025061817\/3b78104a990ba8ceaecaae191b57d3d5.jpg",
                "https:\/\/cdn.poizon.com\/pro-img\/origin-img\/2025061817\/a9257e4e2a1f86b04ee850651fdba50d.jpg",
                "https:\/\/cdn.poizon.com\/pro-img\/origin-img\/20240506\/b1452f8213914a75b2ffe6f2ddcaaa23.jpg",
                "https:\/\/cdn.poizon.com\/pro-img\/origin-img\/20240506\/0a268b0dc1334a06b40e3e17a8cb3178.jpg",
                "https:\/\/cdn.poizon.com\/pro-img\/origin-img\/20240506\/dad5528b76a94534a55f6636e7f7fec2.jpg",
                "https:\/\/cdn.poizon.com\/pro-img\/origin-img\/20240506\/ee8f99b7ec02425194b080e84a57e3ef.png"
            ],
            "price": 0,
            "purchasePrice": 0,
            "count": 0,
            "available": false,
            "timeDelivery": {
                "min": 15,
                "max": 24
            },
            "vat": "NO_VAT",
            "currency": "RUR",
            "params": [
                {
                    "key": "Цвет",
                    "value": "Зеленый"
                },
                {
                    "key": "Вариант",
                    "value": "Ширина D"
                },
                {
                    "key": "Размер",
                    "value": "42.5"
                }
            ],
            "vendor": "New Balance",
            "seriesName": ""
        },
        {
            "productId": 758913,
            "parentId": 758913,
            "url": "https:\/\/fast.dewu.com\/page\/productDetail?sourceName=sharedetail&spuId=11512050",
            "variantId": 676515767,
            "title": " New Balance NB 530",
            "description": "Персонализированный контент предоставляется продавцом, а не официально настраивается брендом",
            "vendorCode": "MR530SG-12",
            "categoryId": 8713,
            "vendorId": 28,
            "images": [
                "https:\/\/cdn.poizon.com\/pro-img\/origin-img\/20240506\/952a123e3f0d4ceabb0abd14ceb5da79.jpg",
                "https:\/\/cdn.poizon.com\/pro-img\/origin-img\/2025061817\/3b78104a990ba8ceaecaae191b57d3d5.jpg",
                "https:\/\/cdn.poizon.com\/pro-img\/origin-img\/2025061817\/a9257e4e2a1f86b04ee850651fdba50d.jpg",
                "https:\/\/cdn.poizon.com\/pro-img\/origin-img\/20240506\/b1452f8213914a75b2ffe6f2ddcaaa23.jpg",
                "https:\/\/cdn.poizon.com\/pro-img\/origin-img\/20240506\/0a268b0dc1334a06b40e3e17a8cb3178.jpg",
                "https:\/\/cdn.poizon.com\/pro-img\/origin-img\/20240506\/dad5528b76a94534a55f6636e7f7fec2.jpg",
                "https:\/\/cdn.poizon.com\/pro-img\/origin-img\/20240506\/ee8f99b7ec02425194b080e84a57e3ef.png"
            ],
            "price": 0,
            "purchasePrice": 0,
            "count": 0,
            "available": false,
            "timeDelivery": {
                "min": 15,
                "max": 24
            },
            "vat": "NO_VAT",
            "currency": "RUR",
            "params": [
                {
                    "key": "Цвет",
                    "value": "Зеленый"
                },
                {
                    "key": "Вариант",
                    "value": "Ширина D"
                },
                {
                    "key": "Размер",
                    "value": "43"
                }
            ],
            "vendor": "New Balance",
            "seriesName": ""
        },
        {
            "productId": 758913,
            "parentId": 758913,
            "url": "https:\/\/fast.dewu.com\/page\/productDetail?sourceName=sharedetail&spuId=11512050",
            "variantId": 676515768,
            "title": " New Balance NB 530",
            "description": "Персонализированный контент предоставляется продавцом, а не официально настраивается брендом",
            "vendorCode": "MR530SG-13",
            "categoryId": 8713,
            "vendorId": 28,
            "images": [
                "https:\/\/cdn.poizon.com\/pro-img\/origin-img\/20240506\/952a123e3f0d4ceabb0abd14ceb5da79.jpg",
                "https:\/\/cdn.poizon.com\/pro-img\/origin-img\/2025061817\/3b78104a990ba8ceaecaae191b57d3d5.jpg",
                "https:\/\/cdn.poizon.com\/pro-img\/origin-img\/2025061817\/a9257e4e2a1f86b04ee850651fdba50d.jpg",
                "https:\/\/cdn.poizon.com\/pro-img\/origin-img\/20240506\/b1452f8213914a75b2ffe6f2ddcaaa23.jpg",
                "https:\/\/cdn.poizon.com\/pro-img\/origin-img\/20240506\/0a268b0dc1334a06b40e3e17a8cb3178.jpg",
                "https:\/\/cdn.poizon.com\/pro-img\/origin-img\/20240506\/dad5528b76a94534a55f6636e7f7fec2.jpg",
                "https:\/\/cdn.poizon.com\/pro-img\/origin-img\/20240506\/ee8f99b7ec02425194b080e84a57e3ef.png"
            ],
            "price": 0,
            "purchasePrice": 0,
            "count": 0,
            "available": false,
            "timeDelivery": {
                "min": 15,
                "max": 24
            },
            "vat": "NO_VAT",
            "currency": "RUR",
            "params": [
                {
                    "key": "Цвет",
                    "value": "Зеленый"
                },
                {
                    "key": "Вариант",
                    "value": "Ширина D"
                },
                {
                    "key": "Размер",
                    "value": "44"
                }
            ],
            "vendor": "New Balance",
            "seriesName": ""
        },
        {
            "productId": 758913,
            "parentId": 758913,
            "url": "https:\/\/fast.dewu.com\/page\/productDetail?sourceName=sharedetail&spuId=11512050",
            "variantId": 676515769,
            "title": " New Balance NB 530",
            "description": "Персонализированный контент предоставляется продавцом, а не официально настраивается брендом",
            "vendorCode": "MR530SG-14",
            "categoryId": 8713,
            "vendorId": 28,
            "images": [
                "https:\/\/cdn.poizon.com\/pro-img\/origin-img\/20240506\/952a123e3f0d4ceabb0abd14ceb5da79.jpg",
                "https:\/\/cdn.poizon.com\/pro-img\/origin-img\/2025061817\/3b78104a990ba8ceaecaae191b57d3d5.jpg",
                "https:\/\/cdn.poizon.com\/pro-img\/origin-img\/2025061817\/a9257e4e2a1f86b04ee850651fdba50d.jpg",
                "https:\/\/cdn.poizon.com\/pro-img\/origin-img\/20240506\/b1452f8213914a75b2ffe6f2ddcaaa23.jpg",
                "https:\/\/cdn.poizon.com\/pro-img\/origin-img\/20240506\/0a268b0dc1334a06b40e3e17a8cb3178.jpg",
                "https:\/\/cdn.poizon.com\/pro-img\/origin-img\/20240506\/dad5528b76a94534a55f6636e7f7fec2.jpg",
                "https:\/\/cdn.poizon.com\/pro-img\/origin-img\/20240506\/ee8f99b7ec02425194b080e84a57e3ef.png"
            ],
            "price": 0,
            "purchasePrice": 0,
            "count": 0,
            "available": false,
            "timeDelivery": {
                "min": 15,
                "max": 24
            },
            "vat": "NO_VAT",
            "currency": "RUR",
            "params": [
                {
                    "key": "Цвет",
                    "value": "Зеленый"
                },
                {
                    "key": "Вариант",
                    "value": "Ширина D"
                },
                {
                    "key": "Размер",
                    "value": "44.5"
                }
            ],
            "vendor": "New Balance",
            "seriesName": ""
        },
        {
            "productId": 758913,
            "parentId": 758913,
            "url": "https:\/\/fast.dewu.com\/page\/productDetail?sourceName=sharedetail&spuId=11512050",
            "variantId": 676515770,
            "title": " New Balance NB 530",
            "description": "Персонализированный контент предоставляется продавцом, а не официально настраивается брендом",
            "vendorCode": "MR530SG-15",
            "categoryId": 8713,
            "vendorId": 28,
            "images": [
                "https:\/\/cdn.poizon.com\/pro-img\/origin-img\/20240506\/952a123e3f0d4ceabb0abd14ceb5da79.jpg",
                "https:\/\/cdn.poizon.com\/pro-img\/origin-img\/2025061817\/3b78104a990ba8ceaecaae191b57d3d5.jpg",
                "https:\/\/cdn.poizon.com\/pro-img\/origin-img\/2025061817\/a9257e4e2a1f86b04ee850651fdba50d.jpg",
                "https:\/\/cdn.poizon.com\/pro-img\/origin-img\/20240506\/b1452f8213914a75b2ffe6f2ddcaaa23.jpg",
                "https:\/\/cdn.poizon.com\/pro-img\/origin-img\/20240506\/0a268b0dc1334a06b40e3e17a8cb3178.jpg",
                "https:\/\/cdn.poizon.com\/pro-img\/origin-img\/20240506\/dad5528b76a94534a55f6636e7f7fec2.jpg",
                "https:\/\/cdn.poizon.com\/pro-img\/origin-img\/20240506\/ee8f99b7ec02425194b080e84a57e3ef.png"
            ],
            "price": 0,
            "purchasePrice": 0,
            "count": 0,
            "available": false,
            "timeDelivery": {
                "min": 15,
                "max": 24
            },
            "vat": "NO_VAT",
            "currency": "RUR",
            "params": [
                {
                    "key": "Цвет",
                    "value": "Зеленый"
                },
                {
                    "key": "Вариант",
                    "value": "Ширина D"
                },
                {
                    "key": "Размер",
                    "value": "45"
                }
            ],
            "vendor": "New Balance",
            "seriesName": ""
        }
    ]
}

  🔄 [231/316] Импортирую:  New Balance NB 530 (ID: 758914)...
[231/316] Импорт:  New Balance NB 530 (ID: 758914)

  ❌ ОШИБКА [231/316]:  New Balance NB 530 (ID: 758914)
     Ошибка сохранения товара: vendor_code: Товар с таким артикулом уже существует у данного бренда
     Trace: #0 /Users/user/CascadeProjects/splitwise/commands/PoizonImportJsonController.php(271): app\commands\PoizonImportJsonController->importProduct(Array)
#1 [internal function]: app\commands\PoizonImportJsonController->actionRun('https://storage...')
#2 /Users/user/CascadeProjects/splitwise/vendor/yiisoft/yii2/base/InlineAction.php(60): call_user_func_array(Array, Array)
#3 /Users/user/CascadeProjects/splitwise/vendor/yiisoft/yii2/base/Controller.php(184): yii\base\InlineAction->runWithParams(Array)
...

═══════════════════════════════════════════════════
ОШИБКА #6:  New Balance NB 530
═══════════════════════════════════════════════════
Product ID: 758914
Index: 231/316
Error: Ошибка сохранения товара: vendor_code: Товар с таким артикулом уже существует у данного бренда

Stack Trace:
#0 /Users/user/CascadeProjects/splitwise/commands/PoizonImportJsonController.php(271): app\commands\PoizonImportJsonController->importProduct(Array)
#1 [internal function]: app\commands\PoizonImportJsonController->actionRun('https://storage...')
#2 /Users/user/CascadeProjects/splitwise/vendor/yiisoft/yii2/base/InlineAction.php(60): call_user_func_array(Array, Array)
#3 /Users/user/CascadeProjects/splitwise/vendor/yiisoft/yii2/base/Controller.php(184): yii\base\InlineAction->runWithParams(Array)
#4 /Users/user/CascadeProjects/splitwise/vendor/yiisoft/yii2/console/Controller.php(180): yii\base\Controller->runAction('run', Array)
#5 /Users/user/CascadeProjects/splitwise/vendor/yiisoft/yii2/base/Module.php(555): yii\console\Controller->runAction('run', Array)
#6 /Users/user/CascadeProjects/splitwise/vendor/yiisoft/yii2/console/Application.php(180): yii\base\Module->runAction('poizon-import-j...', Array)
#7 /Users/user/CascadeProjects/splitwise/vendor/yiisoft/yii2/console/Application.php(147): yii\console\Application->runAction('poizon-import-j...', Array)
#8 /Users/user/CascadeProjects/splitwise/vendor/yiisoft/yii2/base/Application.php(387): yii\console\Application->handleRequest(Object(yii\console\Request))
#9 /Users/user/CascadeProjects/splitwise/yii(23): yii\base\Application->run()
#10 {main}

Product Data:
{
    "productId": 758914,
    "variantId": 758914,
    "url": "https:\/\/fast.dewu.com\/page\/productDetail?sourceName=sharedetail&spuId=23655985",
    "title": " New Balance NB 530",
    "description": "",
    "vendorCode": "MR530SG",
    "categoryId": 8713,
    "vendorId": 28,
    "images": [
        "https:\/\/cdn.poizon.com\/pro-img\/origin-img\/20250518\/42097104d0e145c58d45e677b9a302b5.jpg",
        "https:\/\/cdn.poizon.com\/pro-img\/origin-img\/2025062514\/f1dbc4073dbd3f39c3d2f7096178605f.jpg",
        "https:\/\/cdn.poizon.com\/pro-img\/origin-img\/2025062514\/8a36d6f70b3e80dcaeeda3f5136fce5d.jpg",
        "https:\/\/cdn.poizon.com\/pro-img\/origin-img\/20250518\/13f715d29b644f1e9e3533a5c554935f.jpg",
        "https:\/\/cdn.poizon.com\/pro-img\/origin-img\/20250518\/d6e7e66e705342c4a7d1e1105e73b01d.jpg",
        "https:\/\/cdn.poizon.com\/pro-img\/origin-img\/20250518\/b4f16fa66e9d43949c3a27ba7e1586a5.jpg"
    ],
    "price": 890,
    "favoriteCount": 0,
    "countryOfOrigin": "Китай",
    "properties": [
        {
            "key": "Верхняя высота",
            "value": "Низкий вырез"
        },
        {
            "key": "Стиль носка",
            "value": "Круглая голова"
        },
        {
            "key": "Применимый сезон",
            "value": "Весна, лето, осень, зима"
        },
        {
            "key": "Функциональная",
            "value": "Износостойкий"
        },
        {
            "key": "Закрытый режим",
            "value": "Зашнуровать"
        },
        {
            "key": "Общий вес обуви (приблизительно)",
            "value": "290 г\/одинарный 42 ярда\/одинарный"
        },
        {
            "key": "Верхний материал",
            "value": "Сетка, ткань, искусственная кожа"
        },
        {
            "key": "Дата выхода",
            "value": "2025.05.19"
        },
        {
            "key": "Основной цвет",
            "value": "Бежевый, красный"
        }
    ],
    "seriesName": "",
    "relatedProducts": [],
    "gender": "Унисекс",
    "sizes": [
        {
            "name": "Европейский кодекс ЕС",
            "delimiter": ",",
            "value": "35.5,36,37,37.5,38,38.5,39.5,40,40.5,41.5,42,42.5,43,44,44.5,45,45.5,46.5,47,47.5,49,50,51,52"
        },
        {
            "name": "Кодекс красоты США",
            "delimiter": ",",
            "value": "3.5,4,4.5,5,5.5,6,6.5,7,7.5,8,8.5,9,9.5,10,10.5,11,11.5,12,12.5,13,14,15,16,17"
        },
        {
            "name": "Английский код Великобритании",
            "delimiter": ",",
            "value": "3,3.5,4,4.5,5,5.5,6,6.5,7,7.5,8,8.5,9,9.5,10,10.5,11,11.5,12,12.5,13.5,14.5,15.5,16.5"
        },
        {
            "name": "Подходит для длины стопы",
            "delimiter": ",",
            "value": "21.5,22,22.5,23,23.5,24,24.5,25,25.5,26,26.5,27,27.5,28,28.5,29,29.5,30,30.5,31,32,33,34,35"
        }
    ],
    "vat": "NO_VAT",
    "currency": "RUR",
    "keywords": [
        "【定制球鞋】",
        "new",
        "balance",
        "530",
        "绯彩跃动",
        "学生党",
        "校园风",
        "复古做旧",
        "机能风",
        "情侣款",
        "低帮跑步鞋",
        "男女同款"
    ],
    "vendor": "New Balance",
    "children": [
        {
            "productId": 758914,
            "parentId": 758914,
            "url": "https:\/\/fast.dewu.com\/page\/productDetail?sourceName=sharedetail&spuId=23655985",
            "variantId": 866295040,
            "title": " New Balance NB 530",
            "description": "",
            "vendorCode": "MR530SG-1",
            "categoryId": 8713,
            "vendorId": 28,
            "images": [
                "https:\/\/cdn.poizon.com\/pro-img\/origin-img\/20250518\/42097104d0e145c58d45e677b9a302b5.jpg",
                "https:\/\/cdn.poizon.com\/pro-img\/origin-img\/2025062514\/f1dbc4073dbd3f39c3d2f7096178605f.jpg",
                "https:\/\/cdn.poizon.com\/pro-img\/origin-img\/2025062514\/8a36d6f70b3e80dcaeeda3f5136fce5d.jpg",
                "https:\/\/cdn.poizon.com\/pro-img\/origin-img\/20250518\/13f715d29b644f1e9e3533a5c554935f.jpg",
                "https:\/\/cdn.poizon.com\/pro-img\/origin-img\/20250518\/d6e7e66e705342c4a7d1e1105e73b01d.jpg",
                "https:\/\/cdn.poizon.com\/pro-img\/origin-img\/20250518\/b4f16fa66e9d43949c3a27ba7e1586a5.jpg"
            ],
            "price": 890,
            "purchasePrice": 829,
            "count": 1,
            "available": true,
            "timeDelivery": {
                "min": 5,
                "max": 6
            },
            "vat": "NO_VAT",
            "currency": "RUR",
            "params": [
                {
                    "key": "Цвет",
                    "value": "Красный рис"
                },
                {
                    "key": "Вариант",
                    "value": "D"
                },
                {
                    "key": "Размер",
                    "value": "36"
                }
            ],
            "vendor": "New Balance",
            "seriesName": ""
        },
        {
            "productId": 758914,
            "parentId": 758914,
            "url": "https:\/\/fast.dewu.com\/page\/productDetail?sourceName=sharedetail&spuId=23655985",
            "variantId": 866295041,
            "title": " New Balance NB 530",
            "description": "",
            "vendorCode": "MR530SG-2",
            "categoryId": 8713,
            "vendorId": 28,
            "images": [
                "https:\/\/cdn.poizon.com\/pro-img\/origin-img\/20250518\/42097104d0e145c58d45e677b9a302b5.jpg",
                "https:\/\/cdn.poizon.com\/pro-img\/origin-img\/2025062514\/f1dbc4073dbd3f39c3d2f7096178605f.jpg",
                "https:\/\/cdn.poizon.com\/pro-img\/origin-img\/2025062514\/8a36d6f70b3e80dcaeeda3f5136fce5d.jpg",
                "https:\/\/cdn.poizon.com\/pro-img\/origin-img\/20250518\/13f715d29b644f1e9e3533a5c554935f.jpg",
                "https:\/\/cdn.poizon.com\/pro-img\/origin-img\/20250518\/d6e7e66e705342c4a7d1e1105e73b01d.jpg",
                "https:\/\/cdn.poizon.com\/pro-img\/origin-img\/20250518\/b4f16fa66e9d43949c3a27ba7e1586a5.jpg"
            ],
            "price": 990,
            "purchasePrice": 929,
            "count": 1,
            "available": true,
            "timeDelivery": {
                "min": 5,
                "max": 6
            },
            "vat": "NO_VAT",
            "currency": "RUR",
            "params": [
                {
                    "key": "Цвет",
                    "value": "Красный рис"
                },
                {
                    "key": "Вариант",
                    "value": "D"
                },
                {
                    "key": "Размер",
                    "value": "37"
                }
            ],
            "vendor": "New Balance",
            "seriesName": ""
        },
        {
            "productId": 758914,
            "parentId": 758914,
            "url": "https:\/\/fast.dewu.com\/page\/productDetail?sourceName=sharedetail&spuId=23655985",
            "variantId": 866295042,
            "title": " New Balance NB 530",
            "description": "",
            "vendorCode": "MR530SG-3",
            "categoryId": 8713,
            "vendorId": 28,
            "images": [
                "https:\/\/cdn.poizon.com\/pro-img\/origin-img\/20250518\/42097104d0e145c58d45e677b9a302b5.jpg",
                "https:\/\/cdn.poizon.com\/pro-img\/origin-img\/2025062514\/f1dbc4073dbd3f39c3d2f7096178605f.jpg",
                "https:\/\/cdn.poizon.com\/pro-img\/origin-img\/2025062514\/8a36d6f70b3e80dcaeeda3f5136fce5d.jpg",
                "https:\/\/cdn.poizon.com\/pro-img\/origin-img\/20250518\/13f715d29b644f1e9e3533a5c554935f.jpg",
                "https:\/\/cdn.poizon.com\/pro-img\/origin-img\/20250518\/d6e7e66e705342c4a7d1e1105e73b01d.jpg",
                "https:\/\/cdn.poizon.com\/pro-img\/origin-img\/20250518\/b4f16fa66e9d43949c3a27ba7e1586a5.jpg"
            ],
            "price": 990,
            "purchasePrice": 929,
            "count": 1,
            "available": true,
            "timeDelivery": {
                "min": 5,
                "max": 6
            },
            "vat": "NO_VAT",
            "currency": "RUR",
            "params": [
                {
                    "key": "Цвет",
                    "value": "Красный рис"
                },
                {
                    "key": "Вариант",
                    "value": "D"
                },
                {
                    "key": "Размер",
                    "value": "37.5"
                }
            ],
            "vendor": "New Balance",
            "seriesName": ""
        },
        {
            "productId": 758914,
            "parentId": 758914,
            "url": "https:\/\/fast.dewu.com\/page\/productDetail?sourceName=sharedetail&spuId=23655985",
            "variantId": 866295043,
            "title": " New Balance NB 530",
            "description": "",
            "vendorCode": "MR530SG-4",
            "categoryId": 8713,
            "vendorId": 28,
            "images": [
                "https:\/\/cdn.poizon.com\/pro-img\/origin-img\/20250518\/42097104d0e145c58d45e677b9a302b5.jpg",
                "https:\/\/cdn.poizon.com\/pro-img\/origin-img\/2025062514\/f1dbc4073dbd3f39c3d2f7096178605f.jpg",
                "https:\/\/cdn.poizon.com\/pro-img\/origin-img\/2025062514\/8a36d6f70b3e80dcaeeda3f5136fce5d.jpg",
                "https:\/\/cdn.poizon.com\/pro-img\/origin-img\/20250518\/13f715d29b644f1e9e3533a5c554935f.jpg",
                "https:\/\/cdn.poizon.com\/pro-img\/origin-img\/20250518\/d6e7e66e705342c4a7d1e1105e73b01d.jpg",
                "https:\/\/cdn.poizon.com\/pro-img\/origin-img\/20250518\/b4f16fa66e9d43949c3a27ba7e1586a5.jpg"
            ],
            "price": 990,
            "purchasePrice": 929,
            "count": 1,
            "available": true,
            "timeDelivery": {
                "min": 5,
                "max": 6
            },
            "vat": "NO_VAT",
            "currency": "RUR",
            "params": [
                {
                    "key": "Цвет",
                    "value": "Красный рис"
                },
                {
                    "key": "Вариант",
                    "value": "D"
                },
                {
                    "key": "Размер",
                    "value": "38"
                }
            ],
            "vendor": "New Balance",
            "seriesName": ""
        },
        {
            "productId": 758914,
            "parentId": 758914,
            "url": "https:\/\/fast.dewu.com\/page\/productDetail?sourceName=sharedetail&spuId=23655985",
            "variantId": 866295044,
            "title": " New Balance NB 530",
            "description": "",
            "vendorCode": "MR530SG-5",
            "categoryId": 8713,
            "vendorId": 28,
            "images": [
                "https:\/\/cdn.poizon.com\/pro-img\/origin-img\/20250518\/42097104d0e145c58d45e677b9a302b5.jpg",
                "https:\/\/cdn.poizon.com\/pro-img\/origin-img\/2025062514\/f1dbc4073dbd3f39c3d2f7096178605f.jpg",
                "https:\/\/cdn.poizon.com\/pro-img\/origin-img\/2025062514\/8a36d6f70b3e80dcaeeda3f5136fce5d.jpg",
                "https:\/\/cdn.poizon.com\/pro-img\/origin-img\/20250518\/13f715d29b644f1e9e3533a5c554935f.jpg",
                "https:\/\/cdn.poizon.com\/pro-img\/origin-img\/20250518\/d6e7e66e705342c4a7d1e1105e73b01d.jpg",
                "https:\/\/cdn.poizon.com\/pro-img\/origin-img\/20250518\/b4f16fa66e9d43949c3a27ba7e1586a5.jpg"
            ],
            "price": 990,
            "purchasePrice": 929,
            "count": 1,
            "available": true,
            "timeDelivery": {
                "min": 5,
                "max": 6
            },
            "vat": "NO_VAT",
            "currency": "RUR",
            "params": [
                {
                    "key": "Цвет",
                    "value": "Красный рис"
                },
                {
                    "key": "Вариант",
                    "value": "D"
                },
                {
                    "key": "Размер",
                    "value": "38.5"
                }
            ],
            "vendor": "New Balance",
            "seriesName": ""
        },
        {
            "productId": 758914,
            "parentId": 758914,
            "url": "https:\/\/fast.dewu.com\/page\/productDetail?sourceName=sharedetail&spuId=23655985",
            "variantId": 866295045,
            "title": " New Balance NB 530",
            "description": "",
            "vendorCode": "MR530SG-6",
            "categoryId": 8713,
            "vendorId": 28,
            "images": [
                "https:\/\/cdn.poizon.com\/pro-img\/origin-img\/20250518\/42097104d0e145c58d45e677b9a302b5.jpg",
                "https:\/\/cdn.poizon.com\/pro-img\/origin-img\/2025062514\/f1dbc4073dbd3f39c3d2f7096178605f.jpg",
                "https:\/\/cdn.poizon.com\/pro-img\/origin-img\/2025062514\/8a36d6f70b3e80dcaeeda3f5136fce5d.jpg",
                "https:\/\/cdn.poizon.com\/pro-img\/origin-img\/20250518\/13f715d29b644f1e9e3533a5c554935f.jpg",
                "https:\/\/cdn.poizon.com\/pro-img\/origin-img\/20250518\/d6e7e66e705342c4a7d1e1105e73b01d.jpg",
                "https:\/\/cdn.poizon.com\/pro-img\/origin-img\/20250518\/b4f16fa66e9d43949c3a27ba7e1586a5.jpg"
            ],
            "price": 990,
            "purchasePrice": 929,
            "count": 1,
            "available": true,
            "timeDelivery": {
                "min": 5,
                "max": 6
            },
            "vat": "NO_VAT",
            "currency": "RUR",
            "params": [
                {
                    "key": "Цвет",
                    "value": "Красный рис"
                },
                {
                    "key": "Вариант",
                    "value": "D"
                },
                {
                    "key": "Размер",
                    "value": "39.5"
                }
            ],
            "vendor": "New Balance",
            "seriesName": ""
        },
        {
            "productId": 758914,
            "parentId": 758914,
            "url": "https:\/\/fast.dewu.com\/page\/productDetail?sourceName=sharedetail&spuId=23655985",
            "variantId": 866295046,
            "title": " New Balance NB 530",
            "description": "",
            "vendorCode": "MR530SG-7",
            "categoryId": 8713,
            "vendorId": 28,
            "images": [
                "https:\/\/cdn.poizon.com\/pro-img\/origin-img\/20250518\/42097104d0e145c58d45e677b9a302b5.jpg",
                "https:\/\/cdn.poizon.com\/pro-img\/origin-img\/2025062514\/f1dbc4073dbd3f39c3d2f7096178605f.jpg",
                "https:\/\/cdn.poizon.com\/pro-img\/origin-img\/2025062514\/8a36d6f70b3e80dcaeeda3f5136fce5d.jpg",
                "https:\/\/cdn.poizon.com\/pro-img\/origin-img\/20250518\/13f715d29b644f1e9e3533a5c554935f.jpg",
                "https:\/\/cdn.poizon.com\/pro-img\/origin-img\/20250518\/d6e7e66e705342c4a7d1e1105e73b01d.jpg",
                "https:\/\/cdn.poizon.com\/pro-img\/origin-img\/20250518\/b4f16fa66e9d43949c3a27ba7e1586a5.jpg"
            ],
            "price": 990,
            "purchasePrice": 929,
            "count": 1,
            "available": true,
            "timeDelivery": {
                "min": 5,
                "max": 6
            },
            "vat": "NO_VAT",
            "currency": "RUR",
            "params": [
                {
                    "key": "Цвет",
                    "value": "Красный рис"
                },
                {
                    "key": "Вариант",
                    "value": "D"
                },
                {
                    "key": "Размер",
                    "value": "40"
                }
            ],
            "vendor": "New Balance",
            "seriesName": ""
        },
        {
            "productId": 758914,
            "parentId": 758914,
            "url": "https:\/\/fast.dewu.com\/page\/productDetail?sourceName=sharedetail&spuId=23655985",
            "variantId": 866295047,
            "title": " New Balance NB 530",
            "description": "",
            "vendorCode": "MR530SG-8",
            "categoryId": 8713,
            "vendorId": 28,
            "images": [
                "https:\/\/cdn.poizon.com\/pro-img\/origin-img\/20250518\/42097104d0e145c58d45e677b9a302b5.jpg",
                "https:\/\/cdn.poizon.com\/pro-img\/origin-img\/2025062514\/f1dbc4073dbd3f39c3d2f7096178605f.jpg",
                "https:\/\/cdn.poizon.com\/pro-img\/origin-img\/2025062514\/8a36d6f70b3e80dcaeeda3f5136fce5d.jpg",
                "https:\/\/cdn.poizon.com\/pro-img\/origin-img\/20250518\/13f715d29b644f1e9e3533a5c554935f.jpg",
                "https:\/\/cdn.poizon.com\/pro-img\/origin-img\/20250518\/d6e7e66e705342c4a7d1e1105e73b01d.jpg",
                "https:\/\/cdn.poizon.com\/pro-img\/origin-img\/20250518\/b4f16fa66e9d43949c3a27ba7e1586a5.jpg"
            ],
            "price": 990,
            "purchasePrice": 929,
            "count": 1,
            "available": true,
            "timeDelivery": {
                "min": 5,
                "max": 6
            },
            "vat": "NO_VAT",
            "currency": "RUR",
            "params": [
                {
                    "key": "Цвет",
                    "value": "Красный рис"
                },
                {
                    "key": "Вариант",
                    "value": "D"
                },
                {
                    "key": "Размер",
                    "value": "40.5"
                }
            ],
            "vendor": "New Balance",
            "seriesName": ""
        },
        {
            "productId": 758914,
            "parentId": 758914,
            "url": "https:\/\/fast.dewu.com\/page\/productDetail?sourceName=sharedetail&spuId=23655985",
            "variantId": 866295048,
            "title": " New Balance NB 530",
            "description": "",
            "vendorCode": "MR530SG-9",
            "categoryId": 8713,
            "vendorId": 28,
            "images": [
                "https:\/\/cdn.poizon.com\/pro-img\/origin-img\/20250518\/42097104d0e145c58d45e677b9a302b5.jpg",
                "https:\/\/cdn.poizon.com\/pro-img\/origin-img\/2025062514\/f1dbc4073dbd3f39c3d2f7096178605f.jpg",
                "https:\/\/cdn.poizon.com\/pro-img\/origin-img\/2025062514\/8a36d6f70b3e80dcaeeda3f5136fce5d.jpg",
                "https:\/\/cdn.poizon.com\/pro-img\/origin-img\/20250518\/13f715d29b644f1e9e3533a5c554935f.jpg",
                "https:\/\/cdn.poizon.com\/pro-img\/origin-img\/20250518\/d6e7e66e705342c4a7d1e1105e73b01d.jpg",
                "https:\/\/cdn.poizon.com\/pro-img\/origin-img\/20250518\/b4f16fa66e9d43949c3a27ba7e1586a5.jpg"
            ],
            "price": 990,
            "purchasePrice": 929,
            "count": 1,
            "available": true,
            "timeDelivery": {
                "min": 5,
                "max": 6
            },
            "vat": "NO_VAT",
            "currency": "RUR",
            "params": [
                {
                    "key": "Цвет",
                    "value": "Красный рис"
                },
                {
                    "key": "Вариант",
                    "value": "D"
                },
                {
                    "key": "Размер",
                    "value": "41.5"
                }
            ],
            "vendor": "New Balance",
            "seriesName": ""
        },
        {
            "productId": 758914,
            "parentId": 758914,
            "url": "https:\/\/fast.dewu.com\/page\/productDetail?sourceName=sharedetail&spuId=23655985",
            "variantId": 866295049,
            "title": " New Balance NB 530",
            "description": "",
            "vendorCode": "MR530SG-10",
            "categoryId": 8713,
            "vendorId": 28,
            "images": [
                "https:\/\/cdn.poizon.com\/pro-img\/origin-img\/20250518\/42097104d0e145c58d45e677b9a302b5.jpg",
                "https:\/\/cdn.poizon.com\/pro-img\/origin-img\/2025062514\/f1dbc4073dbd3f39c3d2f7096178605f.jpg",
                "https:\/\/cdn.poizon.com\/pro-img\/origin-img\/2025062514\/8a36d6f70b3e80dcaeeda3f5136fce5d.jpg",
                "https:\/\/cdn.poizon.com\/pro-img\/origin-img\/20250518\/13f715d29b644f1e9e3533a5c554935f.jpg",
                "https:\/\/cdn.poizon.com\/pro-img\/origin-img\/20250518\/d6e7e66e705342c4a7d1e1105e73b01d.jpg",
                "https:\/\/cdn.poizon.com\/pro-img\/origin-img\/20250518\/b4f16fa66e9d43949c3a27ba7e1586a5.jpg"
            ],
            "price": 990,
            "purchasePrice": 929,
            "count": 1,
            "available": true,
            "timeDelivery": {
                "min": 5,
                "max": 6
            },
            "vat": "NO_VAT",
            "currency": "RUR",
            "params": [
                {
                    "key": "Цвет",
                    "value": "Красный рис"
                },
                {
                    "key": "Вариант",
                    "value": "D"
                },
                {
                    "key": "Размер",
                    "value": "42"
                }
            ],
            "vendor": "New Balance",
            "seriesName": ""
        },
        {
            "productId": 758914,
            "parentId": 758914,
            "url": "https:\/\/fast.dewu.com\/page\/productDetail?sourceName=sharedetail&spuId=23655985",
            "variantId": 866295050,
            "title": " New Balance NB 530",
            "description": "",
            "vendorCode": "MR530SG-11",
            "categoryId": 8713,
            "vendorId": 28,
            "images": [
                "https:\/\/cdn.poizon.com\/pro-img\/origin-img\/20250518\/42097104d0e145c58d45e677b9a302b5.jpg",
                "https:\/\/cdn.poizon.com\/pro-img\/origin-img\/2025062514\/f1dbc4073dbd3f39c3d2f7096178605f.jpg",
                "https:\/\/cdn.poizon.com\/pro-img\/origin-img\/2025062514\/8a36d6f70b3e80dcaeeda3f5136fce5d.jpg",
                "https:\/\/cdn.poizon.com\/pro-img\/origin-img\/20250518\/13f715d29b644f1e9e3533a5c554935f.jpg",
                "https:\/\/cdn.poizon.com\/pro-img\/origin-img\/20250518\/d6e7e66e705342c4a7d1e1105e73b01d.jpg",
                "https:\/\/cdn.poizon.com\/pro-img\/origin-img\/20250518\/b4f16fa66e9d43949c3a27ba7e1586a5.jpg"
            ],
            "price": 990,
            "purchasePrice": 929,
            "count": 1,
            "available": true,
            "timeDelivery": {
                "min": 5,
                "max": 6
            },
            "vat": "NO_VAT",
            "currency": "RUR",
            "params": [
                {
                    "key": "Цвет",
                    "value": "Красный рис"
                },
                {
                    "key": "Вариант",
                    "value": "D"
                },
                {
                    "key": "Размер",
                    "value": "42.5"
                }
            ],
            "vendor": "New Balance",
            "seriesName": ""
        },
        {
            "productId": 758914,
            "parentId": 758914,
            "url": "https:\/\/fast.dewu.com\/page\/productDetail?sourceName=sharedetail&spuId=23655985",
            "variantId": 866295051,
            "title": " New Balance NB 530",
            "description": "",
            "vendorCode": "MR530SG-12",
            "categoryId": 8713,
            "vendorId": 28,
            "images": [
                "https:\/\/cdn.poizon.com\/pro-img\/origin-img\/20250518\/42097104d0e145c58d45e677b9a302b5.jpg",
                "https:\/\/cdn.poizon.com\/pro-img\/origin-img\/2025062514\/f1dbc4073dbd3f39c3d2f7096178605f.jpg",
                "https:\/\/cdn.poizon.com\/pro-img\/origin-img\/2025062514\/8a36d6f70b3e80dcaeeda3f5136fce5d.jpg",
                "https:\/\/cdn.poizon.com\/pro-img\/origin-img\/20250518\/13f715d29b644f1e9e3533a5c554935f.jpg",
                "https:\/\/cdn.poizon.com\/pro-img\/origin-img\/20250518\/d6e7e66e705342c4a7d1e1105e73b01d.jpg",
                "https:\/\/cdn.poizon.com\/pro-img\/origin-img\/20250518\/b4f16fa66e9d43949c3a27ba7e1586a5.jpg"
            ],
            "price": 990,
            "purchasePrice": 929,
            "count": 1,
            "available": true,
            "timeDelivery": {
                "min": 5,
                "max": 6
            },
            "vat": "NO_VAT",
            "currency": "RUR",
            "params": [
                {
                    "key": "Цвет",
                    "value": "Красный рис"
                },
                {
                    "key": "Вариант",
                    "value": "D"
                },
                {
                    "key": "Размер",
                    "value": "43"
                }
            ],
            "vendor": "New Balance",
            "seriesName": ""
        },
        {
            "productId": 758914,
            "parentId": 758914,
            "url": "https:\/\/fast.dewu.com\/page\/productDetail?sourceName=sharedetail&spuId=23655985",
            "variantId": 866295052,
            "title": " New Balance NB 530",
            "description": "",
            "vendorCode": "MR530SG-13",
            "categoryId": 8713,
            "vendorId": 28,
            "images": [
                "https:\/\/cdn.poizon.com\/pro-img\/origin-img\/20250518\/42097104d0e145c58d45e677b9a302b5.jpg",
                "https:\/\/cdn.poizon.com\/pro-img\/origin-img\/2025062514\/f1dbc4073dbd3f39c3d2f7096178605f.jpg",
                "https:\/\/cdn.poizon.com\/pro-img\/origin-img\/2025062514\/8a36d6f70b3e80dcaeeda3f5136fce5d.jpg",
                "https:\/\/cdn.poizon.com\/pro-img\/origin-img\/20250518\/13f715d29b644f1e9e3533a5c554935f.jpg",
                "https:\/\/cdn.poizon.com\/pro-img\/origin-img\/20250518\/d6e7e66e705342c4a7d1e1105e73b01d.jpg",
                "https:\/\/cdn.poizon.com\/pro-img\/origin-img\/20250518\/b4f16fa66e9d43949c3a27ba7e1586a5.jpg"
            ],
            "price": 990,
            "purchasePrice": 929,
            "count": 1,
            "available": true,
            "timeDelivery": {
                "min": 5,
                "max": 6
            },
            "vat": "NO_VAT",
            "currency": "RUR",
            "params": [
                {
                    "key": "Цвет",
                    "value": "Красный рис"
                },
                {
                    "key": "Вариант",
                    "value": "D"
                },
                {
                    "key": "Размер",
                    "value": "44"
                }
            ],
            "vendor": "New Balance",
            "seriesName": ""
        }
    ]
}

  🔄 [232/316] Импортирую:  New Balance NB 530 (ID: 758921)...
[232/316] Импорт:  New Balance NB 530 (ID: 758921)
Батч-вставка размеров: 15 шт для product_id=276
Импортировано изображений вариантов: 120 для product_id=276
     ✅ Успешно (создано вариантов: 3178)
     Успешно импортирован
  🔄 [233/316] Импортирую:  New Balance NB 530 811 D (ID: 758965)...
[233/316] Импорт:  New Balance NB 530 811 D (ID: 758965)

  ❌ ОШИБКА [233/316]:  New Balance NB 530 811 D (ID: 758965)
     Ошибка сохранения товара: vendor_code: Товар с таким артикулом уже существует у данного бренда
     Trace: #0 /Users/user/CascadeProjects/splitwise/commands/PoizonImportJsonController.php(271): app\commands\PoizonImportJsonController->importProduct(Array)
#1 [internal function]: app\commands\PoizonImportJsonController->actionRun('https://storage...')
#2 /Users/user/CascadeProjects/splitwise/vendor/yiisoft/yii2/base/InlineAction.php(60): call_user_func_array(Array, Array)
#3 /Users/user/CascadeProjects/splitwise/vendor/yiisoft/yii2/base/Controller.php(184): yii\base\InlineAction->runWithParams(Array)
...

═══════════════════════════════════════════════════
ОШИБКА #7:  New Balance NB 530 811 D
═══════════════════════════════════════════════════
Product ID: 758965
Index: 233/316
Error: Ошибка сохранения товара: vendor_code: Товар с таким артикулом уже существует у данного бренда

Stack Trace:
#0 /Users/user/CascadeProjects/splitwise/commands/PoizonImportJsonController.php(271): app\commands\PoizonImportJsonController->importProduct(Array)
#1 [internal function]: app\commands\PoizonImportJsonController->actionRun('https://storage...')
#2 /Users/user/CascadeProjects/splitwise/vendor/yiisoft/yii2/base/InlineAction.php(60): call_user_func_array(Array, Array)
#3 /Users/user/CascadeProjects/splitwise/vendor/yiisoft/yii2/base/Controller.php(184): yii\base\InlineAction->runWithParams(Array)
#4 /Users/user/CascadeProjects/splitwise/vendor/yiisoft/yii2/console/Controller.php(180): yii\base\Controller->runAction('run', Array)
#5 /Users/user/CascadeProjects/splitwise/vendor/yiisoft/yii2/base/Module.php(555): yii\console\Controller->runAction('run', Array)
#6 /Users/user/CascadeProjects/splitwise/vendor/yiisoft/yii2/console/Application.php(180): yii\base\Module->runAction('poizon-import-j...', Array)
#7 /Users/user/CascadeProjects/splitwise/vendor/yiisoft/yii2/console/Application.php(147): yii\console\Application->runAction('poizon-import-j...', Array)
#8 /Users/user/CascadeProjects/splitwise/vendor/yiisoft/yii2/base/Application.php(387): yii\console\Application->handleRequest(Object(yii\console\Request))
#9 /Users/user/CascadeProjects/splitwise/yii(23): yii\base\Application->run()
#10 {main}

Product Data:
{
    "productId": 758965,
    "variantId": 758965,
    "url": "https:\/\/fast.dewu.com\/page\/productDetail?sourceName=sharedetail&spuId=14393998",
    "title": " New Balance NB 530 811 D",
    "description": "",
    "vendorCode": "MR530SG",
    "categoryId": 8713,
    "vendorId": 28,
    "images": [
        "https:\/\/cdn.poizon.com\/pro-img\/origin-img\/20250122\/a26bcf4821324769add9ace10c69b382.jpg",
        "https:\/\/cdn.poizon.com\/pro-img\/origin-img\/2025061920\/eecce6b21dfc33e7bd5d0a61f13ce4a5.jpg",
        "https:\/\/cdn.poizon.com\/pro-img\/origin-img\/2025061920\/cb321631937b1361f32114050780e334.jpg",
        "https:\/\/cdn.poizon.com\/pro-img\/origin-img\/20240801\/665c290ec9e9440eab5db97a21f41b9d.jpg",
        "https:\/\/cdn.poizon.com\/pro-img\/origin-img\/20240801\/ee9f3ed5c31441ad9f89e2c99804ab6e.jpg",
        "https:\/\/cdn.poizon.com\/pro-img\/origin-img\/20240801\/90a8caebd96044a898ff0a37238e57f7.jpg",
        "https:\/\/cdn.poizon.com\/stark\/stark-web\/72361999\/cc331be36320c40f89d8ab9d415e9ae5.png"
    ],
    "price": 1190,
    "favoriteCount": 0,
    "countryOfOrigin": "Китай",
    "properties": [
        {
            "key": "Верхняя высота",
            "value": "Низкий вырез"
        },
        {
            "key": "Стиль носка",
            "value": "Круглая голова"
        },
        {
            "key": "Закрытый режим",
            "value": "Зашнуровать"
        },
        {
            "key": "Дата выхода",
            "value": "2024.08.01"
        },
        {
            "key": "Применимые сценарии",
            "value": "Свободный"
        },
        {
            "key": "Основной цвет",
            "value": "Белый, серебристый"
        },
        {
            "key": "Функциональная",
            "value": "Амортизирующий, нескользящий, дышащий"
        },
        {
            "key": "Цена предложения",
            "value": "¥1109"
        },
        {
            "key": "Товарная накладная",
            "value": "Поставляется со специальной коробкой для обуви"
        }
    ],
    "seriesName": "",
    "relatedProducts": [],
    "gender": "Унисекс",
    "sizes": [
        {
            "name": "Европейский кодекс ЕС",
            "delimiter": ",",
            "value": "35,35.5,36,37,37.5,38,38.5,39.5,40,40.5,41.5,42,42.5,43,44,44.5,45,45.5,46.5,47,47.5,49,50,51,52,53"
        },
        {
            "name": "Английский код Великобритании",
            "delimiter": ",",
            "value": "2.5,3,3.5,4,4.5,5,5.5,6,6.5,7,7.5,8,8.5,9,9.5,10,10.5,11,11.5,12,12.5,13.5,14.5,15.5,16.5,17.5"
        },
        {
            "name": "Японский код JP",
            "delimiter": ",",
            "value": "21,21.5,22,22.5,23,23.5,24,24.5,25,25.5,26,26.5,27,27.5,28,28.5,29,29.5,30,30.5,31,32,33,34,35,36"
        },
        {
            "name": "Код Республики Корея",
            "delimiter": ",",
            "value": "210,215,220,225,230,235,240,245,250,255,260,265,270,275,280,285,290,295,300,305,310,320,330,340,350,360"
        },
        {
            "name": "Мужской кодекс красоты США",
            "delimiter": ",",
            "value": "3,3.5,4,4.5,5,5.5,6,6.5,7,7.5,8,8.5,9,9.5,10,10.5,11,11.5,12,12.5,13,14,15,16,17,18"
        },
        {
            "name": "Женский кодекс красоты США",
            "delimiter": ",",
            "value": "4.5,5,5.5,6,6.5,7,7.5,8,8.5,9,9.5,10,10.5,11,11.5,12,12.5,13,13.5,14,15,\/,\/,\/,\/,\/"
        },
        {
            "name": "Подходит для длины стопы",
            "delimiter": ",",
            "value": "210,215,220,225,230,235,240,245,250,255,260,265,270,275,280,285,290,295,300,305,310,320,330,340,350,360"
        }
    ],
    "vat": "NO_VAT",
    "currency": "RUR",
    "keywords": [
        "【定制球鞋】",
        "new",
        "balance",
        "530",
        "811制造",
        "无糖苏打浅蓝",
        "特殊鞋盒",
        "少年感减震防滑透气",
        "低帮跑步鞋",
        "男女同款",
        "白银蓝"
    ],
    "vendor": "New Balance",
    "children": [
        {
            "productId": 758965,
            "parentId": 758965,
            "url": "https:\/\/fast.dewu.com\/page\/productDetail?sourceName=sharedetail&spuId=14393998",
            "variantId": 714667099,
            "title": " New Balance NB 530 811 D",
            "description": "",
            "vendorCode": "MR530SG-1",
            "categoryId": 8713,
            "vendorId": 28,
            "images": [
                "https:\/\/cdn.poizon.com\/pro-img\/origin-img\/20250122\/a26bcf4821324769add9ace10c69b382.jpg",
                "https:\/\/cdn.poizon.com\/pro-img\/origin-img\/2025061920\/eecce6b21dfc33e7bd5d0a61f13ce4a5.jpg",
                "https:\/\/cdn.poizon.com\/pro-img\/origin-img\/2025061920\/cb321631937b1361f32114050780e334.jpg",
                "https:\/\/cdn.poizon.com\/pro-img\/origin-img\/20240801\/665c290ec9e9440eab5db97a21f41b9d.jpg",
                "https:\/\/cdn.poizon.com\/pro-img\/origin-img\/20240801\/ee9f3ed5c31441ad9f89e2c99804ab6e.jpg",
                "https:\/\/cdn.poizon.com\/pro-img\/origin-img\/20240801\/90a8caebd96044a898ff0a37238e57f7.jpg",
                "https:\/\/cdn.poizon.com\/stark\/stark-web\/72361999\/cc331be36320c40f89d8ab9d415e9ae5.png"
            ],
            "price": 1190,
            "purchasePrice": 1149,
            "count": 1,
            "available": true,
            "timeDelivery": {
                "min": 5,
                "max": 6
            },
            "vat": "NO_VAT",
            "currency": "RUR",
            "params": [
                {
                    "key": "Цвет",
                    "value": "Серебристо-голубой"
                },
                {
                    "key": "Размер",
                    "value": "36"
                }
            ],
            "vendor": "New Balance",
            "seriesName": ""
        },
        {
            "productId": 758965,
            "parentId": 758965,
            "url": "https:\/\/fast.dewu.com\/page\/productDetail?sourceName=sharedetail&spuId=14393998",
            "variantId": 714667100,
            "title": " New Balance NB 530 811 D",
            "description": "",
            "vendorCode": "MR530SG-2",
            "categoryId": 8713,
            "vendorId": 28,
            "images": [
                "https:\/\/cdn.poizon.com\/pro-img\/origin-img\/20250122\/a26bcf4821324769add9ace10c69b382.jpg",
                "https:\/\/cdn.poizon.com\/pro-img\/origin-img\/2025061920\/eecce6b21dfc33e7bd5d0a61f13ce4a5.jpg",
                "https:\/\/cdn.poizon.com\/pro-img\/origin-img\/2025061920\/cb321631937b1361f32114050780e334.jpg",
                "https:\/\/cdn.poizon.com\/pro-img\/origin-img\/20240801\/665c290ec9e9440eab5db97a21f41b9d.jpg",
                "https:\/\/cdn.poizon.com\/pro-img\/origin-img\/20240801\/ee9f3ed5c31441ad9f89e2c99804ab6e.jpg",
                "https:\/\/cdn.poizon.com\/pro-img\/origin-img\/20240801\/90a8caebd96044a898ff0a37238e57f7.jpg",
                "https:\/\/cdn.poizon.com\/stark\/stark-web\/72361999\/cc331be36320c40f89d8ab9d415e9ae5.png"
            ],
            "price": 1190,
            "purchasePrice": 1149,
            "count": 1,
            "available": true,
            "timeDelivery": {
                "min": 5,
                "max": 6
            },
            "vat": "NO_VAT",
            "currency": "RUR",
            "params": [
                {
                    "key": "Цвет",
                    "value": "Серебристо-голубой"
                },
                {
                    "key": "Размер",
                    "value": "37"
                }
            ],
            "vendor": "New Balance",
            "seriesName": ""
        },
        {
            "productId": 758965,
            "parentId": 758965,
            "url": "https:\/\/fast.dewu.com\/page\/productDetail?sourceName=sharedetail&spuId=14393998",
            "variantId": 714667101,
            "title": " New Balance NB 530 811 D",
            "description": "",
            "vendorCode": "MR530SG-3",
            "categoryId": 8713,
            "vendorId": 28,
            "images": [
                "https:\/\/cdn.poizon.com\/pro-img\/origin-img\/20250122\/a26bcf4821324769add9ace10c69b382.jpg",
                "https:\/\/cdn.poizon.com\/pro-img\/origin-img\/2025061920\/eecce6b21dfc33e7bd5d0a61f13ce4a5.jpg",
                "https:\/\/cdn.poizon.com\/pro-img\/origin-img\/2025061920\/cb321631937b1361f32114050780e334.jpg",
                "https:\/\/cdn.poizon.com\/pro-img\/origin-img\/20240801\/665c290ec9e9440eab5db97a21f41b9d.jpg",
                "https:\/\/cdn.poizon.com\/pro-img\/origin-img\/20240801\/ee9f3ed5c31441ad9f89e2c99804ab6e.jpg",
                "https:\/\/cdn.poizon.com\/pro-img\/origin-img\/20240801\/90a8caebd96044a898ff0a37238e57f7.jpg",
                "https:\/\/cdn.poizon.com\/stark\/stark-web\/72361999\/cc331be36320c40f89d8ab9d415e9ae5.png"
            ],
            "price": 1190,
            "purchasePrice": 1149,
            "count": 1,
            "available": true,
            "timeDelivery": {
                "min": 5,
                "max": 6
            },
            "vat": "NO_VAT",
            "currency": "RUR",
            "params": [
                {
                    "key": "Цвет",
                    "value": "Серебристо-голубой"
                },
                {
                    "key": "Размер",
                    "value": "37.5"
                }
            ],
            "vendor": "New Balance",
            "seriesName": ""
        },
        {
            "productId": 758965,
            "parentId": 758965,
            "url": "https:\/\/fast.dewu.com\/page\/productDetail?sourceName=sharedetail&spuId=14393998",
            "variantId": 714667102,
            "title": " New Balance NB 530 811 D",
            "description": "",
            "vendorCode": "MR530SG-4",
            "categoryId": 8713,
            "vendorId": 28,
            "images": [
                "https:\/\/cdn.poizon.com\/pro-img\/origin-img\/20250122\/a26bcf4821324769add9ace10c69b382.jpg",
                "https:\/\/cdn.poizon.com\/pro-img\/origin-img\/2025061920\/eecce6b21dfc33e7bd5d0a61f13ce4a5.jpg",
                "https:\/\/cdn.poizon.com\/pro-img\/origin-img\/2025061920\/cb321631937b1361f32114050780e334.jpg",
                "https:\/\/cdn.poizon.com\/pro-img\/origin-img\/20240801\/665c290ec9e9440eab5db97a21f41b9d.jpg",
                "https:\/\/cdn.poizon.com\/pro-img\/origin-img\/20240801\/ee9f3ed5c31441ad9f89e2c99804ab6e.jpg",
                "https:\/\/cdn.poizon.com\/pro-img\/origin-img\/20240801\/90a8caebd96044a898ff0a37238e57f7.jpg",
                "https:\/\/cdn.poizon.com\/stark\/stark-web\/72361999\/cc331be36320c40f89d8ab9d415e9ae5.png"
            ],
            "price": 1190,
            "purchasePrice": 1149,
            "count": 1,
            "available": true,
            "timeDelivery": {
                "min": 5,
                "max": 6
            },
            "vat": "NO_VAT",
            "currency": "RUR",
            "params": [
                {
                    "key": "Цвет",
                    "value": "Серебристо-голубой"
                },
                {
                    "key": "Размер",
                    "value": "38"
                }
            ],
            "vendor": "New Balance",
            "seriesName": ""
        },
        {
            "productId": 758965,
            "parentId": 758965,
            "url": "https:\/\/fast.dewu.com\/page\/productDetail?sourceName=sharedetail&spuId=14393998",
            "variantId": 714667103,
            "title": " New Balance NB 530 811 D",
            "description": "",
            "vendorCode": "MR530SG-5",
            "categoryId": 8713,
            "vendorId": 28,
            "images": [
                "https:\/\/cdn.poizon.com\/pro-img\/origin-img\/20250122\/a26bcf4821324769add9ace10c69b382.jpg",
                "https:\/\/cdn.poizon.com\/pro-img\/origin-img\/2025061920\/eecce6b21dfc33e7bd5d0a61f13ce4a5.jpg",
                "https:\/\/cdn.poizon.com\/pro-img\/origin-img\/2025061920\/cb321631937b1361f32114050780e334.jpg",
                "https:\/\/cdn.poizon.com\/pro-img\/origin-img\/20240801\/665c290ec9e9440eab5db97a21f41b9d.jpg",
                "https:\/\/cdn.poizon.com\/pro-img\/origin-img\/20240801\/ee9f3ed5c31441ad9f89e2c99804ab6e.jpg",
                "https:\/\/cdn.poizon.com\/pro-img\/origin-img\/20240801\/90a8caebd96044a898ff0a37238e57f7.jpg",
                "https:\/\/cdn.poizon.com\/stark\/stark-web\/72361999\/cc331be36320c40f89d8ab9d415e9ae5.png"
            ],
            "price": 1190,
            "purchasePrice": 1149,
            "count": 1,
            "available": true,
            "timeDelivery": {
                "min": 5,
                "max": 6
            },
            "vat": "NO_VAT",
            "currency": "RUR",
            "params": [
                {
                    "key": "Цвет",
                    "value": "Серебристо-голубой"
                },
                {
                    "key": "Размер",
                    "value": "38.5"
                }
            ],
            "vendor": "New Balance",
            "seriesName": ""
        },
        {
            "productId": 758965,
            "parentId": 758965,
            "url": "https:\/\/fast.dewu.com\/page\/productDetail?sourceName=sharedetail&spuId=14393998",
            "variantId": 714667104,
            "title": " New Balance NB 530 811 D",
            "description": "",
            "vendorCode": "MR530SG-6",
            "categoryId": 8713,
            "vendorId": 28,
            "images": [
                "https:\/\/cdn.poizon.com\/pro-img\/origin-img\/20250122\/a26bcf4821324769add9ace10c69b382.jpg",
                "https:\/\/cdn.poizon.com\/pro-img\/origin-img\/2025061920\/eecce6b21dfc33e7bd5d0a61f13ce4a5.jpg",
                "https:\/\/cdn.poizon.com\/pro-img\/origin-img\/2025061920\/cb321631937b1361f32114050780e334.jpg",
                "https:\/\/cdn.poizon.com\/pro-img\/origin-img\/20240801\/665c290ec9e9440eab5db97a21f41b9d.jpg",
                "https:\/\/cdn.poizon.com\/pro-img\/origin-img\/20240801\/ee9f3ed5c31441ad9f89e2c99804ab6e.jpg",
                "https:\/\/cdn.poizon.com\/pro-img\/origin-img\/20240801\/90a8caebd96044a898ff0a37238e57f7.jpg",
                "https:\/\/cdn.poizon.com\/stark\/stark-web\/72361999\/cc331be36320c40f89d8ab9d415e9ae5.png"
            ],
            "price": 1190,
            "purchasePrice": 1149,
            "count": 1,
            "available": true,
            "timeDelivery": {
                "min": 5,
                "max": 6
            },
            "vat": "NO_VAT",
            "currency": "RUR",
            "params": [
                {
                    "key": "Цвет",
                    "value": "Серебристо-голубой"
                },
                {
                    "key": "Размер",
                    "value": "39.5"
                }
            ],
            "vendor": "New Balance",
            "seriesName": ""
        },
        {
            "productId": 758965,
            "parentId": 758965,
            "url": "https:\/\/fast.dewu.com\/page\/productDetail?sourceName=sharedetail&spuId=14393998",
            "variantId": 714667105,
            "title": " New Balance NB 530 811 D",
            "description": "",
            "vendorCode": "MR530SG-7",
            "categoryId": 8713,
            "vendorId": 28,
            "images": [
                "https:\/\/cdn.poizon.com\/pro-img\/origin-img\/20250122\/a26bcf4821324769add9ace10c69b382.jpg",
                "https:\/\/cdn.poizon.com\/pro-img\/origin-img\/2025061920\/eecce6b21dfc33e7bd5d0a61f13ce4a5.jpg",
                "https:\/\/cdn.poizon.com\/pro-img\/origin-img\/2025061920\/cb321631937b1361f32114050780e334.jpg",
                "https:\/\/cdn.poizon.com\/pro-img\/origin-img\/20240801\/665c290ec9e9440eab5db97a21f41b9d.jpg",
                "https:\/\/cdn.poizon.com\/pro-img\/origin-img\/20240801\/ee9f3ed5c31441ad9f89e2c99804ab6e.jpg",
                "https:\/\/cdn.poizon.com\/pro-img\/origin-img\/20240801\/90a8caebd96044a898ff0a37238e57f7.jpg",
                "https:\/\/cdn.poizon.com\/stark\/stark-web\/72361999\/cc331be36320c40f89d8ab9d415e9ae5.png"
            ],
            "price": 1190,
            "purchasePrice": 1149,
            "count": 1,
            "available": true,
            "timeDelivery": {
                "min": 5,
                "max": 6
            },
            "vat": "NO_VAT",
            "currency": "RUR",
            "params": [
                {
                    "key": "Цвет",
                    "value": "Серебристо-голубой"
                },
                {
                    "key": "Размер",
                    "value": "40"
                }
            ],
            "vendor": "New Balance",
            "seriesName": ""
        },
        {
            "productId": 758965,
            "parentId": 758965,
            "url": "https:\/\/fast.dewu.com\/page\/productDetail?sourceName=sharedetail&spuId=14393998",
            "variantId": 714667106,
            "title": " New Balance NB 530 811 D",
            "description": "",
            "vendorCode": "MR530SG-8",
            "categoryId": 8713,
            "vendorId": 28,
            "images": [
                "https:\/\/cdn.poizon.com\/pro-img\/origin-img\/20250122\/a26bcf4821324769add9ace10c69b382.jpg",
                "https:\/\/cdn.poizon.com\/pro-img\/origin-img\/2025061920\/eecce6b21dfc33e7bd5d0a61f13ce4a5.jpg",
                "https:\/\/cdn.poizon.com\/pro-img\/origin-img\/2025061920\/cb321631937b1361f32114050780e334.jpg",
                "https:\/\/cdn.poizon.com\/pro-img\/origin-img\/20240801\/665c290ec9e9440eab5db97a21f41b9d.jpg",
                "https:\/\/cdn.poizon.com\/pro-img\/origin-img\/20240801\/ee9f3ed5c31441ad9f89e2c99804ab6e.jpg",
                "https:\/\/cdn.poizon.com\/pro-img\/origin-img\/20240801\/90a8caebd96044a898ff0a37238e57f7.jpg",
                "https:\/\/cdn.poizon.com\/stark\/stark-web\/72361999\/cc331be36320c40f89d8ab9d415e9ae5.png"
            ],
            "price": 1190,
            "purchasePrice": 1149,
            "count": 1,
            "available": true,
            "timeDelivery": {
                "min": 5,
                "max": 6
            },
            "vat": "NO_VAT",
            "currency": "RUR",
            "params": [
                {
                    "key": "Цвет",
                    "value": "Серебристо-голубой"
                },
                {
                    "key": "Размер",
                    "value": "40.5"
                }
            ],
            "vendor": "New Balance",
            "seriesName": ""
        },
        {
            "productId": 758965,
            "parentId": 758965,
            "url": "https:\/\/fast.dewu.com\/page\/productDetail?sourceName=sharedetail&spuId=14393998",
            "variantId": 714667107,
            "title": " New Balance NB 530 811 D",
            "description": "",
            "vendorCode": "MR530SG-9",
            "categoryId": 8713,
            "vendorId": 28,
            "images": [
                "https:\/\/cdn.poizon.com\/pro-img\/origin-img\/20250122\/a26bcf4821324769add9ace10c69b382.jpg",
                "https:\/\/cdn.poizon.com\/pro-img\/origin-img\/2025061920\/eecce6b21dfc33e7bd5d0a61f13ce4a5.jpg",
                "https:\/\/cdn.poizon.com\/pro-img\/origin-img\/2025061920\/cb321631937b1361f32114050780e334.jpg",
                "https:\/\/cdn.poizon.com\/pro-img\/origin-img\/20240801\/665c290ec9e9440eab5db97a21f41b9d.jpg",
                "https:\/\/cdn.poizon.com\/pro-img\/origin-img\/20240801\/ee9f3ed5c31441ad9f89e2c99804ab6e.jpg",
                "https:\/\/cdn.poizon.com\/pro-img\/origin-img\/20240801\/90a8caebd96044a898ff0a37238e57f7.jpg",
                "https:\/\/cdn.poizon.com\/stark\/stark-web\/72361999\/cc331be36320c40f89d8ab9d415e9ae5.png"
            ],
            "price": 1190,
            "purchasePrice": 1149,
            "count": 1,
            "available": true,
            "timeDelivery": {
                "min": 5,
                "max": 6
            },
            "vat": "NO_VAT",
            "currency": "RUR",
            "params": [
                {
                    "key": "Цвет",
                    "value": "Серебристо-голубой"
                },
                {
                    "key": "Размер",
                    "value": "41.5"
                }
            ],
            "vendor": "New Balance",
            "seriesName": ""
        },
        {
            "productId": 758965,
            "parentId": 758965,
            "url": "https:\/\/fast.dewu.com\/page\/productDetail?sourceName=sharedetail&spuId=14393998",
            "variantId": 714667108,
            "title": " New Balance NB 530 811 D",
            "description": "",
            "vendorCode": "MR530SG-10",
            "categoryId": 8713,
            "vendorId": 28,
            "images": [
                "https:\/\/cdn.poizon.com\/pro-img\/origin-img\/20250122\/a26bcf4821324769add9ace10c69b382.jpg",
                "https:\/\/cdn.poizon.com\/pro-img\/origin-img\/2025061920\/eecce6b21dfc33e7bd5d0a61f13ce4a5.jpg",
                "https:\/\/cdn.poizon.com\/pro-img\/origin-img\/2025061920\/cb321631937b1361f32114050780e334.jpg",
                "https:\/\/cdn.poizon.com\/pro-img\/origin-img\/20240801\/665c290ec9e9440eab5db97a21f41b9d.jpg",
                "https:\/\/cdn.poizon.com\/pro-img\/origin-img\/20240801\/ee9f3ed5c31441ad9f89e2c99804ab6e.jpg",
                "https:\/\/cdn.poizon.com\/pro-img\/origin-img\/20240801\/90a8caebd96044a898ff0a37238e57f7.jpg",
                "https:\/\/cdn.poizon.com\/stark\/stark-web\/72361999\/cc331be36320c40f89d8ab9d415e9ae5.png"
            ],
            "price": 1190,
            "purchasePrice": 1149,
            "count": 1,
            "available": true,
            "timeDelivery": {
                "min": 5,
                "max": 6
            },
            "vat": "NO_VAT",
            "currency": "RUR",
            "params": [
                {
                    "key": "Цвет",
                    "value": "Серебристо-голубой"
                },
                {
                    "key": "Размер",
                    "value": "42"
                }
            ],
            "vendor": "New Balance",
            "seriesName": ""
        },
        {
            "productId": 758965,
            "parentId": 758965,
            "url": "https:\/\/fast.dewu.com\/page\/productDetail?sourceName=sharedetail&spuId=14393998",
            "variantId": 714667109,
            "title": " New Balance NB 530 811 D",
            "description": "",
            "vendorCode": "MR530SG-11",
            "categoryId": 8713,
            "vendorId": 28,
            "images": [
                "https:\/\/cdn.poizon.com\/pro-img\/origin-img\/20250122\/a26bcf4821324769add9ace10c69b382.jpg",
                "https:\/\/cdn.poizon.com\/pro-img\/origin-img\/2025061920\/eecce6b21dfc33e7bd5d0a61f13ce4a5.jpg",
                "https:\/\/cdn.poizon.com\/pro-img\/origin-img\/2025061920\/cb321631937b1361f32114050780e334.jpg",
                "https:\/\/cdn.poizon.com\/pro-img\/origin-img\/20240801\/665c290ec9e9440eab5db97a21f41b9d.jpg",
                "https:\/\/cdn.poizon.com\/pro-img\/origin-img\/20240801\/ee9f3ed5c31441ad9f89e2c99804ab6e.jpg",
                "https:\/\/cdn.poizon.com\/pro-img\/origin-img\/20240801\/90a8caebd96044a898ff0a37238e57f7.jpg",
                "https:\/\/cdn.poizon.com\/stark\/stark-web\/72361999\/cc331be36320c40f89d8ab9d415e9ae5.png"
            ],
            "price": 1190,
            "purchasePrice": 1149,
            "count": 1,
            "available": true,
            "timeDelivery": {
                "min": 5,
                "max": 6
            },
            "vat": "NO_VAT",
            "currency": "RUR",
            "params": [
                {
                    "key": "Цвет",
                    "value": "Серебристо-голубой"
                },
                {
                    "key": "Размер",
                    "value": "42.5"
                }
            ],
            "vendor": "New Balance",
            "seriesName": ""
        },
        {
            "productId": 758965,
            "parentId": 758965,
            "url": "https:\/\/fast.dewu.com\/page\/productDetail?sourceName=sharedetail&spuId=14393998",
            "variantId": 714667110,
            "title": " New Balance NB 530 811 D",
            "description": "",
            "vendorCode": "MR530SG-12",
            "categoryId": 8713,
            "vendorId": 28,
            "images": [
                "https:\/\/cdn.poizon.com\/pro-img\/origin-img\/20250122\/a26bcf4821324769add9ace10c69b382.jpg",
                "https:\/\/cdn.poizon.com\/pro-img\/origin-img\/2025061920\/eecce6b21dfc33e7bd5d0a61f13ce4a5.jpg",
                "https:\/\/cdn.poizon.com\/pro-img\/origin-img\/2025061920\/cb321631937b1361f32114050780e334.jpg",
                "https:\/\/cdn.poizon.com\/pro-img\/origin-img\/20240801\/665c290ec9e9440eab5db97a21f41b9d.jpg",
                "https:\/\/cdn.poizon.com\/pro-img\/origin-img\/20240801\/ee9f3ed5c31441ad9f89e2c99804ab6e.jpg",
                "https:\/\/cdn.poizon.com\/pro-img\/origin-img\/20240801\/90a8caebd96044a898ff0a37238e57f7.jpg",
                "https:\/\/cdn.poizon.com\/stark\/stark-web\/72361999\/cc331be36320c40f89d8ab9d415e9ae5.png"
            ],
            "price": 1190,
            "purchasePrice": 1149,
            "count": 1,
            "available": true,
            "timeDelivery": {
                "min": 5,
                "max": 6
            },
            "vat": "NO_VAT",
            "currency": "RUR",
            "params": [
                {
                    "key": "Цвет",
                    "value": "Серебристо-голубой"
                },
                {
                    "key": "Размер",
                    "value": "43"
                }
            ],
            "vendor": "New Balance",
            "seriesName": ""
        },
        {
            "productId": 758965,
            "parentId": 758965,
            "url": "https:\/\/fast.dewu.com\/page\/productDetail?sourceName=sharedetail&spuId=14393998",
            "variantId": 714667111,
            "title": " New Balance NB 530 811 D",
            "description": "",
            "vendorCode": "MR530SG-13",
            "categoryId": 8713,
            "vendorId": 28,
            "images": [
                "https:\/\/cdn.poizon.com\/pro-img\/origin-img\/20250122\/a26bcf4821324769add9ace10c69b382.jpg",
                "https:\/\/cdn.poizon.com\/pro-img\/origin-img\/2025061920\/eecce6b21dfc33e7bd5d0a61f13ce4a5.jpg",
                "https:\/\/cdn.poizon.com\/pro-img\/origin-img\/2025061920\/cb321631937b1361f32114050780e334.jpg",
                "https:\/\/cdn.poizon.com\/pro-img\/origin-img\/20240801\/665c290ec9e9440eab5db97a21f41b9d.jpg",
                "https:\/\/cdn.poizon.com\/pro-img\/origin-img\/20240801\/ee9f3ed5c31441ad9f89e2c99804ab6e.jpg",
                "https:\/\/cdn.poizon.com\/pro-img\/origin-img\/20240801\/90a8caebd96044a898ff0a37238e57f7.jpg",
                "https:\/\/cdn.poizon.com\/stark\/stark-web\/72361999\/cc331be36320c40f89d8ab9d415e9ae5.png"
            ],
            "price": 1190,
            "purchasePrice": 1149,
            "count": 1,
            "available": true,
            "timeDelivery": {
                "min": 5,
                "max": 6
            },
            "vat": "NO_VAT",
            "currency": "RUR",
            "params": [
                {
                    "key": "Цвет",
                    "value": "Серебристо-голубой"
                },
                {
                    "key": "Размер",
                    "value": "44"
                }
            ],
            "vendor": "New Balance",
            "seriesName": ""
        },
        {
            "productId": 758965,
            "parentId": 758965,
            "url": "https:\/\/fast.dewu.com\/page\/productDetail?sourceName=sharedetail&spuId=14393998",
            "variantId": 714667112,
            "title": " New Balance NB 530 811 D",
            "description": "",
            "vendorCode": "MR530SG-14",
            "categoryId": 8713,
            "vendorId": 28,
            "images": [
                "https:\/\/cdn.poizon.com\/pro-img\/origin-img\/20250122\/a26bcf4821324769add9ace10c69b382.jpg",
                "https:\/\/cdn.poizon.com\/pro-img\/origin-img\/2025061920\/eecce6b21dfc33e7bd5d0a61f13ce4a5.jpg",
                "https:\/\/cdn.poizon.com\/pro-img\/origin-img\/2025061920\/cb321631937b1361f32114050780e334.jpg",
                "https:\/\/cdn.poizon.com\/pro-img\/origin-img\/20240801\/665c290ec9e9440eab5db97a21f41b9d.jpg",
                "https:\/\/cdn.poizon.com\/pro-img\/origin-img\/20240801\/ee9f3ed5c31441ad9f89e2c99804ab6e.jpg",
                "https:\/\/cdn.poizon.com\/pro-img\/origin-img\/20240801\/90a8caebd96044a898ff0a37238e57f7.jpg",
                "https:\/\/cdn.poizon.com\/stark\/stark-web\/72361999\/cc331be36320c40f89d8ab9d415e9ae5.png"
            ],
            "price": 1190,
            "purchasePrice": 1149,
            "count": 1,
            "available": true,
            "timeDelivery": {
                "min": 5,
                "max": 6
            },
            "vat": "NO_VAT",
            "currency": "RUR",
            "params": [
                {
                    "key": "Цвет",
                    "value": "Серебристо-голубой"
                },
                {
                    "key": "Размер",
                    "value": "44.5"
                }
            ],
            "vendor": "New Balance",
            "seriesName": ""
        },
        {
            "productId": 758965,
            "parentId": 758965,
            "url": "https:\/\/fast.dewu.com\/page\/productDetail?sourceName=sharedetail&spuId=14393998",
            "variantId": 714667113,
            "title": " New Balance NB 530 811 D",
            "description": "",
            "vendorCode": "MR530SG-15",
            "categoryId": 8713,
            "vendorId": 28,
            "images": [
                "https:\/\/cdn.poizon.com\/pro-img\/origin-img\/20250122\/a26bcf4821324769add9ace10c69b382.jpg",
                "https:\/\/cdn.poizon.com\/pro-img\/origin-img\/2025061920\/eecce6b21dfc33e7bd5d0a61f13ce4a5.jpg",
                "https:\/\/cdn.poizon.com\/pro-img\/origin-img\/2025061920\/cb321631937b1361f32114050780e334.jpg",
                "https:\/\/cdn.poizon.com\/pro-img\/origin-img\/20240801\/665c290ec9e9440eab5db97a21f41b9d.jpg",
                "https:\/\/cdn.poizon.com\/pro-img\/origin-img\/20240801\/ee9f3ed5c31441ad9f89e2c99804ab6e.jpg",
                "https:\/\/cdn.poizon.com\/pro-img\/origin-img\/20240801\/90a8caebd96044a898ff0a37238e57f7.jpg",
                "https:\/\/cdn.poizon.com\/stark\/stark-web\/72361999\/cc331be36320c40f89d8ab9d415e9ae5.png"
            ],
            "price": 1190,
            "purchasePrice": 1149,
            "count": 1,
            "available": true,
            "timeDelivery": {
                "min": 5,
                "max": 6
            },
            "vat": "NO_VAT",
            "currency": "RUR",
            "params": [
                {
                    "key": "Цвет",
                    "value": "Серебристо-голубой"
                },
                {
                    "key": "Размер",
                    "value": "45"
                }
            ],
            "vendor": "New Balance",
            "seriesName": ""
        }
    ]
}

  🔄 [234/316] Импортирую:  New Balance NB 530 (ID: 758966)...
[234/316] Импорт:  New Balance NB 530 (ID: 758966)
Батч-вставка размеров: 13 шт для product_id=277
Импортировано изображений вариантов: 91 для product_id=277
     ✅ Успешно (создано вариантов: 3191)
     Успешно импортирован
  🔄 [235/316] Импортирую: New Balance NB 2002R (ID: 759076)...
[235/316] Импорт: New Balance NB 2002R (ID: 759076)
Батч-вставка размеров: 21 шт для product_id=278
Импортировано изображений вариантов: 105 для product_id=278
     ✅ Успешно (создано вариантов: 3212)
     Успешно импортирован
  🔄 [236/316] Импортирую: New Balance NB 2002R (ID: 759077)...
[236/316] Импорт: New Balance NB 2002R (ID: 759077)
Батч-вставка размеров: 21 шт для product_id=279
Импортировано изображений вариантов: 84 для product_id=279
     ✅ Успешно (создано вариантов: 3233)
     Успешно импортирован
  🔄 [237/316] Импортирую: New Balance NB 2002R (ID: 759078)...
[237/316] Импорт: New Balance NB 2002R (ID: 759078)
Батч-вставка размеров: 20 шт для product_id=280
Импортировано изображений вариантов: 100 для product_id=280
     ✅ Успешно (создано вариантов: 3253)
     Успешно импортирован
  🔄 [238/316] Импортирую: New Balance NB 2002R (ID: 759079)...
[238/316] Импорт: New Balance NB 2002R (ID: 759079)
Батч-вставка размеров: 24 шт для product_id=281
Импортировано изображений вариантов: 96 для product_id=281
     ✅ Успешно (создано вариантов: 3277)
     Успешно импортирован
  🔄 [239/316] Импортирую: New Balance NB 2002R (ID: 759081)...
[239/316] Импорт: New Balance NB 2002R (ID: 759081)
Батч-вставка размеров: 21 шт для product_id=282
Импортировано изображений вариантов: 105 для product_id=282
     ✅ Успешно (создано вариантов: 3298)
     Успешно импортирован
  🔄 [240/316] Импортирую: New Balance NB 2002R (ID: 759082)...
[240/316] Импорт: New Balance NB 2002R (ID: 759082)
Батч-вставка размеров: 7 шт для product_id=283
Импортировано изображений вариантов: 21 для product_id=283
     ✅ Успешно (создано вариантов: 3305)
     Успешно импортирован
  🔄 [241/316] Импортирую: New Balance 1906 (ID: 759084)...
[241/316] Импорт: New Balance 1906 (ID: 759084)
Батч-вставка размеров: 8 шт для product_id=284
Импортировано изображений вариантов: 40 для product_id=284
     ✅ Успешно (создано вариантов: 3313)
     Успешно импортирован
  🔄 [242/316] Импортирую: New Balance NB 577 Red Black (ID: 759085)...
[242/316] Импорт: New Balance NB 577 Red Black (ID: 759085)
Батч-вставка размеров: 21 шт для product_id=285
Импортировано изображений вариантов: 84 для product_id=285
     ✅ Успешно (создано вариантов: 3334)
     Успешно импортирован
  🔄 [243/316] Импортирую: New Balance NB 5740 (ID: 759086)...
[243/316] Импорт: New Balance NB 5740 (ID: 759086)
Батч-вставка размеров: 10 шт для product_id=286
Импортировано изображений вариантов: 20 для product_id=286
     ✅ Успешно (создано вариантов: 3344)
     Успешно импортирован
  🔄 [244/316] Импортирую: New Balance NB 9060 (ID: 759088)...
[244/316] Импорт: New Balance NB 9060 (ID: 759088)
Батч-вставка размеров: 21 шт для product_id=287
Импортировано изображений вариантов: 105 для product_id=287
     ✅ Успешно (создано вариантов: 3365)
     Успешно импортирован
  🔄 [245/316] Импортирую: New Balance NB 530 (ID: 759089)...
[245/316] Импорт: New Balance NB 530 (ID: 759089)
Батч-вставка размеров: 17 шт для product_id=288
Импортировано изображений вариантов: 85 для product_id=288
     ✅ Успешно (создано вариантов: 3382)
     Успешно импортирован
  🔄 [246/316] Импортирую: New Balance NB 9060 (ID: 759091)...
[246/316] Импорт: New Balance NB 9060 (ID: 759091)
Батч-вставка размеров: 20 шт для product_id=289
Импортировано изображений вариантов: 40 для product_id=289
     ✅ Успешно (создано вариантов: 3402)
     Успешно импортирован
  🔄 [247/316] Импортирую: New Balance NB 997H (ID: 759092)...
[247/316] Импорт: New Balance NB 997H (ID: 759092)
Батч-вставка размеров: 9 шт для product_id=290
Импортировано изображений вариантов: 45 для product_id=290
     ✅ Успешно (создано вариантов: 3411)
     Успешно импортирован
  🔄 [248/316] Импортирую: New Balance Minimus Trail 2E (ID: 759093)...
[248/316] Импорт: New Balance Minimus Trail 2E (ID: 759093)
Батч-вставка размеров: 9 шт для product_id=291
Импортировано изображений вариантов: 45 для product_id=291
     ✅ Успешно (создано вариантов: 3420)
     Успешно импортирован
  🔄 [249/316] Импортирую: New Balance NB 2002R (ID: 759094)...
[249/316] Импорт: New Balance NB 2002R (ID: 759094)
Батч-вставка размеров: 21 шт для product_id=292
Импортировано изображений вариантов: 63 для product_id=292
     ✅ Успешно (создано вариантов: 3441)
     Успешно импортирован
  🔄 [250/316] Импортирую: New Balance NB 2002R (ID: 759095)...
[250/316] Импорт: New Balance NB 2002R (ID: 759095)
Батч-вставка размеров: 15 шт для product_id=293
Импортировано изображений вариантов: 30 для product_id=293
     ✅ Успешно (создано вариантов: 3456)
     Успешно импортирован
  🔄 [251/316] Импортирую: New Balance NB 2002R (ID: 759096)...
[251/316] Импорт: New Balance NB 2002R (ID: 759096)
Батч-вставка размеров: 24 шт для product_id=294
Импортировано изображений вариантов: 144 для product_id=294
     ✅ Успешно (создано вариантов: 3480)
     Успешно импортирован
  🔄 [252/316] Импортирую: New Balance NB 2002R (ID: 759097)...
[252/316] Импорт: New Balance NB 2002R (ID: 759097)
Батч-вставка размеров: 8 шт для product_id=295
Импортировано изображений вариантов: 32 для product_id=295
     ✅ Успешно (создано вариантов: 3488)
     Успешно импортирован
  🔄 [253/316] Импортирую: New Balance NB 2002R (ID: 759098)...
[253/316] Импорт: New Balance NB 2002R (ID: 759098)
Батч-вставка размеров: 18 шт для product_id=296
Импортировано изображений вариантов: 72 для product_id=296
     ✅ Успешно (создано вариантов: 3506)
     Успешно импортирован
  🔄 [254/316] Импортирую: New Balance NB 2002R (ID: 759099)...
[254/316] Импорт: New Balance NB 2002R (ID: 759099)
Батч-вставка размеров: 26 шт для product_id=297
Импортировано изображений вариантов: 52 для product_id=297
     ✅ Успешно (создано вариантов: 3532)
     Успешно импортирован
  🔄 [255/316] Импортирую: New Balance NB 2002R (ID: 759100)...
[255/316] Импорт: New Balance NB 2002R (ID: 759100)
Батч-вставка размеров: 24 шт для product_id=298
Импортировано изображений вариантов: 120 для product_id=298
     ✅ Успешно (создано вариантов: 3556)
     Успешно импортирован
  🔄 [256/316] Импортирую: New Balance NB 2002R (ID: 759101)...
[256/316] Импорт: New Balance NB 2002R (ID: 759101)
Батч-вставка размеров: 23 шт для product_id=299
Импортировано изображений вариантов: 69 для product_id=299
     ✅ Успешно (создано вариантов: 3579)
     Успешно импортирован
  🔄 [257/316] Импортирую: New Balance NB 2002R (ID: 759102)...
[257/316] Импорт: New Balance NB 2002R (ID: 759102)
Батч-вставка размеров: 20 шт для product_id=300
Импортировано изображений вариантов: 100 для product_id=300
     ✅ Успешно (создано вариантов: 3599)
     Успешно импортирован
  🔄 [258/316] Импортирую: New Balance NB 2002R (ID: 759103)...
[258/316] Импорт: New Balance NB 2002R (ID: 759103)
Батч-вставка размеров: 24 шт для product_id=301
Импортировано изображений вариантов: 120 для product_id=301
     ✅ Успешно (создано вариантов: 3623)
     Успешно импортирован
  🔄 [259/316] Импортирую: New Balance NB 2002R RFA “Pastel Blue” (ID: 759104)...
[259/316] Импорт: New Balance NB 2002R RFA “Pastel Blue” (ID: 759104)
Батч-вставка размеров: 24 шт для product_id=302
Импортировано изображений вариантов: 96 для product_id=302
     ✅ Успешно (создано вариантов: 3647)
     Успешно импортирован
  🔄 [260/316] Импортирую: New Balance NB 2002R (ID: 759105)...
[260/316] Импорт: New Balance NB 2002R (ID: 759105)
Батч-вставка размеров: 24 шт для product_id=303
Импортировано изображений вариантов: 96 для product_id=303
     ✅ Успешно (создано вариантов: 3671)
     Успешно импортирован
  🔄 [261/316] Импортирую: New Balance NB 597 (ID: 759107)...
[261/316] Импорт: New Balance NB 597 (ID: 759107)
Батч-вставка размеров: 20 шт для product_id=304
Импортировано изображений вариантов: 40 для product_id=304
     ✅ Успешно (создано вариантов: 3691)
     Успешно импортирован
  🔄 [262/316] Импортирую:  New Balance NB 1906R (ID: 759111)...
[262/316] Импорт:  New Balance NB 1906R (ID: 759111)
Батч-вставка размеров: 13 шт для product_id=305
Импортировано изображений вариантов: 78 для product_id=305
     ✅ Успешно (создано вариантов: 3704)
     Успешно импортирован
  🔄 [263/316] Импортирую: New Balance NB 1906R (ID: 759113)...
[263/316] Импорт: New Balance NB 1906R (ID: 759113)
Батч-вставка размеров: 20 шт для product_id=306
Импортировано изображений вариантов: 100 для product_id=306
     ✅ Успешно (создано вариантов: 3724)
     Успешно импортирован
  🔄 [264/316] Импортирую: New Balance NB 1906R (ID: 759114)...
[264/316] Импорт: New Balance NB 1906R (ID: 759114)
Батч-вставка размеров: 20 шт для product_id=307
Импортировано изображений вариантов: 40 для product_id=307
     ✅ Успешно (создано вариантов: 3744)
     Успешно импортирован
  🔄 [265/316] Импортирую: New Balance NB 1906R (ID: 759115)...
[265/316] Импорт: New Balance NB 1906R (ID: 759115)
Батч-вставка размеров: 23 шт для product_id=308
Импортировано изображений вариантов: 46 для product_id=308
     ✅ Успешно (создано вариантов: 3767)
     Успешно импортирован
  🔄 [266/316] Импортирую: New Balance NB 1906R (ID: 759117)...
[266/316] Импорт: New Balance NB 1906R (ID: 759117)
Батч-вставка размеров: 23 шт для product_id=309
Импортировано изображений вариантов: 92 для product_id=309
     ✅ Успешно (создано вариантов: 3790)
     Успешно импортирован
  🔄 [267/316] Импортирую: New Balance 574 "Outdoor Pack" (ID: 759236)...
[267/316] Импорт: New Balance 574 "Outdoor Pack" (ID: 759236)
Батч-вставка размеров: 7 шт для product_id=310
Импортировано изображений вариантов: 28 для product_id=310
     ✅ Успешно (создано вариантов: 3797)
     Успешно импортирован
  🔄 [268/316] Импортирую: New Balance 574 (ID: 759237)...
[268/316] Импорт: New Balance 574 (ID: 759237)
Батч-вставка размеров: 27 шт для product_id=311
Импортировано изображений вариантов: 108 для product_id=311
     ✅ Успешно (создано вариантов: 3824)
     Успешно импортирован
  🔄 [269/316] Импортирую: New Balance NB 574 (ID: 759238)...
[269/316] Импорт: New Balance NB 574 (ID: 759238)
Батч-вставка размеров: 19 шт для product_id=312
Импортировано изображений вариантов: 95 для product_id=312
     ✅ Успешно (создано вариантов: 3843)
     Успешно импортирован
  🔄 [270/316] Импортирую: New Balance NB 574+ (ID: 759239)...
[270/316] Импорт: New Balance NB 574+ (ID: 759239)
Батч-вставка размеров: 13 шт для product_id=313
Импортировано изображений вариантов: 65 для product_id=313
     ✅ Успешно (создано вариантов: 3856)
     Успешно импортирован
  🔄 [271/316] Импортирую: New Balance 574 Fresh Foam Leather (ID: 759240)...
[271/316] Импорт: New Balance 574 Fresh Foam Leather (ID: 759240)
Батч-вставка размеров: 8 шт для product_id=314
Импортировано изображений вариантов: 32 для product_id=314
     ✅ Успешно (создано вариантов: 3864)
     Успешно импортирован
  🔄 [272/316] Импортирую: New Balance NB 574 (ID: 759242)...
[272/316] Импорт: New Balance NB 574 (ID: 759242)
Батч-вставка размеров: 20 шт для product_id=315
Импортировано изображений вариантов: 100 для product_id=315
     ✅ Успешно (создано вариантов: 3884)
     Успешно импортирован
  🔄 [273/316] Импортирую: New Balance NB 574 (ID: 759243)...
[273/316] Импорт: New Balance NB 574 (ID: 759243)
Батч-вставка размеров: 21 шт для product_id=316
Импортировано изображений вариантов: 189 для product_id=316
     ✅ Успешно (создано вариантов: 3905)
     Успешно импортирован
  🔄 [274/316] Импортирую: New Balance NB 574 (ID: 759244)...
[274/316] Импорт: New Balance NB 574 (ID: 759244)
Батч-вставка размеров: 21 шт для product_id=317
Импортировано изображений вариантов: 126 для product_id=317
     ✅ Успешно (создано вариантов: 3926)
     Успешно импортирован
  🔄 [275/316] Импортирую: New Balance NB 574 (ID: 759245)...
[275/316] Импорт: New Balance NB 574 (ID: 759245)
Батч-вставка размеров: 20 шт для product_id=318
Импортировано изображений вариантов: 100 для product_id=318
     ✅ Успешно (создано вариантов: 3946)
     Успешно импортирован
  🔄 [276/316] Импортирую: New Balance NB 574 (ID: 759246)...
[276/316] Импорт: New Balance NB 574 (ID: 759246)
Батч-вставка размеров: 14 шт для product_id=319
Импортировано изображений вариантов: 84 для product_id=319
     ✅ Успешно (создано вариантов: 3960)
     Успешно импортирован
  🔄 [277/316] Импортирую: New Balance NB 574 (ID: 759248)...
[277/316] Импорт: New Balance NB 574 (ID: 759248)
Батч-вставка размеров: 18 шт для product_id=320
Импортировано изображений вариантов: 54 для product_id=320
     ✅ Успешно (создано вариантов: 3978)
     Успешно импортирован
  🔄 [278/316] Импортирую: New Balance NB 574 (ID: 759250)...
[278/316] Импорт: New Balance NB 574 (ID: 759250)
Батч-вставка размеров: 20 шт для product_id=321
Импортировано изображений вариантов: 120 для product_id=321
     ✅ Успешно (создано вариантов: 3998)
     Успешно импортирован
  🔄 [279/316] Импортирую: New Balance NB 574 (ID: 759251)...
[279/316] Импорт: New Balance NB 574 (ID: 759251)
Батч-вставка размеров: 8 шт для product_id=322
Импортировано изображений вариантов: 40 для product_id=322
     ✅ Успешно (создано вариантов: 4006)
     Успешно импортирован
  🔄 [280/316] Импортирую: New Balance 574 (ID: 759253)...
[280/316] Импорт: New Balance 574 (ID: 759253)
Батч-вставка размеров: 9 шт для product_id=323
Импортировано изображений вариантов: 45 для product_id=323
     ✅ Успешно (создано вариантов: 4015)
     Успешно импортирован
  🔄 [281/316] Импортирую: New Balance NB 550 “Foot Locker 50 ” (ID: 759254)...
[281/316] Импорт: New Balance NB 550 “Foot Locker 50 ” (ID: 759254)
Батч-вставка размеров: 11 шт для product_id=324
Импортировано изображений вариантов: 55 для product_id=324
     ✅ Успешно (создано вариантов: 4026)
     Успешно импортирован
  🔄 [282/316] Импортирую: New Balance NB 1906R (ID: 759350)...
[282/316] Импорт: New Balance NB 1906R (ID: 759350)
Батч-вставка размеров: 24 шт для product_id=325
Импортировано изображений вариантов: 120 для product_id=325
     ✅ Успешно (создано вариантов: 4050)
     Успешно импортирован
  🔄 [283/316] Импортирую: New Balance NB 1906R (ID: 759351)...
[283/316] Импорт: New Balance NB 1906R (ID: 759351)
Батч-вставка размеров: 18 шт для product_id=326
Импортировано изображений вариантов: 90 для product_id=326
     ✅ Успешно (создано вариантов: 4068)
     Успешно импортирован
  🔄 [284/316] Импортирую: New Balance NB 1906R (ID: 759352)...
[284/316] Импорт: New Balance NB 1906R (ID: 759352)
Батч-вставка размеров: 23 шт для product_id=327
Импортировано изображений вариантов: 138 для product_id=327
     ✅ Успешно (создано вариантов: 4091)
     Успешно импортирован
  🔄 [285/316] Импортирую: New Balance NB 1906R (ID: 759353)...
[285/316] Импорт: New Balance NB 1906R (ID: 759353)
Батч-вставка размеров: 22 шт для product_id=328
Импортировано изображений вариантов: 44 для product_id=328
     ✅ Успешно (создано вариантов: 4113)
     Успешно импортирован
  🔄 [286/316] Импортирую: New Balance NB 1906R (ID: 759354)...
[286/316] Импорт: New Balance NB 1906R (ID: 759354)
Батч-вставка размеров: 20 шт для product_id=329
Импортировано изображений вариантов: 100 для product_id=329
     ✅ Успешно (создано вариантов: 4133)
     Успешно импортирован
  🔄 [287/316] Импортирую: New Balance NB 1906R (ID: 759355)...
[287/316] Импорт: New Balance NB 1906R (ID: 759355)
Батч-вставка размеров: 5 шт для product_id=330
Импортировано изображений вариантов: 30 для product_id=330
     ✅ Успешно (создано вариантов: 4138)
     Успешно импортирован
  🔄 [288/316] Импортирую: Tyrese Maxey x New Balance NB 1906R (ID: 759356)...
[288/316] Импорт: Tyrese Maxey x New Balance NB 1906R (ID: 759356)
Батч-вставка размеров: 20 шт для product_id=331
Импортировано изображений вариантов: 120 для product_id=331
     ✅ Успешно (создано вариантов: 4158)
     Успешно импортирован
  🔄 [289/316] Импортирую: New Balance NB 1906R (ID: 759357)...
[289/316] Импорт: New Balance NB 1906R (ID: 759357)
Батч-вставка размеров: 18 шт для product_id=332
Импортировано изображений вариантов: 108 для product_id=332
     ✅ Успешно (создано вариантов: 4176)
     Успешно импортирован
  🔄 [290/316] Импортирую: New Balance NB 1906R (ID: 759358)...
[290/316] Импорт: New Balance NB 1906R (ID: 759358)
Батч-вставка размеров: 22 шт для product_id=333
Импортировано изображений вариантов: 66 для product_id=333
     ✅ Успешно (создано вариантов: 4198)
     Успешно импортирован
  🔄 [291/316] Импортирую: New Balance NB 1906R (ID: 759359)...
[291/316] Импорт: New Balance NB 1906R (ID: 759359)
Батч-вставка размеров: 24 шт для product_id=334
Импортировано изображений вариантов: 72 для product_id=334
     ✅ Успешно (создано вариантов: 4222)
     Успешно импортирован
  🔄 [292/316] Импортирую: New Balance NB 9060 (ID: 759360)...
[292/316] Импорт: New Balance NB 9060 (ID: 759360)
Батч-вставка размеров: 24 шт для product_id=335
Импортировано изображений вариантов: 96 для product_id=335
     ✅ Успешно (создано вариантов: 4246)
     Успешно импортирован
  🔄 [293/316] Импортирую: New Balance NB 9060 (ID: 759361)...
[293/316] Импорт: New Balance NB 9060 (ID: 759361)
     ✅ Успешно (создано вариантов: 4268)
     Успешно импортирован
  🔄 [294/316] Импортирую: New Balance NB 9060 (ID: 759363)...
[294/316] Импорт: New Balance NB 9060 (ID: 759363)
Батч-вставка размеров: 16 шт для product_id=337
Импортировано изображений вариантов: 64 для product_id=337
     ✅ Успешно (создано вариантов: 4284)
     Успешно импортирован
  🔄 [295/316] Импортирую: New Balance NB 9060 (ID: 759364)...
[295/316] Импорт: New Balance NB 9060 (ID: 759364)
Батч-вставка размеров: 23 шт для product_id=338
Импортировано изображений вариантов: 69 для product_id=338
     ✅ Успешно (создано вариантов: 4307)
     Успешно импортирован
  🔄 [296/316] Импортирую: New Balance NB 9060 (ID: 759365)...
[296/316] Импорт: New Balance NB 9060 (ID: 759365)
Батч-вставка размеров: 24 шт для product_id=339
Импортировано изображений вариантов: 96 для product_id=339
     ✅ Успешно (создано вариантов: 4331)
     Успешно импортирован
  🔄 [297/316] Импортирую: New Balance NB 574 "Picnic Pack" (ID: 759427)...
[297/316] Импорт: New Balance NB 574 "Picnic Pack" (ID: 759427)
Батч-вставка размеров: 9 шт для product_id=340
Импортировано изображений вариантов: 36 для product_id=340
     ✅ Успешно (создано вариантов: 4340)
     Успешно импортирован
  🔄 [298/316] Импортирую: New Balance NB 840 (ID: 759439)...
[298/316] Импорт: New Balance NB 840 (ID: 759439)
Батч-вставка размеров: 7 шт для product_id=341
Импортировано изображений вариантов: 28 для product_id=341
     ✅ Успешно (создано вариантов: 4347)
     Успешно импортирован
  🔄 [299/316] Импортирую: Kim Dohee x New Balance NB 509 (ID: 759466)...
[299/316] Импорт: Kim Dohee x New Balance NB 509 (ID: 759466)
Батч-вставка размеров: 18 шт для product_id=342
Импортировано изображений вариантов: 90 для product_id=342
     ✅ Успешно (создано вариантов: 4365)
     Успешно импортирован
  🔄 [300/316] Импортирую: New Balance NB 1300 JP 2025 (ID: 759485)...
[300/316] Импорт: New Balance NB 1300 JP 2025 (ID: 759485)
Батч-вставка размеров: 18 шт для product_id=343
Импортировано изображений вариантов: 90 для product_id=343
     ✅ Успешно (создано вариантов: 4383)
     Успешно импортирован
  🔄 [301/316] Импортирую: New Balance NB 996 (ID: 759578)...
[301/316] Импорт: New Balance NB 996 (ID: 759578)
Батч-вставка размеров: 20 шт для product_id=344
Импортировано изображений вариантов: 120 для product_id=344
     ✅ Успешно (создано вариантов: 4403)
     Успешно импортирован
  🔄 [302/316] Импортирую: New Balance NB OMN1S Return Of The Fun Guy (ID: 759590)...
[302/316] Импорт: New Balance NB OMN1S Return Of The Fun Guy (ID: 759590)
Батч-вставка размеров: 13 шт для product_id=345
Импортировано изображений вариантов: 52 для product_id=345
     ✅ Успешно (создано вариантов: 4416)
     Успешно импортирован
  🔄 [303/316] Импортирую: New Balance NB 996 Logo (ID: 759649)...
[303/316] Импорт: New Balance NB 996 Logo (ID: 759649)
Батч-вставка размеров: 11 шт для product_id=346
Импортировано изображений вариантов: 44 для product_id=346
     ✅ Успешно (создано вариантов: 4427)
     Успешно импортирован
  🔄 [304/316] Импортирую: New Balance NB 480 (ID: 759666)...
[304/316] Импорт: New Balance NB 480 (ID: 759666)
Батч-вставка размеров: 17 шт для product_id=347
Импортировано изображений вариантов: 68 для product_id=347
     ✅ Успешно (создано вариантов: 4444)
     Успешно импортирован
  🔄 [305/316] Импортирую: New Balance NB 730 (ID: 759670)...
[305/316] Импорт: New Balance NB 730 (ID: 759670)
Батч-вставка размеров: 20 шт для product_id=348
Импортировано изображений вариантов: 120 для product_id=348
     ✅ Успешно (создано вариантов: 4464)
     Успешно импортирован
  🔄 [306/316] Импортирую: New Balance NB 576 "Reptile" (ID: 759697)...
[306/316] Импорт: New Balance NB 576 "Reptile" (ID: 759697)
Батч-вставка размеров: 13 шт для product_id=349
Импортировано изображений вариантов: 65 для product_id=349
     ✅ Успешно (создано вариантов: 4477)
     Успешно импортирован
  🔄 [307/316] Импортирую: New Balance NB 515 v3 (ID: 759700)...
[307/316] Импорт: New Balance NB 515 v3 (ID: 759700)
Батч-вставка размеров: 9 шт для product_id=350
Импортировано изображений вариантов: 36 для product_id=350
     ✅ Успешно (создано вариантов: 4486)
     Успешно импортирован
  🔄 [308/316] Импортирую:  niko and ... x New Balance NB 725 (ID: 759717)...
[308/316] Импорт:  niko and ... x New Balance NB 725 (ID: 759717)
Батч-вставка размеров: 14 шт для product_id=351
Импортировано изображений вариантов: 126 для product_id=351
     ✅ Успешно (создано вариантов: 4500)
     Успешно импортирован
  🔄 [309/316] Импортирую: New Balance NB 5740 (ID: 759732)...
[309/316] Импорт: New Balance NB 5740 (ID: 759732)
Батч-вставка размеров: 12 шт для product_id=352
Импортировано изображений вариантов: 48 для product_id=352
     ✅ Успешно (создано вариантов: 4512)
     Успешно импортирован
  🔄 [310/316] Импортирую: New Balance Sigma Aria (ID: 759736)...
[310/316] Импорт: New Balance Sigma Aria (ID: 759736)
Батч-вставка размеров: 10 шт для product_id=353
Импортировано изображений вариантов: 40 для product_id=353
     ✅ Успешно (создано вариантов: 4522)
     Успешно импортирован
  🔄 [311/316] Импортирую: Andrew Reynolds x New Balance NB Numeric 933 (ID: 759747)...
[311/316] Импорт: Andrew Reynolds x New Balance NB Numeric 933 (ID: 759747)
Батч-вставка размеров: 23 шт для product_id=354
Импортировано изображений вариантов: 138 для product_id=354
     ✅ Успешно (создано вариантов: 4545)
     Успешно импортирован
  🔄 [312/316] Импортирую: New Balance NB 840 (ID: 759791)...
[312/316] Импорт: New Balance NB 840 (ID: 759791)
Батч-вставка размеров: 13 шт для product_id=355
Импортировано изображений вариантов: 78 для product_id=355
     ✅ Успешно (создано вариантов: 4558)
     Успешно импортирован
  🔄 [313/316] Импортирую: District Vision x New Balance MT10 Cloud (ID: 759829)...
[313/316] Импорт: District Vision x New Balance MT10 Cloud (ID: 759829)
Батч-вставка размеров: 24 шт для product_id=356
Импортировано изображений вариантов: 144 для product_id=356
     ✅ Успешно (создано вариантов: 4582)
     Успешно импортирован
  🔄 [314/316] Импортирую: New Balance NB 247 Breathe (ID: 759850)...
[314/316] Импорт: New Balance NB 247 Breathe (ID: 759850)
Батч-вставка размеров: 18 шт для product_id=357
Импортировано изображений вариантов: 72 для product_id=357
     ✅ Успешно (создано вариантов: 4600)
     Успешно импортирован
  🔄 [315/316] Импортирую: New Balance NB 373 (ID: 809603)...
[315/316] Импорт: New Balance NB 373 (ID: 809603)
Батч-вставка размеров: 13 шт для product_id=358
Импортировано изображений вариантов: 65 для product_id=358
     ✅ Успешно (создано вариантов: 4613)
     Успешно импортирован
  🔄 [316/316] Импортирую: New Balance NB 707 (ID: 809604)...
[316/316] Импорт: New Balance NB 707 (ID: 809604)
Батч-вставка размеров: 9 шт для product_id=359
Импортировано изображений вариантов: 45 для product_id=359
     ✅ Успешно (создано вариантов: 4622)
     Успешно импортирован

╔══════════════════════════════════════════════════════╗
║  📊 СТАТИСТИКА ИМПОРТА                              ║
╚══════════════════════════════════════════════════════╝

✅ Категорий создано:        0
✅ Брендов создано:          0
✅ Товаров создано:          316
✅ Товаров обновлено:        0
✅ Вариантов создано:        4622
✅ Изображений создано:      1524

⚠️  Ошибок:                  7

╔══════════════════════════════════════════════════════╗
║  ⚠️  ДЕТАЛИ ОШИБОК                                  ║
╚══════════════════════════════════════════════════════╝


[1] New Balance Numeric Tiago Lemos 808 (ID: 701506)
    Ошибка сохранения товара: vendor_code: Товар с таким артикулом уже существует у данного бренда

[2]  New Balance NB 410 (ID: 757436)
    Ошибка сохранения товара: vendor_code: Товар с таким артикулом уже существует у данного бренда

[3]  New Balance NB 530 Y2K D (ID: 758906)
    Ошибка сохранения товара: vendor_code: Товар с таким артикулом уже существует у данного бренда

[4]  New Balance NB 530 (ID: 758912)
    Ошибка сохранения товара: vendor_code: Товар с таким артикулом уже существует у данного бренда

[5]  New Balance NB 530 (ID: 758913)
    Ошибка сохранения товара: vendor_code: Товар с таким артикулом уже существует у данного бренда

[6]  New Balance NB 530 (ID: 758914)
    Ошибка сохранения товара: vendor_code: Товар с таким артикулом уже существует у данного бренда

[7]  New Balance NB 530 811 D (ID: 758965)
    Ошибка сохранения товара: vendor_code: Товар с таким артикулом уже существует у данного бренда

💾 Полный лог ошибок: /Users/user/CascadeProjects/splitwise/runtime/logs/poizon-import-2025-11-08_18-42-14.log

🎉 Импорт завершен!
Лог сохранен: /Users/user/CascadeProjects/splitwise/runtime/logs/poizon-import-2025-11-08_18-42-14.log

🎉 Импорт завершен!
💾 Детальный лог ошибок: /Users/user/CascadeProjects/splitwise/runtime/logs/poizon-import-2025-11-08_18-42-14.log
📊 Дашборд: /admin/poizon-import
🔍 Просмотр батча: /admin/poizon-view?id=11

